CATJACK	100BALANCE	0.58
CATJACK	ANTLERKING	0.58
CATJACK	APEXGEAR	0.51
CATJACK	ARIAT	0.57
CATJACK	ARMORALL	0.51
CATJACK	3C4GTHREECHEERSFORGIRLS	0.52
CATJACK	CAMPLUXENJOYOUTDOORLIFE	0.62
CATJACK	CAROLINAFACTORYDIRECT	0.64
CATJACK	CHAMPIONPOWEREQUIPMENT	0.51
CATJACK	CHAMPION	0.56
CATJACK	CHANNELLOCK	0.68
CATJACK	CLCWORKGEAR	0.61
CATJACK	COCONUTCASTLES	0.54
CATJACK	DOGTRA	0.54
CATJACK	BILJAC	0.64
CATJACK	BLACKCANYONOUTFITTERS	0.52
CATJACK	ITASCA	0.58
CATJACK	LAMBERTKAY	0.57
CATJACK	MAKITA	0.64
CATJACK	CERAKOTE	0.64
CATJACK	ACANA	0.57
CATJACK	AGRIFAB	0.52
CATJACK	AGRILABS	0.51
CATJACK	AGROSCI	0.52
CATJACK	AURORA	0.54
CATJACK	ADVANCEDWORKPRODUCTS	0.51
CATJACK	BARNESPAPERCOMPANY	0.53
CATJACK	COLEMANPOWERSPORTS	0.52
CATJACK	COLUMBIASPORTSWEAR	0.52
CATJACK	DCCARGO	0.52
CATJACK	FAULTLESS	0.50
CATJACK	PETSAFE	0.52
ZINUS	OLISTR	0.58
ZINUS	100BLACKOUTSHIELD	0.51
ZINUS	AMERICANHUNTER	0.60
ZINUS	ANILOGICSOUTDOORS	0.51
ZINUS	COCONUTCASTLES	0.60
ZINUS	DIAMONDPETFOODS	0.51
ZINUS	PURINA	0.53
ZINUS	HOLISTICSELECT	0.51
ZINUS	IAMS	0.63
ZINUS	ITASCA	0.58
ZINUS	FISKARS	0.56
ZINUS	FRISKIES	0.55
ZINUS	GREENSMARTDEKOR	0.51
ZINUS	HOPKINSTOWINGSOLUTIONS	0.58
ZINUS	AGRILABS	0.55
ZINUS	AMERICANFARMWORKS	0.51
ZINUS	AMERICANEXCELSIORCOMPANY	0.58
ZINUS	AMERICANGROUNDSCREW	0.59
ZINUS	BARNESPAPERCOMPANY	0.50
ZINUS	COLEMANPOWERSPORTS	0.50
ZINUS	DICKIES	0.56
ZINUS	DINGO	0.60
ZINUS	FAULTLESS	0.54
ZINUS	FIELDTUFF	0.54
ZINUS	INFINITYHEADWEAR	0.51
ZINUS	ZYMOX	0.52
ZINUS	ZYLINA	0.73
AMAZONBASICS	100BALANCE	0.54
AMAZONBASICS	AMERICANHUNTER	0.63
AMAZONBASICS	ANCASTERFOODEQUIPMENT	0.57
AMAZONBASICS	ANILOGICSOUTDOORS	0.59
AMAZONBASICS	ANTLERKING	0.57
AMAZONBASICS	APEXGEAR	0.52
AMAZONBASICS	ARIAT	0.57
AMAZONBASICS	ARMORALL	0.57
AMAZONBASICS	CAROLINAFACTORYDIRECT	0.57
AMAZONBASICS	CHAMPION	0.58
AMAZONBASICS	COCONUTCASTLES	0.50
AMAZONBASICS	DIAMONDPETFOODS	0.58
AMAZONBASICS	4X4NORTHAMERICA	0.52
AMAZONBASICS	BLACKCANYONOUTFITTERS	0.56
AMAZONBASICS	HOLISTICSELECT	0.52
AMAZONBASICS	IAMS	0.67
AMAZONBASICS	LAMBERTKAY	0.58
AMAZONBASICS	BERNZOMATIC	0.62
AMAZONBASICS	BOGS	0.56
AMAZONBASICS	FRISKIES	0.54
AMAZONBASICS	FRONTLINE	0.53
AMAZONBASICS	ACANA	0.74
AMAZONBASICS	AGRIFAB	0.60
AMAZONBASICS	AGRILABS	0.65
AMAZONBASICS	AGROSCI	0.68
AMAZONBASICS	ALLFENZ	0.50
AMAZONBASICS	ALLIEDPRECISIONINDUSTRIES	0.57
AMAZONBASICS	ALLSEASONSFEEDERS	0.53
AMAZONBASICS	AMERICANFARMWORKS	0.70
AMAZONBASICS	AMERICANEXCELSIORCOMPANY	0.63
AMAZONBASICS	AMERICANGROUNDSCREW	0.66
AMAZONBASICS	APOLLOSMART	0.53
AMAZONBASICS	AURORA	0.52
AMAZONBASICS	ADVANCEDWORKPRODUCTS	0.57
AMAZONBASICS	BARNESPAPERCOMPANY	0.56
AMAZONBASICS	BOSS	0.56
AMAZONBASICS	BRAZOS	0.67
AMAZONBASICS	COLEMANPOWERSPORTS	0.56
AMAZONBASICS	COLUMBIASPORTSWEAR	0.54
AMAZONBASICS	FAULTLESS	0.53
AMAZONBASICS	MASSIMO	0.54
AMAZONBASICS	TEMPO	0.52
AMAZONBASICS	ZYMOX	0.51
THRESHOLD	ANCASTERFOODEQUIPMENT	0.57
THRESHOLD	ANTLERKING	0.53
THRESHOLD	ARMORALL	0.57
THRESHOLD	3C4GTHREECHEERSFORGIRLS	0.65
THRESHOLD	CAROLINAFACTORYDIRECT	0.54
THRESHOLD	CHANNELLOCK	0.52
THRESHOLD	DOGTRA	0.52
THRESHOLD	GIRAFFETOOLS	0.59
THRESHOLD	HOLISTICSELECT	0.56
THRESHOLD	ITASCA	0.52
THRESHOLD	DEWALT	0.52
THRESHOLD	DREMEL	0.61
THRESHOLD	GORILLA	0.50
THRESHOLD	GREENSMARTDEKOR	0.57
THRESHOLD	HORSEMENSPRIDE	0.62
THRESHOLD	509CREW	0.50
THRESHOLD	ALLSEASONSFEEDERS	0.52
THRESHOLD	AURORA	0.52
THRESHOLD	BARNESPAPERCOMPANY	0.56
THRESHOLD	BRADLEYSMOKER	0.57
THRESHOLD	DCCARGO	0.50
THRESHOLD	DICKIES	0.50
THRESHOLD	GREENWORKS	0.54
THRESHOLD	HILLSSCIENCEDIET	0.56
THRESHOLD	INFINITYHEADWEAR	0.56
THRESHOLD	MASSIMO	0.50
THRESHOLD	TEMPO	0.68
HOMEDICS	AMERICANHUNTER	0.60
HOMEDICS	CHAMPIONPOWEREQUIPMENT	0.54
HOMEDICS	CHAMPION	0.58
HOMEDICS	CHANNELLOCK	0.55
HOMEDICS	HOLISTICSELECT	0.71
HOMEDICS	MAKITA	0.53
HOMEDICS	BERNZOMATIC	0.59
HOMEDICS	GORILLA	0.51
HOMEDICS	HOPKINSTOWINGSOLUTIONS	0.65
HOMEDICS	HORSEMENSPRIDE	0.71
HOMEDICS	AGROSCI	0.61
HOMEDICS	ALLIEDPRECISIONINDUSTRIES	0.51
HOMEDICS	AMERICANFARMWORKS	0.58
HOMEDICS	AMERICANEXCELSIORCOMPANY	0.61
HOMEDICS	AMERICANGROUNDSCREW	0.63
HOMEDICS	HIGHTECHPET	0.58
HOMEDICS	BRAZOS	0.53
HOMEDICS	COLEMANPOWERSPORTS	0.53
HOMEDICS	COLUMBIASPORTSWEAR	0.50
HOMEDICS	FEITELECTRIC	0.54
HOMEDICS	HILLMAN	0.56
HOMEDICS	HILLSSCIENCEDIET	0.59
HOMEDICS	MASSIMO	0.51
HOMEDICS	TEMPO	0.55
HOMEDICS	YETI	0.58
WONDERSHOP	ANCASTERFOODEQUIPMENT	0.58
WONDERSHOP	ANTLERKING	0.53
WONDERSHOP	CHAMPIONPOWEREQUIPMENT	0.55
WONDERSHOP	CHANNELLOCK	0.52
WONDERSHOP	CLCWORKGEAR	0.50
WONDERSHOP	BESTFRIENDSBYSHERI	0.51
WONDERSHOP	BOGS	0.57
WONDERSHOP	GERBER	0.51
WONDERSHOP	GREENSMARTDEKOR	0.54
WONDERSHOP	HOPKINSTOWINGSOLUTIONS	0.55
WONDERSHOP	HORSEMENSPRIDE	0.57
WONDERSHOP	AMERICANEXCELSIORCOMPANY	0.53
WONDERSHOP	APOLLOSMART	0.50
WONDERSHOP	ADVANCEDWORKPRODUCTS	0.59
WONDERSHOP	BARNESPAPERCOMPANY	0.51
WONDERSHOP	BOSS	0.57
WONDERSHOP	BRADLEYSMOKER	0.53
WONDERSHOP	COLEMANPOWERSPORTS	0.55
WONDERSHOP	DCCARGO	0.58
WONDERSHOP	DEEZEE	0.51
WONDERSHOP	DICKIES	0.58
WONDERSHOP	DINGO	0.52
WONDERSHOP	GREENWORKS	0.53
WONDERSHOP	STANLEYMUFFLERCOMPANY	0.52
WILDFABLE	ARIAT	0.54
WILDFABLE	COCONUTCASTLES	0.52
WILDFABLE	PURINA	0.52
WILDFABLE	DOGTRA	0.52
WILDFABLE	BILJAC	0.61
WILDFABLE	BLACKDECKER	0.52
WILDFABLE	GIRAFFETOOLS	0.52
WILDFABLE	ITASCA	0.52
WILDFABLE	LAMBERTKAY	0.61
WILDFABLE	MAKITA	0.52
WILDFABLE	BLUEBUFFALO	0.57
WILDFABLE	DEWALT	0.54
WILDFABLE	FISKARS	0.50
WILDFABLE	GORILLA	0.59
WILDFABLE	AGRIFAB	0.67
WILDFABLE	AGRILABS	0.65
WILDFABLE	ALLFENZ	0.50
WILDFABLE	BADBOY	0.52
WILDFABLE	BRADLEYSMOKER	0.50
WILDFABLE	DCCARGO	0.50
WILDFABLE	DEEZEE	0.52
WILDFABLE	FAULTLESS	0.56
WILDFABLE	FIELDTUFF	0.63
WILDFABLE	HILLMAN	0.59
WILDFABLE	HILLSSCIENCEDIET	0.56
ROOMESSENTIALS	AMERICANHUNTER	0.55
ROOMESSENTIALS	ANCASTERFOODEQUIPMENT	0.56
ROOMESSENTIALS	ANILOGICSOUTDOORS	0.52
ROOMESSENTIALS	APEXGEAR	0.53
ROOMESSENTIALS	ARIAT	0.51
ROOMESSENTIALS	ARMORALL	0.59
ROOMESSENTIALS	3C4GTHREECHEERSFORGIRLS	0.56
ROOMESSENTIALS	CAMPLUXENJOYOUTDOORLIFE	0.55
ROOMESSENTIALS	CAROLINAFACTORYDIRECT	0.52
ROOMESSENTIALS	COCONUTCASTLES	0.65
ROOMESSENTIALS	PURINA	0.57
ROOMESSENTIALS	DOGTRA	0.53
ROOMESSENTIALS	DOVETAILWORKWEAR	0.54
ROOMESSENTIALS	4X4NORTHAMERICA	0.56
ROOMESSENTIALS	GERSONINTERNATIONAL	0.63
ROOMESSENTIALS	GIRAFFETOOLS	0.50
ROOMESSENTIALS	HOLISTICSELECT	0.57
ROOMESSENTIALS	IAMS	0.55
ROOMESSENTIALS	IRWIN	0.51
ROOMESSENTIALS	LAMBERTKAY	0.52
ROOMESSENTIALS	MAKITA	0.57
ROOMESSENTIALS	BERNZOMATIC	0.60
ROOMESSENTIALS	BESTFRIENDSBYSHERI	0.57
ROOMESSENTIALS	BESTNEST	0.62
ROOMESSENTIALS	BOGS	0.55
ROOMESSENTIALS	DREMEL	0.57
ROOMESSENTIALS	FRISKIES	0.53
ROOMESSENTIALS	FRONTLINE	0.59
ROOMESSENTIALS	GREENSMARTDEKOR	0.58
ROOMESSENTIALS	HOPKINSTOWINGSOLUTIONS	0.59
ROOMESSENTIALS	HORSEMENSPRIDE	0.63
ROOMESSENTIALS	AGROSCI	0.62
ROOMESSENTIALS	ALLIEDPRECISIONINDUSTRIES	0.58
ROOMESSENTIALS	ALLSEASONSFEEDERS	0.58
ROOMESSENTIALS	AMERICANEXCELSIORCOMPANY	0.56
ROOMESSENTIALS	AMERICANGROUNDSCREW	0.52
ROOMESSENTIALS	APOLLOSMART	0.55
ROOMESSENTIALS	AURORA	0.57
ROOMESSENTIALS	BOSS	0.65
ROOMESSENTIALS	BRAZOS	0.57
ROOMESSENTIALS	COLEMANPOWERSPORTS	0.64
ROOMESSENTIALS	COLUMBIASPORTSWEAR	0.60
ROOMESSENTIALS	DESPERATEENTERPRISES	0.57
ROOMESSENTIALS	GREENWORKS	0.57
ROOMESSENTIALS	HILLSSCIENCEDIET	0.55
ROOMESSENTIALS	LEE	0.60
ROOMESSENTIALS	MASSIMO	0.56
ROOMESSENTIALS	PLASTICDEVELOPMENTGROUP	0.51
ROOMESSENTIALS	PETSAFE	0.55
GRACO	ANCASTERFOODEQUIPMENT	0.54
GRACO	ANILOGICSOUTDOORS	0.51
GRACO	ARIAT	0.60
GRACO	ARMORALL	0.55
GRACO	CAROLINAFACTORYDIRECT	0.58
GRACO	CHAMPION	0.55
GRACO	CHANNELLOCK	0.51
GRACO	DIAMONDPETFOODS	0.51
GRACO	BILJAC	0.58
GRACO	BLACKDECKER	0.53
GRACO	BLACKCANYONOUTFITTERS	0.58
GRACO	GERSONINTERNATIONAL	0.63
GRACO	GIRAFFETOOLS	0.74
GRACO	ITASCA	0.58
GRACO	BERNZOMATIC	0.53
GRACO	CERAKOTE	0.64
GRACO	FRONTLINE	0.54
GRACO	GERBER	0.62
GRACO	GORILLA	0.61
GRACO	GREENSMARTDEKOR	0.68
GRACO	AGRIFAB	0.51
GRACO	AGROSCI	0.74
GRACO	ALLIEDPRECISIONINDUSTRIES	0.57
GRACO	ALLSEASONSFEEDERS	0.51
GRACO	AMERICANEXCELSIORCOMPANY	0.57
GRACO	AMERICANGROUNDSCREW	0.65
GRACO	APOLLOSMART	0.53
GRACO	AURORA	0.59
GRACO	BADBOY	0.58
GRACO	BARNESPAPERCOMPANY	0.59
GRACO	BRADLEYSMOKER	0.61
GRACO	HIGHTECHPET	0.53
GRACO	BRAZOS	0.70
GRACO	DCCARGO	0.57
GRACO	GREENWORKS	0.71
GRACO	MASSIMO	0.56
GRACO	PLASTICDEVELOPMENTGROUP	0.58
BLACKRIFLECOFFEECOMPANY	AMERICANHUNTER	0.51
BLACKRIFLECOFFEECOMPANY	ANCASTERFOODEQUIPMENT	0.65
BLACKRIFLECOFFEECOMPANY	ARIAT	0.58
BLACKRIFLECOFFEECOMPANY	CAROLINAFACTORYDIRECT	0.57
BLACKRIFLECOFFEECOMPANY	CHAMPIONPOWEREQUIPMENT	0.56
BLACKRIFLECOFFEECOMPANY	CHANNELLOCK	0.59
BLACKRIFLECOFFEECOMPANY	CLCWORKGEAR	0.57
BLACKRIFLECOFFEECOMPANY	DOVETAILWORKWEAR	0.54
BLACKRIFLECOFFEECOMPANY	4X4NORTHAMERICA	0.50
BLACKRIFLECOFFEECOMPANY	BILJAC	0.60
BLACKRIFLECOFFEECOMPANY	BLACKDECKER	0.80
BLACKRIFLECOFFEECOMPANY	BLACKCANYONOUTFITTERS	0.75
BLACKRIFLECOFFEECOMPANY	GERSONINTERNATIONAL	0.55
BLACKRIFLECOFFEECOMPANY	GIRAFFETOOLS	0.60
BLACKRIFLECOFFEECOMPANY	HOLISTICSELECT	0.51
BLACKRIFLECOFFEECOMPANY	MAKITA	0.54
BLACKRIFLECOFFEECOMPANY	BERNZOMATIC	0.55
BLACKRIFLECOFFEECOMPANY	BESTFRIENDSBYSHERI	0.53
BLACKRIFLECOFFEECOMPANY	BESTNEST	0.55
BLACKRIFLECOFFEECOMPANY	BLUEBUFFALO	0.67
BLACKRIFLECOFFEECOMPANY	BOGS	0.58
BLACKRIFLECOFFEECOMPANY	CERAKOTE	0.61
BLACKRIFLECOFFEECOMPANY	FRISKIES	0.55
BLACKRIFLECOFFEECOMPANY	FRONTLINE	0.50
BLACKRIFLECOFFEECOMPANY	GERBER	0.53
BLACKRIFLECOFFEECOMPANY	GORILLA	0.57
BLACKRIFLECOFFEECOMPANY	509CREW	0.52
BLACKRIFLECOFFEECOMPANY	AGROSCI	0.51
BLACKRIFLECOFFEECOMPANY	ALLFENZ	0.51
BLACKRIFLECOFFEECOMPANY	AMERICANFARMWORKS	0.50
BLACKRIFLECOFFEECOMPANY	AMERICANEXCELSIORCOMPANY	0.74
BLACKRIFLECOFFEECOMPANY	AMERICANGROUNDSCREW	0.51
BLACKRIFLECOFFEECOMPANY	AURORA	0.54
BLACKRIFLECOFFEECOMPANY	ADVANCEDWORKPRODUCTS	0.50
BLACKRIFLECOFFEECOMPANY	BADBOY	0.59
BLACKRIFLECOFFEECOMPANY	BARNESPAPERCOMPANY	0.71
BLACKRIFLECOFFEECOMPANY	BOSS	0.58
BLACKRIFLECOFFEECOMPANY	BRADLEYSMOKER	0.63
BLACKRIFLECOFFEECOMPANY	BRAZOS	0.58
BLACKRIFLECOFFEECOMPANY	COLEMANPOWERSPORTS	0.52
BLACKRIFLECOFFEECOMPANY	COLUMBIASPORTSWEAR	0.56
BLACKRIFLECOFFEECOMPANY	DCCARGO	0.54
BLACKRIFLECOFFEECOMPANY	DEEZEE	0.54
BLACKRIFLECOFFEECOMPANY	FAULTLESS	0.52
BLACKRIFLECOFFEECOMPANY	FEITELECTRIC	0.58
BLACKRIFLECOFFEECOMPANY	FIELDTUFF	0.56
BLACKRIFLECOFFEECOMPANY	HILLSSCIENCEDIET	0.53
BLACKRIFLECOFFEECOMPANY	LEE	0.58
BLACKRIFLECOFFEECOMPANY	MASSIMO	0.52
BLACKRIFLECOFFEECOMPANY	PLASTICDEVELOPMENTGROUP	0.58
BLACKRIFLECOFFEECOMPANY	STANLEYMUFFLERCOMPANY	0.69
ANEWDAY	ANCASTERFOODEQUIPMENT	0.64
ANEWDAY	ANILOGICSOUTDOORS	0.57
ANEWDAY	ANTLERKING	0.66
ANEWDAY	APEXGEAR	0.64
ANEWDAY	ARIAT	0.61
ANEWDAY	ARMORALL	0.56
ANEWDAY	CAROLINAFACTORYDIRECT	0.59
ANEWDAY	CHAMPIONPOWEREQUIPMENT	0.50
ANEWDAY	CHANNELLOCK	0.57
ANEWDAY	BLACKCANYONOUTFITTERS	0.50
ANEWDAY	ITASCA	0.54
ANEWDAY	LAMBERTKAY	0.66
ANEWDAY	MAKITA	0.54
ANEWDAY	BESTFRIENDSBYSHERI	0.51
ANEWDAY	DEWALT	0.64
ANEWDAY	STANLEY	0.62
ANEWDAY	ACANA	0.71
ANEWDAY	AGRIFAB	0.57
ANEWDAY	AGRILABS	0.56
ANEWDAY	ALLFENZ	0.57
ANEWDAY	ALLIEDPRECISIONINDUSTRIES	0.56
ANEWDAY	ALLSEASONSFEEDERS	0.53
ANEWDAY	AMERICANFARMWORKS	0.53
ANEWDAY	AMERICANEXCELSIORCOMPANY	0.51
ANEWDAY	AMERICANGROUNDSCREW	0.52
ANEWDAY	APOLLOSMART	0.54
ANEWDAY	AURORA	0.59
ANEWDAY	ADVANCEDWORKPRODUCTS	0.62
ANEWDAY	BADBOY	0.64
ANEWDAY	BARNESPAPERCOMPANY	0.60
ANEWDAY	BRADLEYSMOKER	0.54
ANEWDAY	FIELDTUFF	0.50
ANEWDAY	INFINITYHEADWEAR	0.58
ANEWDAY	PETSAFE	0.52
ANEWDAY	STANLEYMUFFLERCOMPANY	0.59
ANEWDAY	UNKNOWN	0.52
GENERIC	ANTLERKING	0.57
GENERIC	APEXGEAR	0.60
GENERIC	CAROLINAFACTORYDIRECT	0.50
GENERIC	CHAMPIONPOWEREQUIPMENT	0.54
GENERIC	DOGTRA	0.54
GENERIC	GERSONINTERNATIONAL	0.69
GENERIC	GIRAFFETOOLS	0.60
GENERIC	BERNZOMATIC	0.66
GENERIC	BESTFRIENDSBYSHERI	0.53
GENERIC	BESTNEST	0.60
GENERIC	CERAKOTE	0.51
GENERIC	DREMEL	0.54
GENERIC	STANLEY	0.52
GENERIC	GERBER	0.73
GENERIC	GORILLA	0.66
GENERIC	GREENSMARTDEKOR	0.62
GENERIC	HORSEMENSPRIDE	0.59
GENERIC	AGRIFAB	0.62
GENERIC	AGRILABS	0.60
GENERIC	AGROSCI	0.63
GENERIC	ALLIEDPRECISIONINDUSTRIES	0.57
GENERIC	AMERICANFARMWORKS	0.54
GENERIC	AMERICANEXCELSIORCOMPANY	0.56
GENERIC	AMERICANGROUNDSCREW	0.56
GENERIC	BARNESPAPERCOMPANY	0.60
GENERIC	HIGHTECHPET	0.52
GENERIC	DEEZEE	0.54
GENERIC	FEITELECTRIC	0.58
GENERIC	GREENWORKS	0.67
GENERIC	LEE	0.65
GENERIC	STANLEYMUFFLERCOMPANY	0.58
GENERIC	YETI	0.60
HAMPTONBAY	ANTLERKING	0.53
HAMPTONBAY	APEXGEAR	0.56
HAMPTONBAY	ARIAT	0.53
HAMPTONBAY	ARMORALL	0.63
HAMPTONBAY	CAMPLUXENJOYOUTDOORLIFE	0.60
HAMPTONBAY	CAROLINAFACTORYDIRECT	0.52
HAMPTONBAY	CHAMPIONPOWEREQUIPMENT	0.62
HAMPTONBAY	CHAMPION	0.78
HAMPTONBAY	CHANNELLOCK	0.50
HAMPTONBAY	DIAMONDPETFOODS	0.56
HAMPTONBAY	BLACKCANYONOUTFITTERS	0.53
HAMPTONBAY	GIRAFFETOOLS	0.52
HAMPTONBAY	IAMS	0.57
HAMPTONBAY	LAMBERTKAY	0.68
HAMPTONBAY	MAKITA	0.61
HAMPTONBAY	DEWALT	0.51
HAMPTONBAY	STANLEY	0.57
HAMPTONBAY	HORSEMENSPRIDE	0.54
HAMPTONBAY	ACANA	0.63
HAMPTONBAY	ALLIEDPRECISIONINDUSTRIES	0.52
HAMPTONBAY	AMERICANEXCELSIORCOMPANY	0.50
HAMPTONBAY	AMERICANGROUNDSCREW	0.52
HAMPTONBAY	APOLLOSMART	0.59
HAMPTONBAY	AURORA	0.60
HAMPTONBAY	BADBOY	0.61
HAMPTONBAY	BARNESPAPERCOMPANY	0.55
HAMPTONBAY	HIGHTECHPET	0.51
HAMPTONBAY	BRAZOS	0.51
HAMPTONBAY	COLUMBIASPORTSWEAR	0.58
HAMPTONBAY	HILLMAN	0.62
HAMPTONBAY	TEMPO	0.61
HAMPTONBAY	PLASTICDEVELOPMENTGROUP	0.51
HAMPTONBAY	ZYMOX	0.53
REGALO	ARIAT	0.58
REGALO	ARMORALL	0.56
REGALO	CHAMPION	0.53
REGALO	CHANNELLOCK	0.59
REGALO	CLCWORKGEAR	0.51
REGALO	PURINA	0.56
REGALO	DOGTRA	0.56
REGALO	GERSONINTERNATIONAL	0.54
REGALO	GIRAFFETOOLS	0.62
REGALO	BERNZOMATIC	0.51
REGALO	CERAKOTE	0.64
REGALO	DEWALT	0.67
REGALO	DREMEL	0.67
REGALO	STANLEY	0.54
REGALO	GERBER	0.56
REGALO	GORILLA	0.53
REGALO	GREENSMARTDEKOR	0.52
REGALO	AGRIFAB	0.53
REGALO	AGRILABS	0.64
REGALO	AGROSCI	0.53
REGALO	ALLIEDPRECISIONINDUSTRIES	0.54
REGALO	ALLSEASONSFEEDERS	0.51
REGALO	AMERICANEXCELSIORCOMPANY	0.61
REGALO	AMERICANGROUNDSCREW	0.60
REGALO	AURORA	0.56
REGALO	BADBOY	0.56
REGALO	BARNESPAPERCOMPANY	0.50
REGALO	BRADLEYSMOKER	0.64
REGALO	BRAZOS	0.67
REGALO	DCCARGO	0.54
REGALO	DINGO	0.58
REGALO	FAULTLESS	0.52
REGALO	FIELDTUFF	0.52
REGALO	GREENWORKS	0.56
REGALO	MASSIMO	0.54
REGALO	TEMPO	0.58
REGALO	PLASTICDEVELOPMENTGROUP	0.53
REGALO	PETSAFE	0.54
DREAMONME	ARMORALL	0.56
DREAMONME	CHAMPIONPOWEREQUIPMENT	0.51
DREAMONME	CHAMPION	0.65
DREAMONME	DIAMONDPETFOODS	0.59
DREAMONME	DOGTRA	0.65
DREAMONME	DOVETAILWORKWEAR	0.57
DREAMONME	4X4NORTHAMERICA	0.55
DREAMONME	GERSONINTERNATIONAL	0.54
DREAMONME	GIRAFFETOOLS	0.51
DREAMONME	IAMS	0.57
DREAMONME	IRWIN	0.54
DREAMONME	BERNZOMATIC	0.57
DREAMONME	BESTNEST	0.57
DREAMONME	CERAKOTE	0.66
DREAMONME	DEWALT	0.65
DREAMONME	DREMEL	0.79
DREAMONME	FRONTLINE	0.63
DREAMONME	GORILLA	0.50
DREAMONME	GREENSMARTDEKOR	0.58
DREAMONME	HORSEMENSPRIDE	0.53
DREAMONME	509CREW	0.50
DREAMONME	ACANA	0.54
DREAMONME	ALLIEDPRECISIONINDUSTRIES	0.52
DREAMONME	ALLSEASONSFEEDERS	0.55
DREAMONME	AMERICANFARMWORKS	0.56
DREAMONME	AMERICANEXCELSIORCOMPANY	0.52
DREAMONME	ADVANCEDWORKPRODUCTS	0.52
DREAMONME	BARNESPAPERCOMPANY	0.56
DREAMONME	BRADLEYSMOKER	0.68
DREAMONME	BRAZOS	0.61
DREAMONME	COLEMANPOWERSPORTS	0.58
DREAMONME	DASUQUIN	0.61
DREAMONME	DCCARGO	0.63
DREAMONME	DEEZEE	0.65
DREAMONME	DESPERATEENTERPRISES	0.59
DREAMONME	DICKIES	0.55
DREAMONME	DINGO	0.59
DREAMONME	GREENWORKS	0.53
DREAMONME	HILLSSCIENCEDIET	0.51
DREAMONME	MASSIMO	0.59
DREAMONME	TEMPO	0.64
DREAMONME	PLASTICDEVELOPMENTGROUP	0.55
DREAMONME	PETSAFE	0.59
DREAMONME	ZYMOX	0.54
VEVOR	CLCWORKGEAR	0.53
VEVOR	DOGTRA	0.58
VEVOR	DOVETAILWORKWEAR	0.56
VEVOR	4X4NORTHAMERICA	0.51
VEVOR	LAMBERTKAY	0.53
VEVOR	BERNZOMATIC	0.51
VEVOR	BESTFRIENDSBYSHERI	0.50
VEVOR	CERAKOTE	0.55
VEVOR	GERBER	0.58
VEVOR	GORILLA	0.56
VEVOR	ALLSEASONSFEEDERS	0.51
VEVOR	AMERICANFARMWORKS	0.51
VEVOR	ADVANCEDWORKPRODUCTS	0.67
VEVOR	COLUMBIASPORTSWEAR	0.50
VEVOR	FEITELECTRIC	0.52
VEVOR	LEE	0.51
VEVOR	TEMPO	0.60
FLASHFURNITURE	CAMPLUXENJOYOUTDOORLIFE	0.51
FLASHFURNITURE	CAROLINAFACTORYDIRECT	0.60
FLASHFURNITURE	PURINA	0.60
FLASHFURNITURE	DOVETAILWORKWEAR	0.50
FLASHFURNITURE	4X4NORTHAMERICA	0.56
FLASHFURNITURE	BLACKCANYONOUTFITTERS	0.58
FLASHFURNITURE	GERSONINTERNATIONAL	0.53
FLASHFURNITURE	GIRAFFETOOLS	0.52
FLASHFURNITURE	HOLISTICSELECT	0.51
FLASHFURNITURE	IAMS	0.55
FLASHFURNITURE	LAMBERTKAY	0.56
FLASHFURNITURE	MAKITA	0.57
FLASHFURNITURE	BESTFRIENDSBYSHERI	0.53
FLASHFURNITURE	BESTNEST	0.53
FLASHFURNITURE	BLUEBUFFALO	0.52
FLASHFURNITURE	CERAKOTE	0.51
FLASHFURNITURE	FISKARS	0.58
FLASHFURNITURE	FRISKIES	0.56
FLASHFURNITURE	FRONTLINE	0.68
FLASHFURNITURE	GREENSMARTDEKOR	0.51
FLASHFURNITURE	HORSEMENSPRIDE	0.55
FLASHFURNITURE	ACANA	0.51
FLASHFURNITURE	AGROSCI	0.54
FLASHFURNITURE	ALLFENZ	0.54
FLASHFURNITURE	ALLIEDPRECISIONINDUSTRIES	0.55
FLASHFURNITURE	AMERICANFARMWORKS	0.51
FLASHFURNITURE	AMERICANGROUNDSCREW	0.53
FLASHFURNITURE	APOLLOSMART	0.54
FLASHFURNITURE	AURORA	0.57
FLASHFURNITURE	COLEMANPOWERSPORTS	0.53
FLASHFURNITURE	COLUMBIASPORTSWEAR	0.58
FLASHFURNITURE	DASUQUIN	0.67
FLASHFURNITURE	DESPERATEENTERPRISES	0.53
FLASHFURNITURE	FAULTLESS	0.60
FLASHFURNITURE	FEITELECTRIC	0.54
FLASHFURNITURE	FIELDTUFF	0.61
FLASHFURNITURE	MASSIMO	0.55
FLASHFURNITURE	PLASTICDEVELOPMENTGROUP	0.60
FLASHFURNITURE	STANLEYMUFFLERCOMPANY	0.58
FLASHFURNITURE	ZYLINA	0.57
SIGNATUREDESIGNBYASHLEY	CHAMPIONPOWEREQUIPMENT	0.51
SIGNATUREDESIGNBYASHLEY	PURINA	0.52
SIGNATUREDESIGNBYASHLEY	DOGTRA	0.58
SIGNATUREDESIGNBYASHLEY	DOVETAILWORKWEAR	0.51
SIGNATUREDESIGNBYASHLEY	4X4NORTHAMERICA	0.54
SIGNATUREDESIGNBYASHLEY	GERSONINTERNATIONAL	0.62
SIGNATUREDESIGNBYASHLEY	GIRAFFETOOLS	0.50
SIGNATUREDESIGNBYASHLEY	IRWIN	0.53
SIGNATUREDESIGNBYASHLEY	LAMBERTKAY	0.51
SIGNATUREDESIGNBYASHLEY	BESTFRIENDSBYSHERI	0.68
SIGNATUREDESIGNBYASHLEY	BESTNEST	0.59
SIGNATUREDESIGNBYASHLEY	STANLEY	0.69
SIGNATUREDESIGNBYASHLEY	FISKARS	0.58
SIGNATUREDESIGNBYASHLEY	FRISKIES	0.53
SIGNATUREDESIGNBYASHLEY	FRONTLINE	0.53
SIGNATUREDESIGNBYASHLEY	GERBER	0.53
SIGNATUREDESIGNBYASHLEY	GREENSMARTDEKOR	0.55
SIGNATUREDESIGNBYASHLEY	HORSEMENSPRIDE	0.53
SIGNATUREDESIGNBYASHLEY	AGRIFAB	0.54
SIGNATUREDESIGNBYASHLEY	AGRILABS	0.50
SIGNATUREDESIGNBYASHLEY	ALLIEDPRECISIONINDUSTRIES	0.57
SIGNATUREDESIGNBYASHLEY	ALLSEASONSFEEDERS	0.52
SIGNATUREDESIGNBYASHLEY	AMERICANEXCELSIORCOMPANY	0.54
SIGNATUREDESIGNBYASHLEY	AMERICANGROUNDSCREW	0.53
SIGNATUREDESIGNBYASHLEY	AURORA	0.54
SIGNATUREDESIGNBYASHLEY	BOSS	0.53
SIGNATUREDESIGNBYASHLEY	HIGHTECHPET	0.56
SIGNATUREDESIGNBYASHLEY	COLUMBIASPORTSWEAR	0.55
SIGNATUREDESIGNBYASHLEY	DASUQUIN	0.50
SIGNATUREDESIGNBYASHLEY	DESPERATEENTERPRISES	0.58
SIGNATUREDESIGNBYASHLEY	DICKIES	0.51
SIGNATUREDESIGNBYASHLEY	DINGO	0.53
SIGNATUREDESIGNBYASHLEY	FAULTLESS	0.53
SIGNATUREDESIGNBYASHLEY	HILLSSCIENCEDIET	0.55
SIGNATUREDESIGNBYASHLEY	LEE	0.58
SIGNATUREDESIGNBYASHLEY	INFINITYHEADWEAR	0.62
SIGNATUREDESIGNBYASHLEY	PLASTICDEVELOPMENTGROUP	0.50
SIGNATUREDESIGNBYASHLEY	PETSAFE	0.51
SIGNATUREDESIGNBYASHLEY	STANLEYMUFFLERCOMPANY	0.65
SIGNATUREDESIGNBYASHLEY	YETI	0.52
SIGNATUREDESIGNBYASHLEY	ZYLINA	0.54
IRISUSA	PURINA	0.64
IRISUSA	BILJAC	0.54
IRISUSA	GIRAFFETOOLS	0.56
IRISUSA	HOLISTICSELECT	0.54
IRISUSA	IAMS	0.64
IRISUSA	IRWIN	0.74
IRISUSA	ITASCA	0.68
IRISUSA	MAKITA	0.54
IRISUSA	BESTFRIENDSBYSHERI	0.51
IRISUSA	BESTNEST	0.51
IRISUSA	CERAKOTE	0.51
IRISUSA	FISKARS	0.63
IRISUSA	FRISKIES	0.65
IRISUSA	GORILLA	0.62
IRISUSA	GREENSMARTDEKOR	0.54
IRISUSA	HOPKINSTOWINGSOLUTIONS	0.50
IRISUSA	HORSEMENSPRIDE	0.55
IRISUSA	AGRIFAB	0.62
IRISUSA	AGRILABS	0.52
IRISUSA	AGROSCI	0.52
IRISUSA	AURORA	0.54
IRISUSA	BOSS	0.60
IRISUSA	BRAZOS	0.54
IRISUSA	COLUMBIASPORTSWEAR	0.53
IRISUSA	DASUQUIN	0.51
IRISUSA	DICKIES	0.62
IRISUSA	FAULTLESS	0.50
IRISUSA	FIELDTUFF	0.50
IRISUSA	HILLMAN	0.52
IRISUSA	HILLSSCIENCEDIET	0.52
IRISUSA	INFINITYHEADWEAR	0.58
IRISUSA	MASSIMO	0.51
IRISUSA	PETSAFE	0.52
IRISUSA	ZYLINA	0.54
MEMBERSMARK	PURINA	0.51
MEMBERSMARK	DOGTRA	0.51
MEMBERSMARK	BILJAC	0.51
MEMBERSMARK	IAMS	0.56
MEMBERSMARK	ITASCA	0.51
MEMBERSMARK	LAMBERTKAY	0.60
MEMBERSMARK	MAKITA	0.55
MEMBERSMARK	BERNZOMATIC	0.50
MEMBERSMARK	BESTFRIENDSBYSHERI	0.52
MEMBERSMARK	BOGS	0.56
MEMBERSMARK	DREMEL	0.55
MEMBERSMARK	GERBER	0.66
MEMBERSMARK	GREENSMARTDEKOR	0.69
MEMBERSMARK	HORSEMENSPRIDE	0.55
MEMBERSMARK	AMERICANFARMWORKS	0.61
MEMBERSMARK	AMERICANEXCELSIORCOMPANY	0.55
MEMBERSMARK	AURORA	0.51
MEMBERSMARK	BARNESPAPERCOMPANY	0.58
MEMBERSMARK	BOSS	0.56
MEMBERSMARK	BRADLEYSMOKER	0.61
MEMBERSMARK	BRAZOS	0.59
MEMBERSMARK	COLEMANPOWERSPORTS	0.53
MEMBERSMARK	COLUMBIASPORTSWEAR	0.57
MEMBERSMARK	DEEZEE	0.51
MEMBERSMARK	DESPERATEENTERPRISES	0.53
MEMBERSMARK	FEITELECTRIC	0.51
MEMBERSMARK	GREENWORKS	0.58
MEMBERSMARK	LEE	0.62
MEMBERSMARK	MASSIMO	0.51
MEMBERSMARK	PETSAFE	0.52
MEMBERSMARK	STANLEYMUFFLERCOMPANY	0.51
NULOOM	CHANNELLOCK	0.59
NULOOM	CLCWORKGEAR	0.51
NULOOM	4X4NORTHAMERICA	0.57
NULOOM	BLACKCANYONOUTFITTERS	0.54
NULOOM	LAMBERTKAY	0.51
NULOOM	BERNZOMATIC	0.59
NULOOM	APOLLOSMART	0.59
NULOOM	AURORA	0.56
NULOOM	BARNESPAPERCOMPANY	0.56
NULOOM	COLEMANPOWERSPORTS	0.57
NULOOM	COLUMBIASPORTSWEAR	0.57
NULOOM	DINGO	0.58
NULOOM	FAULTLESS	0.52
NULOOM	GREENWORKS	0.51
NULOOM	HILLMAN	0.54
NULOOM	PLASTICDEVELOPMENTGROUP	0.54
NULOOM	UNKNOWN	0.53
UPUP	BLUEBUFFALO	0.56
UPUP	BARNESPAPERCOMPANY	0.54
UPUP	COLUMBIASPORTSWEAR	0.54
UPUP	DASUQUIN	0.58
UPUP	PLASTICDEVELOPMENTGROUP	0.53
UPUP	UNKNOWN	0.52
FURINNO	PURINA	0.75
FURINNO	GERSONINTERNATIONAL	0.56
FURINNO	GIRAFFETOOLS	0.55
FURINNO	IRWIN	0.68
FURINNO	BERNZOMATIC	0.57
FURINNO	BESTFRIENDSBYSHERI	0.60
FURINNO	CERAKOTE	0.51
FURINNO	FISKARS	0.57
FURINNO	FRISKIES	0.64
FURINNO	FRONTLINE	0.72
FURINNO	GORILLA	0.52
FURINNO	AGRIFAB	0.52
FURINNO	AGRILABS	0.51
FURINNO	ALLIEDPRECISIONINDUSTRIES	0.50
FURINNO	AMERICANFARMWORKS	0.60
FURINNO	AMERICANEXCELSIORCOMPANY	0.58
FURINNO	AMERICANGROUNDSCREW	0.59
FURINNO	AURORA	0.54
FURINNO	BARNESPAPERCOMPANY	0.53
FURINNO	BRAZOS	0.54
FURINNO	DASUQUIN	0.60
FURINNO	DCCARGO	0.52
FURINNO	DINGO	0.68
FURINNO	FAULTLESS	0.55
FURINNO	FEITELECTRIC	0.54
FURINNO	FIELDTUFF	0.55
FURINNO	GREENWORKS	0.58
FURINNO	HILLMAN	0.52
FURINNO	MASSIMO	0.52
FURINNO	STANLEYMUFFLERCOMPANY	0.50
FURINNO	ZYLINA	0.54
FURINNO	UNKNOWN	0.63
MIDWESTHOMESFORPETS	DIAMONDPETFOODS	0.61
MIDWESTHOMESFORPETS	DOVETAILWORKWEAR	0.51
MIDWESTHOMESFORPETS	BLACKDECKER	0.52
MIDWESTHOMESFORPETS	GERSONINTERNATIONAL	0.50
MIDWESTHOMESFORPETS	GIRAFFETOOLS	0.56
MIDWESTHOMESFORPETS	HOLISTICSELECT	0.58
MIDWESTHOMESFORPETS	IAMS	0.52
MIDWESTHOMESFORPETS	IRWIN	0.50
MIDWESTHOMESFORPETS	MAKITA	0.60
MIDWESTHOMESFORPETS	BESTFRIENDSBYSHERI	0.63
MIDWESTHOMESFORPETS	BESTNEST	0.63
MIDWESTHOMESFORPETS	DEWALT	0.54
MIDWESTHOMESFORPETS	DREMEL	0.50
MIDWESTHOMESFORPETS	FISKARS	0.53
MIDWESTHOMESFORPETS	GREENSMARTDEKOR	0.52
MIDWESTHOMESFORPETS	HOPKINSTOWINGSOLUTIONS	0.54
MIDWESTHOMESFORPETS	HORSEMENSPRIDE	0.65
MIDWESTHOMESFORPETS	ALLIEDPRECISIONINDUSTRIES	0.59
MIDWESTHOMESFORPETS	ALLSEASONSFEEDERS	0.52
MIDWESTHOMESFORPETS	AMERICANEXCELSIORCOMPANY	0.54
MIDWESTHOMESFORPETS	ADVANCEDWORKPRODUCTS	0.51
MIDWESTHOMESFORPETS	BOSS	0.52
MIDWESTHOMESFORPETS	BRADLEYSMOKER	0.54
MIDWESTHOMESFORPETS	HIGHTECHPET	0.55
MIDWESTHOMESFORPETS	COLEMANPOWERSPORTS	0.58
MIDWESTHOMESFORPETS	COLUMBIASPORTSWEAR	0.53
MIDWESTHOMESFORPETS	DEEZEE	0.55
MIDWESTHOMESFORPETS	DESPERATEENTERPRISES	0.60
MIDWESTHOMESFORPETS	DICKIES	0.51
MIDWESTHOMESFORPETS	FIELDTUFF	0.54
MIDWESTHOMESFORPETS	GREENWORKS	0.53
MIDWESTHOMESFORPETS	HILLSSCIENCEDIET	0.56
MIDWESTHOMESFORPETS	LEE	0.59
MIDWESTHOMESFORPETS	MASSIMO	0.68
MIDWESTHOMESFORPETS	TEMPO	0.59
MIDWESTHOMESFORPETS	PLASTICDEVELOPMENTGROUP	0.58
MIDWESTHOMESFORPETS	PETSAFE	0.53
MIDWESTHOMESFORPETS	STANLEYMUFFLERCOMPANY	0.52
MIDWESTHOMESFORPETS	ZYMOX	0.50
SAFAVIEH	ITASCA	0.51
SAFAVIEH	MAKITA	0.51
SAFAVIEH	BESTFRIENDSBYSHERI	0.50
SAFAVIEH	STANLEY	0.64
SAFAVIEH	FRISKIES	0.54
SAFAVIEH	FRONTLINE	0.57
SAFAVIEH	ACANA	0.55
SAFAVIEH	AGRIFAB	0.57
SAFAVIEH	AGROSCI	0.51
SAFAVIEH	ALLFENZ	0.60
SAFAVIEH	AMERICANFARMWORKS	0.51
SAFAVIEH	AURORA	0.53
SAFAVIEH	DICKIES	0.51
SAFAVIEH	INFINITYHEADWEAR	0.51
SAFAVIEH	PETSAFE	0.69
SAFAVIEH	STANLEYMUFFLERCOMPANY	0.53
LEGO	DOVETAILWORKWEAR	0.53
LEGO	BLACKCANYONOUTFITTERS	0.53
LEGO	GERSONINTERNATIONAL	0.52
LEGO	GIRAFFETOOLS	0.56
LEGO	LAMBERTKAY	0.61
LEGO	BERNZOMATIC	0.56
LEGO	BLUEBUFFALO	0.56
LEGO	CERAKOTE	0.58
LEGO	GORILLA	0.60
LEGO	AGROSCI	0.60
LEGO	ALLIEDPRECISIONINDUSTRIES	0.62
LEGO	ALLSEASONSFEEDERS	0.64
LEGO	AMERICANGROUNDSCREW	0.64
LEGO	ADVANCEDWORKPRODUCTS	0.53
LEGO	BRADLEYSMOKER	0.55
LEGO	DINGO	0.63
LEGO	GREENWORKS	0.57
LEGO	HILLSSCIENCEDIET	0.54
LEGO	LEE	0.78
LEGO	TEMPO	0.63
LEGO	PLASTICDEVELOPMENTGROUP	0.63
LEGO	STANLEYMUFFLERCOMPANY	0.53
DISNEY	DOVETAILWORKWEAR	0.51
DISNEY	GERSONINTERNATIONAL	0.54
DISNEY	HOLISTICSELECT	0.57
DISNEY	IAMS	0.61
DISNEY	IRWIN	0.58
DISNEY	ITASCA	0.56
DISNEY	LAMBERTKAY	0.51
DISNEY	BESTFRIENDSBYSHERI	0.60
DISNEY	DREMEL	0.60
DISNEY	STANLEY	0.75
DISNEY	FISKARS	0.54
DISNEY	FRISKIES	0.63
DISNEY	ALLIEDPRECISIONINDUSTRIES	0.51
DISNEY	ADVANCEDWORKPRODUCTS	0.55
DISNEY	BADBOY	0.56
DISNEY	BRADLEYSMOKER	0.53
DISNEY	HIGHTECHPET	0.51
DISNEY	DASUQUIN	0.57
DISNEY	DEEZEE	0.60
DISNEY	DESPERATEENTERPRISES	0.55
DISNEY	DICKIES	0.71
DISNEY	DINGO	0.76
DISNEY	FIELDTUFF	0.52
DISNEY	HILLSSCIENCEDIET	0.56
DISNEY	INFINITYHEADWEAR	0.56
DISNEY	PLASTICDEVELOPMENTGROUP	0.53
DISNEY	PETSAFE	0.54
DISNEY	STANLEYMUFFLERCOMPANY	0.62
DISNEY	ZYLINA	0.56
SUMMERINFANT	4X4NORTHAMERICA	0.52
SUMMERINFANT	GERSONINTERNATIONAL	0.53
SUMMERINFANT	GIRAFFETOOLS	0.51
SUMMERINFANT	IRWIN	0.62
SUMMERINFANT	LAMBERTKAY	0.57
SUMMERINFANT	MAKITA	0.58
SUMMERINFANT	BERNZOMATIC	0.57
SUMMERINFANT	BESTNEST	0.53
SUMMERINFANT	BLUEBUFFALO	0.57
SUMMERINFANT	CERAKOTE	0.54
SUMMERINFANT	STANLEY	0.50
SUMMERINFANT	FRONTLINE	0.56
SUMMERINFANT	GORILLA	0.56
SUMMERINFANT	GREENSMARTDEKOR	0.56
SUMMERINFANT	HORSEMENSPRIDE	0.50
SUMMERINFANT	ACANA	0.52
SUMMERINFANT	AGRIFAB	0.63
SUMMERINFANT	AGRILABS	0.54
SUMMERINFANT	ALLIEDPRECISIONINDUSTRIES	0.54
SUMMERINFANT	AMERICANFARMWORKS	0.59
SUMMERINFANT	AMERICANGROUNDSCREW	0.60
SUMMERINFANT	AURORA	0.58
SUMMERINFANT	COLUMBIASPORTSWEAR	0.51
SUMMERINFANT	DASUQUIN	0.61
SUMMERINFANT	DINGO	0.52
SUMMERINFANT	FIELDTUFF	0.51
SUMMERINFANT	INFINITYHEADWEAR	0.51
SUMMERINFANT	STANLEYMUFFLERCOMPANY	0.67
SUMMERINFANT	YETI	0.56
SUMMERINFANT	ZYLINA	0.58
SUMMERINFANT	UNKNOWN	0.56
FISHERPRICE	BILJAC	0.51
FISHERPRICE	GERSONINTERNATIONAL	0.50
FISHERPRICE	HOLISTICSELECT	0.57
FISHERPRICE	IAMS	0.56
FISHERPRICE	IRWIN	0.53
FISHERPRICE	ITASCA	0.51
FISHERPRICE	BERNZOMATIC	0.58
FISHERPRICE	CERAKOTE	0.55
FISHERPRICE	FISKARS	0.75
FISHERPRICE	FRISKIES	0.66
FISHERPRICE	FRONTLINE	0.53
FISHERPRICE	GERBER	0.59
FISHERPRICE	GREENSMARTDEKOR	0.53
FISHERPRICE	HORSEMENSPRIDE	0.60
FISHERPRICE	ALLIEDPRECISIONINDUSTRIES	0.56
FISHERPRICE	AMERICANEXCELSIORCOMPANY	0.52
FISHERPRICE	AURORA	0.51
FISHERPRICE	BARNESPAPERCOMPANY	0.56
FISHERPRICE	HIGHTECHPET	0.59
FISHERPRICE	COLUMBIASPORTSWEAR	0.51
FISHERPRICE	DESPERATEENTERPRISES	0.52
FISHERPRICE	DICKIES	0.56
FISHERPRICE	FAULTLESS	0.52
FISHERPRICE	FEITELECTRIC	0.64
FISHERPRICE	FIELDTUFF	0.63
FISHERPRICE	HILLSSCIENCEDIET	0.57
FISHERPRICE	INFINITYHEADWEAR	0.50
FISHERPRICE	TEMPO	0.53
HOMEDECORATORSCOLLECTION	BLACKCANYONOUTFITTERS	0.54
HOMEDECORATORSCOLLECTION	GERSONINTERNATIONAL	0.59
HOMEDECORATORSCOLLECTION	HOLISTICSELECT	0.69
HOMEDECORATORSCOLLECTION	IAMS	0.51
HOMEDECORATORSCOLLECTION	MAKITA	0.54
HOMEDECORATORSCOLLECTION	BESTFRIENDSBYSHERI	0.51
HOMEDECORATORSCOLLECTION	BOGS	0.53
HOMEDECORATORSCOLLECTION	CERAKOTE	0.58
HOMEDECORATORSCOLLECTION	DEWALT	0.53
HOMEDECORATORSCOLLECTION	DREMEL	0.61
HOMEDECORATORSCOLLECTION	GERBER	0.53
HOMEDECORATORSCOLLECTION	GREENSMARTDEKOR	0.59
HOMEDECORATORSCOLLECTION	HOPKINSTOWINGSOLUTIONS	0.69
HOMEDECORATORSCOLLECTION	HORSEMENSPRIDE	0.70
HOMEDECORATORSCOLLECTION	ALLIEDPRECISIONINDUSTRIES	0.52
HOMEDECORATORSCOLLECTION	AMERICANEXCELSIORCOMPANY	0.65
HOMEDECORATORSCOLLECTION	AMERICANGROUNDSCREW	0.60
HOMEDECORATORSCOLLECTION	AURORA	0.53
HOMEDECORATORSCOLLECTION	ADVANCEDWORKPRODUCTS	0.53
HOMEDECORATORSCOLLECTION	BARNESPAPERCOMPANY	0.54
HOMEDECORATORSCOLLECTION	BOSS	0.53
HOMEDECORATORSCOLLECTION	BRADLEYSMOKER	0.52
HOMEDECORATORSCOLLECTION	HIGHTECHPET	0.59
HOMEDECORATORSCOLLECTION	COLEMANPOWERSPORTS	0.61
HOMEDECORATORSCOLLECTION	COLUMBIASPORTSWEAR	0.51
HOMEDECORATORSCOLLECTION	DCCARGO	0.51
HOMEDECORATORSCOLLECTION	DESPERATEENTERPRISES	0.52
HOMEDECORATORSCOLLECTION	FEITELECTRIC	0.52
HOMEDECORATORSCOLLECTION	GREENWORKS	0.56
HOMEDECORATORSCOLLECTION	HILLMAN	0.57
HOMEDECORATORSCOLLECTION	HILLSSCIENCEDIET	0.62
HOMEDECORATORSCOLLECTION	LEE	0.58
HOMEDECORATORSCOLLECTION	PLASTICDEVELOPMENTGROUP	0.58
HOMEDECORATORSCOLLECTION	PETSAFE	0.51
HOMEDECORATORSCOLLECTION	YETI	0.53
DELTACHILDREN	BLACKCANYONOUTFITTERS	0.55
DELTACHILDREN	GERSONINTERNATIONAL	0.54
DELTACHILDREN	HOLISTICSELECT	0.51
DELTACHILDREN	ITASCA	0.58
DELTACHILDREN	BESTFRIENDSBYSHERI	0.58
DELTACHILDREN	CERAKOTE	0.57
DELTACHILDREN	DEWALT	0.71
DELTACHILDREN	DREMEL	0.62
DELTACHILDREN	FRONTLINE	0.51
DELTACHILDREN	GREENSMARTDEKOR	0.51
DELTACHILDREN	HORSEMENSPRIDE	0.54
DELTACHILDREN	ACANA	0.52
DELTACHILDREN	AGROSCI	0.55
DELTACHILDREN	ALLIEDPRECISIONINDUSTRIES	0.61
DELTACHILDREN	ALLSEASONSFEEDERS	0.55
DELTACHILDREN	AMERICANEXCELSIORCOMPANY	0.50
DELTACHILDREN	AMERICANGROUNDSCREW	0.53
DELTACHILDREN	BRADLEYSMOKER	0.50
DELTACHILDREN	HIGHTECHPET	0.51
DELTACHILDREN	COLEMANPOWERSPORTS	0.52
DELTACHILDREN	DASUQUIN	0.64
DELTACHILDREN	DEEZEE	0.60
DELTACHILDREN	DESPERATEENTERPRISES	0.64
DELTACHILDREN	DICKIES	0.55
DELTACHILDREN	FAULTLESS	0.55
DELTACHILDREN	FEITELECTRIC	0.59
DELTACHILDREN	HILLSSCIENCEDIET	0.60
DELTACHILDREN	INFINITYHEADWEAR	0.52
DELTACHILDREN	PLASTICDEVELOPMENTGROUP	0.61
DELTACHILDREN	PETSAFE	0.63
DELTACHILDREN	STANLEYMUFFLERCOMPANY	0.56
DELTACHILDREN	YETI	0.66
GOODFELLOWCO	GIRAFFETOOLS	0.65
GOODFELLOWCO	BLUEBUFFALO	0.56
GOODFELLOWCO	DEWALT	0.58
GOODFELLOWCO	DREMEL	0.58
GOODFELLOWCO	GERBER	0.55
GOODFELLOWCO	GORILLA	0.71
GOODFELLOWCO	GREENSMARTDEKOR	0.54
GOODFELLOWCO	HOPKINSTOWINGSOLUTIONS	0.54
GOODFELLOWCO	AGROSCI	0.56
GOODFELLOWCO	HIGHTECHPET	0.51
GOODFELLOWCO	FAULTLESS	0.51
GOODFELLOWCO	FEITELECTRIC	0.56
GOODFELLOWCO	GREENWORKS	0.51
GOODFELLOWCO	PLASTICDEVELOPMENTGROUP	0.51
NA	GIRAFFETOOLS	0.53
NA	IAMS	0.58
NA	ITASCA	0.56
NA	LAMBERTKAY	0.53
NA	MAKITA	0.56
NA	BERNZOMATIC	0.53
NA	BESTFRIENDSBYSHERI	0.52
NA	CERAKOTE	0.54
NA	DEWALT	0.56
NA	STANLEY	0.55
NA	FRONTLINE	0.54
NA	GREENSMARTDEKOR	0.71
NA	HOPKINSTOWINGSOLUTIONS	0.52
NA	ACANA	0.57
NA	AGRIFAB	0.55
NA	AGRILABS	0.54
NA	AGROSCI	0.55
NA	ALLFENZ	0.55
NA	ALLIEDPRECISIONINDUSTRIES	0.51
NA	ALLSEASONSFEEDERS	0.52
NA	AMERICANFARMWORKS	0.54
NA	AMERICANEXCELSIORCOMPANY	0.53
NA	AMERICANGROUNDSCREW	0.54
NA	APOLLOSMART	0.53
NA	AURORA	0.56
NA	ADVANCEDWORKPRODUCTS	0.53
NA	BADBOY	0.56
NA	BARNESPAPERCOMPANY	0.54
NA	BRADLEYSMOKER	0.53
NA	BRAZOS	0.56
NA	COLEMANPOWERSPORTS	0.54
NA	COLUMBIASPORTSWEAR	0.52
NA	DASUQUIN	0.54
NA	DCCARGO	0.55
NA	DESPERATEENTERPRISES	0.52
NA	FAULTLESS	0.54
NA	GREENWORKS	0.53
NA	INFINITYHEADWEAR	0.52
NA	MASSIMO	0.55
NA	PLASTICDEVELOPMENTGROUP	0.51
NA	STANLEYMUFFLERCOMPANY	0.53
NA	UNKNOWN	0.55
LITTLETIKES	HOLISTICSELECT	0.64
LITTLETIKES	IRWIN	0.53
LITTLETIKES	ITASCA	0.51
LITTLETIKES	LAMBERTKAY	0.55
LITTLETIKES	MAKITA	0.51
LITTLETIKES	BERNZOMATIC	0.52
LITTLETIKES	BESTNEST	0.59
LITTLETIKES	FRISKIES	0.63
LITTLETIKES	FRONTLINE	0.52
LITTLETIKES	ALLFENZ	0.57
LITTLETIKES	ALLIEDPRECISIONINDUSTRIES	0.54
LITTLETIKES	ALLSEASONSFEEDERS	0.52
LITTLETIKES	BRADLEYSMOKER	0.51
LITTLETIKES	HIGHTECHPET	0.57
LITTLETIKES	COLEMANPOWERSPORTS	0.53
LITTLETIKES	DEEZEE	0.51
LITTLETIKES	DICKIES	0.56
LITTLETIKES	FAULTLESS	0.67
LITTLETIKES	FEITELECTRIC	0.62
LITTLETIKES	GREENWORKS	0.52
LITTLETIKES	HILLSSCIENCEDIET	0.60
LITTLETIKES	LEE	0.65
LITTLETIKES	TEMPO	0.53
LITTLETIKES	PLASTICDEVELOPMENTGROUP	0.58
LITTLETIKES	YETI	0.56
LITTLETIKES	ZYLINA	0.51
RUBBERMAID	LAMBERTKAY	0.53
RUBBERMAID	BERNZOMATIC	0.63
RUBBERMAID	BLUEBUFFALO	0.52
RUBBERMAID	DEWALT	0.51
RUBBERMAID	DREMEL	0.60
RUBBERMAID	GERBER	0.56
RUBBERMAID	GREENSMARTDEKOR	0.58
RUBBERMAID	HORSEMENSPRIDE	0.62
RUBBERMAID	AMERICANGROUNDSCREW	0.55
RUBBERMAID	AURORA	0.61
RUBBERMAID	BADBOY	0.51
RUBBERMAID	COLUMBIASPORTSWEAR	0.53
RUBBERMAID	DESPERATEENTERPRISES	0.55
RUBBERMAID	FEITELECTRIC	0.52
RUBBERMAID	GREENWORKS	0.53
RUBBERMAID	TEMPO	0.53
ARTCLASS	ITASCA	0.65
ARTCLASS	LAMBERTKAY	0.58
ARTCLASS	MAKITA	0.63
ARTCLASS	DEWALT	0.51
ARTCLASS	DREMEL	0.53
ARTCLASS	FISKARS	0.51
ARTCLASS	FRISKIES	0.58
ARTCLASS	FRONTLINE	0.57
ARTCLASS	GORILLA	0.60
ARTCLASS	HORSEMENSPRIDE	0.53
ARTCLASS	ACANA	0.69
ARTCLASS	AGRIFAB	0.64
ARTCLASS	AGRILABS	0.78
ARTCLASS	AGROSCI	0.65
ARTCLASS	ALLFENZ	0.56
ARTCLASS	ALLIEDPRECISIONINDUSTRIES	0.56
ARTCLASS	ALLSEASONSFEEDERS	0.62
ARTCLASS	AMERICANFARMWORKS	0.62
ARTCLASS	AMERICANEXCELSIORCOMPANY	0.65
ARTCLASS	AMERICANGROUNDSCREW	0.67
ARTCLASS	APOLLOSMART	0.58
ARTCLASS	AURORA	0.66
ARTCLASS	ADVANCEDWORKPRODUCTS	0.54
ARTCLASS	BARNESPAPERCOMPANY	0.57
ARTCLASS	BRADLEYSMOKER	0.52
ARTCLASS	BRAZOS	0.51
ARTCLASS	COLUMBIASPORTSWEAR	0.53
ARTCLASS	DICKIES	0.51
ARTCLASS	FAULTLESS	0.66
ARTCLASS	HILLMAN	0.51
ARTCLASS	MASSIMO	0.51
ARTCLASS	ZYLINA	0.53
SOREL	LAMBERTKAY	0.52
SOREL	BERNZOMATIC	0.51
SOREL	DEWALT	0.58
SOREL	DREMEL	0.70
SOREL	STANLEY	0.61
SOREL	FRISKIES	0.55
SOREL	FRONTLINE	0.53
SOREL	GORILLA	0.68
SOREL	HORSEMENSPRIDE	0.57
SOREL	509CREW	0.56
SOREL	AGRILABS	0.55
SOREL	ALLSEASONSFEEDERS	0.55
SOREL	APOLLOSMART	0.53
SOREL	FEITELECTRIC	0.52
SOREL	FIELDTUFF	0.54
SOREL	GREENWORKS	0.53
SOREL	LEE	0.51
SOREL	STANLEYMUFFLERCOMPANY	0.52
UNIVERSALTHREAD	LAMBERTKAY	0.51
UNIVERSALTHREAD	BESTFRIENDSBYSHERI	0.59
UNIVERSALTHREAD	BLUEBUFFALO	0.54
UNIVERSALTHREAD	CERAKOTE	0.65
UNIVERSALTHREAD	DEWALT	0.64
UNIVERSALTHREAD	STANLEY	0.52
UNIVERSALTHREAD	FRONTLINE	0.52
UNIVERSALTHREAD	GERBER	0.57
UNIVERSALTHREAD	GREENSMARTDEKOR	0.62
UNIVERSALTHREAD	HORSEMENSPRIDE	0.51
UNIVERSALTHREAD	AGRILABS	0.52
UNIVERSALTHREAD	ALLIEDPRECISIONINDUSTRIES	0.52
UNIVERSALTHREAD	ALLSEASONSFEEDERS	0.52
UNIVERSALTHREAD	AMERICANEXCELSIORCOMPANY	0.53
UNIVERSALTHREAD	AMERICANGROUNDSCREW	0.58
UNIVERSALTHREAD	APOLLOSMART	0.53
UNIVERSALTHREAD	AURORA	0.57
UNIVERSALTHREAD	ADVANCEDWORKPRODUCTS	0.52
UNIVERSALTHREAD	BARNESPAPERCOMPANY	0.51
UNIVERSALTHREAD	BRADLEYSMOKER	0.50
UNIVERSALTHREAD	HIGHTECHPET	0.53
UNIVERSALTHREAD	COLEMANPOWERSPORTS	0.57
UNIVERSALTHREAD	COLUMBIASPORTSWEAR	0.59
UNIVERSALTHREAD	DESPERATEENTERPRISES	0.52
UNIVERSALTHREAD	DICKIES	0.54
UNIVERSALTHREAD	FAULTLESS	0.52
UNIVERSALTHREAD	HILLSSCIENCEDIET	0.52
UNIVERSALTHREAD	INFINITYHEADWEAR	0.63
UNIVERSALTHREAD	PLASTICDEVELOPMENTGROUP	0.55
UNIVERSALTHREAD	PETSAFE	0.61
UNIVERSALTHREAD	STANLEYMUFFLERCOMPANY	0.56
UNIVERSALTHREAD	ZYLINA	0.52
UNIVERSALTHREAD	UNKNOWN	0.58
COLEMAN	BERNZOMATIC	0.56
COLEMAN	BESTNEST	0.51
COLEMAN	BLUEBUFFALO	0.57
COLEMAN	CERAKOTE	0.64
COLEMAN	DREMEL	0.54
COLEMAN	STANLEY	0.52
COLEMAN	GORILLA	0.62
COLEMAN	HORSEMENSPRIDE	0.62
COLEMAN	ACANA	0.56
COLEMAN	AGRILABS	0.51
COLEMAN	ALLFENZ	0.62
COLEMAN	ALLIEDPRECISIONINDUSTRIES	0.57
COLEMAN	ALLSEASONSFEEDERS	0.60
COLEMAN	AMERICANFARMWORKS	0.54
COLEMAN	AMERICANEXCELSIORCOMPANY	0.56
COLEMAN	AMERICANGROUNDSCREW	0.53
COLEMAN	APOLLOSMART	0.65
COLEMAN	AURORA	0.54
COLEMAN	COLEMANPOWERSPORTS	0.88
COLEMAN	COLUMBIASPORTSWEAR	0.76
COLEMAN	DCCARGO	0.52
COLEMAN	DESPERATEENTERPRISES	0.53
COLEMAN	DICKIES	0.52
COLEMAN	FAULTLESS	0.50
COLEMAN	HILLMAN	0.71
COLEMAN	HILLSSCIENCEDIET	0.52
COLEMAN	LEE	0.65
COLEMAN	TEMPO	0.56
COLEMAN	PLASTICDEVELOPMENTGROUP	0.57
COLEMAN	PETSAFE	0.52
COLEMAN	ZYLINA	0.53
STEP2	STANLEY	0.65
STEP2	HORSEMENSPRIDE	0.60
STEP2	ALLSEASONSFEEDERS	0.51
STEP2	HIGHTECHPET	0.53
STEP2	COLEMANPOWERSPORTS	0.50
STEP2	COLUMBIASPORTSWEAR	0.50
STEP2	HILLSSCIENCEDIET	0.51
STEP2	LEE	0.51
STEP2	INFINITYHEADWEAR	0.51
STEP2	TEMPO	0.73
STEP2	STANLEYMUFFLERCOMPANY	0.66
NATIONALTREECOMPANY	CERAKOTE	0.53
NATIONALTREECOMPANY	DREMEL	0.50
NATIONALTREECOMPANY	STANLEY	0.59
NATIONALTREECOMPANY	FRONTLINE	0.62
NATIONALTREECOMPANY	GORILLA	0.53
NATIONALTREECOMPANY	AGRILABS	0.53
NATIONALTREECOMPANY	AGROSCI	0.56
NATIONALTREECOMPANY	ALLIEDPRECISIONINDUSTRIES	0.57
NATIONALTREECOMPANY	ALLSEASONSFEEDERS	0.51
NATIONALTREECOMPANY	AMERICANFARMWORKS	0.55
NATIONALTREECOMPANY	AMERICANEXCELSIORCOMPANY	0.74
NATIONALTREECOMPANY	AMERICANGROUNDSCREW	0.53
NATIONALTREECOMPANY	APOLLOSMART	0.57
NATIONALTREECOMPANY	AURORA	0.50
NATIONALTREECOMPANY	BARNESPAPERCOMPANY	0.70
NATIONALTREECOMPANY	HIGHTECHPET	0.50
NATIONALTREECOMPANY	COLEMANPOWERSPORTS	0.54
NATIONALTREECOMPANY	COLUMBIASPORTSWEAR	0.54
NATIONALTREECOMPANY	FEITELECTRIC	0.53
NATIONALTREECOMPANY	LEE	0.59
NATIONALTREECOMPANY	INFINITYHEADWEAR	0.53
NATIONALTREECOMPANY	MASSIMO	0.53
NATIONALTREECOMPANY	TEMPO	0.50
NATIONALTREECOMPANY	PLASTICDEVELOPMENTGROUP	0.62
NATIONALTREECOMPANY	STANLEYMUFFLERCOMPANY	0.72
NATIONALTREECOMPANY	YETI	0.54
SPRITZ	BESTNEST	0.53
SPRITZ	CERAKOTE	0.53
SPRITZ	GORILLA	0.54
SPRITZ	AGRIFAB	0.54
SPRITZ	AGRILABS	0.53
SPRITZ	ALLIEDPRECISIONINDUSTRIES	0.53
SPRITZ	HIGHTECHPET	0.51
SPRITZ	BRAZOS	0.56
SPRITZ	COLUMBIASPORTSWEAR	0.50
SPRITZ	DASUQUIN	0.53
SPRITZ	DESPERATEENTERPRISES	0.62
SPRITZ	FIELDTUFF	0.52
SPRITZ	MASSIMO	0.54
SPRITZ	PETSAFE	0.54
SPRITZ	STANLEYMUFFLERCOMPANY	0.53
MEDLINE	CERAKOTE	0.51
MEDLINE	DEWALT	0.53
MEDLINE	DREMEL	0.58
MEDLINE	STANLEY	0.51
MEDLINE	FRISKIES	0.51
MEDLINE	FRONTLINE	0.55
MEDLINE	GERBER	0.54
MEDLINE	GREENSMARTDEKOR	0.53
MEDLINE	ALLFENZ	0.51
MEDLINE	ALLIEDPRECISIONINDUSTRIES	0.53
MEDLINE	ALLSEASONSFEEDERS	0.52
MEDLINE	AMERICANFARMWORKS	0.60
MEDLINE	AMERICANEXCELSIORCOMPANY	0.59
MEDLINE	AMERICANGROUNDSCREW	0.59
MEDLINE	BRADLEYSMOKER	0.50
MEDLINE	COLEMANPOWERSPORTS	0.60
MEDLINE	DASUQUIN	0.60
MEDLINE	DEEZEE	0.53
MEDLINE	DICKIES	0.62
MEDLINE	FAULTLESS	0.50
MEDLINE	FEITELECTRIC	0.51
MEDLINE	FIELDTUFF	0.55
MEDLINE	HILLMAN	0.52
MEDLINE	HILLSSCIENCEDIET	0.61
MEDLINE	INFINITYHEADWEAR	0.54
MEDLINE	MASSIMO	0.57
MEDLINE	PLASTICDEVELOPMENTGROUP	0.51
MEDLINE	PETSAFE	0.52
MEDLINE	STANLEYMUFFLERCOMPANY	0.52
MEDLINE	YETI	0.60
MEDLINE	ZYLINA	0.64
GELO	CERAKOTE	0.58
GELO	DEWALT	0.61
GELO	GERBER	0.69
GELO	GORILLA	0.65
GELO	GREENSMARTDEKOR	0.59
GELO	AGRILABS	0.58
GELO	AGROSCI	0.60
GELO	ALLIEDPRECISIONINDUSTRIES	0.51
GELO	ALLSEASONSFEEDERS	0.53
GELO	AMERICANEXCELSIORCOMPANY	0.53
GELO	AMERICANGROUNDSCREW	0.52
GELO	ADVANCEDWORKPRODUCTS	0.53
GELO	HIGHTECHPET	0.56
GELO	COLEMANPOWERSPORTS	0.53
GELO	FEITELECTRIC	0.56
GELO	FIELDTUFF	0.57
GELO	GREENWORKS	0.71
GELO	LEE	0.53
GELO	TEMPO	0.63
GELO	PLASTICDEVELOPMENTGROUP	0.52
SUNJOE	CERAKOTE	0.53
SUNJOE	STANLEY	0.68
SUNJOE	FRISKIES	0.53
SUNJOE	ALLSEASONSFEEDERS	0.55
SUNJOE	AURORA	0.56
SUNJOE	DASUQUIN	0.53
SUNJOE	DINGO	0.58
SUNJOE	FAULTLESS	0.52
SUNJOE	MASSIMO	0.54
SUNJOE	STANLEYMUFFLERCOMPANY	0.54
SUNJOE	UNKNOWN	0.64
NERF	FRONTLINE	0.58
NERF	GERBER	0.61
NERF	GREENSMARTDEKOR	0.54
NERF	AGRIFAB	0.60
NERF	ALLIEDPRECISIONINDUSTRIES	0.53
NERF	ALLSEASONSFEEDERS	0.54
NERF	AMERICANFARMWORKS	0.62
NERF	ADVANCEDWORKPRODUCTS	0.63
NERF	DESPERATEENTERPRISES	0.53
NERF	GREENWORKS	0.57
NERF	LEE	0.53
NERF	INFINITYHEADWEAR	0.54
NERF	PETSAFE	0.60
NERF	STANLEYMUFFLERCOMPANY	0.63
SAFETY1ST	STANLEY	0.69
SAFETY1ST	FISKARS	0.55
SAFETY1ST	FRISKIES	0.56
SAFETY1ST	HOPKINSTOWINGSOLUTIONS	0.54
SAFETY1ST	HORSEMENSPRIDE	0.52
SAFETY1ST	AGRIFAB	0.50
SAFETY1ST	AGROSCI	0.50
SAFETY1ST	ALLFENZ	0.59
SAFETY1ST	APOLLOSMART	0.54
SAFETY1ST	BADBOY	0.52
SAFETY1ST	BRADLEYSMOKER	0.58
SAFETY1ST	BRAZOS	0.52
SAFETY1ST	DESPERATEENTERPRISES	0.50
SAFETY1ST	DICKIES	0.50
SAFETY1ST	FAULTLESS	0.57
SAFETY1ST	FEITELECTRIC	0.59
SAFETY1ST	FIELDTUFF	0.56
SAFETY1ST	PETSAFE	0.59
SAFETY1ST	STANLEYMUFFLERCOMPANY	0.59
SAFETY1ST	YETI	0.57
EVENFLO	STANLEY	0.52
EVENFLO	FRONTLINE	0.50
EVENFLO	GERBER	0.54
EVENFLO	GREENSMARTDEKOR	0.54
EVENFLO	ALLIEDPRECISIONINDUSTRIES	0.50
EVENFLO	ALLSEASONSFEEDERS	0.50
EVENFLO	AMERICANFARMWORKS	0.60
EVENFLO	AMERICANEXCELSIORCOMPANY	0.57
EVENFLO	AMERICANGROUNDSCREW	0.53
EVENFLO	BARNESPAPERCOMPANY	0.51
EVENFLO	DEEZEE	0.54
EVENFLO	DESPERATEENTERPRISES	0.53
EVENFLO	DINGO	0.56
EVENFLO	FEITELECTRIC	0.55
EVENFLO	GREENWORKS	0.66
EVENFLO	LEE	0.65
EVENFLO	TEMPO	0.56
EVENFLO	PLASTICDEVELOPMENTGROUP	0.51
EVENFLO	PETSAFE	0.52
EVENFLO	STANLEYMUFFLERCOMPANY	0.52
EVENFLO	UNKNOWN	0.52
ENERGIZER	FRISKIES	0.57
ENERGIZER	FRONTLINE	0.55
ENERGIZER	GERBER	0.62
ENERGIZER	GORILLA	0.50
ENERGIZER	GREENSMARTDEKOR	0.61
ENERGIZER	HORSEMENSPRIDE	0.62
ENERGIZER	ALLFENZ	0.50
ENERGIZER	ALLSEASONSFEEDERS	0.56
ENERGIZER	AMERICANFARMWORKS	0.52
ENERGIZER	AMERICANEXCELSIORCOMPANY	0.59
ENERGIZER	AMERICANGROUNDSCREW	0.55
ENERGIZER	BARNESPAPERCOMPANY	0.54
ENERGIZER	BRADLEYSMOKER	0.50
ENERGIZER	HIGHTECHPET	0.52
ENERGIZER	BRAZOS	0.52
ENERGIZER	COLEMANPOWERSPORTS	0.61
ENERGIZER	DCCARGO	0.50
ENERGIZER	DEEZEE	0.70
ENERGIZER	DESPERATEENTERPRISES	0.54
ENERGIZER	DINGO	0.54
ENERGIZER	FEITELECTRIC	0.59
ENERGIZER	GREENWORKS	0.64
ENERGIZER	LEE	0.63
ENERGIZER	INFINITYHEADWEAR	0.52
ENERGIZER	PETSAFE	0.50
ENERGIZER	YETI	0.57
KETER	GERBER	0.59
KETER	AMERICANFARMWORKS	0.51
KETER	AMERICANGROUNDSCREW	0.50
KETER	COLEMANPOWERSPORTS	0.59
KETER	DEEZEE	0.58
KETER	DESPERATEENTERPRISES	0.54
KETER	FAULTLESS	0.54
KETER	FEITELECTRIC	0.71
KETER	FIELDTUFF	0.54
KETER	GREENWORKS	0.52
KETER	LEE	0.69
KETER	INFINITYHEADWEAR	0.51
KETER	PETSAFE	0.56
KETER	STANLEYMUFFLERCOMPANY	0.58
KETER	YETI	0.63
INTEX	FRONTLINE	0.54
INTEX	HOPKINSTOWINGSOLUTIONS	0.58
INTEX	AMERICANEXCELSIORCOMPANY	0.53
INTEX	BARNESPAPERCOMPANY	0.50
INTEX	HIGHTECHPET	0.62
INTEX	DICKIES	0.56
INTEX	DINGO	0.60
INTEX	FAULTLESS	0.54
INTEX	FIELDTUFF	0.53
INTEX	HILLSSCIENCEDIET	0.51
INTEX	LEE	0.51
INTEX	INFINITYHEADWEAR	0.75
HONEYWELL	GERBER	0.52
HONEYWELL	GORILLA	0.59
HONEYWELL	HOPKINSTOWINGSOLUTIONS	0.68
HONEYWELL	HORSEMENSPRIDE	0.66
HONEYWELL	509CREW	0.50
HONEYWELL	ALLSEASONSFEEDERS	0.53
HONEYWELL	APOLLOSMART	0.54
HONEYWELL	BADBOY	0.52
HONEYWELL	HIGHTECHPET	0.58
HONEYWELL	COLEMANPOWERSPORTS	0.56
HONEYWELL	DEEZEE	0.52
HONEYWELL	FEITELECTRIC	0.53
HONEYWELL	HILLSSCIENCEDIET	0.61
HONEYWELL	INFINITYHEADWEAR	0.56
HONEYWELL	PETSAFE	0.50
HONEYWELL	STANLEYMUFFLERCOMPANY	0.54
KOHLER	GORILLA	0.54
KOHLER	ALLFENZ	0.54
KOHLER	ALLIEDPRECISIONINDUSTRIES	0.54
KOHLER	APOLLOSMART	0.59
KOHLER	AURORA	0.56
KOHLER	HIGHTECHPET	0.51
KOHLER	COLEMANPOWERSPORTS	0.63
KOHLER	COLUMBIASPORTSWEAR	0.56
KOHLER	FAULTLESS	0.52
KOHLER	HILLMAN	0.54
KOHLER	HILLSSCIENCEDIET	0.56
KOHLER	STANLEYMUFFLERCOMPANY	0.55
BACTIVE	509CREW	0.52
BACTIVE	ACANA	0.56
BACTIVE	AGRIFAB	0.52
BACTIVE	AGRILABS	0.51
BACTIVE	AGROSCI	0.52
BACTIVE	ALLFENZ	0.52
BACTIVE	AMERICANFARMWORKS	0.52
BACTIVE	AMERICANGROUNDSCREW	0.51
BACTIVE	ADVANCEDWORKPRODUCTS	0.51
BACTIVE	BADBOY	0.63
BACTIVE	BARNESPAPERCOMPANY	0.63
BACTIVE	BOSS	0.52
BACTIVE	BRADLEYSMOKER	0.60
BACTIVE	HIGHTECHPET	0.52
BACTIVE	BRAZOS	0.59
BACTIVE	DASUQUIN	0.51
BACTIVE	DICKIES	0.62
BACTIVE	FAULTLESS	0.59
BACTIVE	MASSIMO	0.52
BACTIVE	PLASTICDEVELOPMENTGROUP	0.57
BACTIVE	PETSAFE	0.52
BACTIVE	YETI	0.60
MARYRUTHORGANICS	HORSEMENSPRIDE	0.54
MARYRUTHORGANICS	ACANA	0.51
MARYRUTHORGANICS	AGRIFAB	0.54
MARYRUTHORGANICS	AGRILABS	0.52
MARYRUTHORGANICS	AGROSCI	0.61
MARYRUTHORGANICS	AMERICANFARMWORKS	0.59
MARYRUTHORGANICS	AMERICANEXCELSIORCOMPANY	0.56
MARYRUTHORGANICS	AMERICANGROUNDSCREW	0.67
MARYRUTHORGANICS	AURORA	0.71
MARYRUTHORGANICS	ADVANCEDWORKPRODUCTS	0.51
MARYRUTHORGANICS	COLUMBIASPORTSWEAR	0.58
MARYRUTHORGANICS	DCCARGO	0.52
MARYRUTHORGANICS	DESPERATEENTERPRISES	0.53
MARYRUTHORGANICS	FAULTLESS	0.56
MARYRUTHORGANICS	MASSIMO	0.63
MARYRUTHORGANICS	PLASTICDEVELOPMENTGROUP	0.51
MARYRUTHORGANICS	STANLEYMUFFLERCOMPANY	0.55
MARYRUTHORGANICS	YETI	0.54
MARYRUTHORGANICS	UNKNOWN	0.54
LITHONIALIGHTING	HORSEMENSPRIDE	0.51
LITHONIALIGHTING	ALLIEDPRECISIONINDUSTRIES	0.56
LITHONIALIGHTING	APOLLOSMART	0.52
LITHONIALIGHTING	DINGO	0.56
LITHONIALIGHTING	HILLMAN	0.63
LITHONIALIGHTING	HILLSSCIENCEDIET	0.58
LITHONIALIGHTING	LEE	0.52
LITHONIALIGHTING	TEMPO	0.51
LITHONIALIGHTING	PLASTICDEVELOPMENTGROUP	0.54
LITHONIALIGHTING	ZYLINA	0.64
HP	ALLIEDPRECISIONINDUSTRIES	0.51
HP	APOLLOSMART	0.53
HP	BARNESPAPERCOMPANY	0.52
HP	HIGHTECHPET	0.58
HP	COLEMANPOWERSPORTS	0.52
HP	COLUMBIASPORTSWEAR	0.52
HP	DESPERATEENTERPRISES	0.52
HP	HILLMAN	0.59
HP	HILLSSCIENCEDIET	0.57
HP	PLASTICDEVELOPMENTGROUP	0.51
HP	PETSAFE	0.55
SAUDER	AGRILABS	0.53
SAUDER	ALLFENZ	0.54
SAUDER	ALLIEDPRECISIONINDUSTRIES	0.54
SAUDER	AMERICANFARMWORKS	0.56
SAUDER	AMERICANEXCELSIORCOMPANY	0.54
SAUDER	AMERICANGROUNDSCREW	0.55
SAUDER	APOLLOSMART	0.51
SAUDER	AURORA	0.67
SAUDER	ADVANCEDWORKPRODUCTS	0.62
SAUDER	BADBOY	0.56
SAUDER	BARNESPAPERCOMPANY	0.50
SAUDER	COLUMBIASPORTSWEAR	0.55
SAUDER	DASUQUIN	0.60
SAUDER	DCCARGO	0.54
SAUDER	DESPERATEENTERPRISES	0.53
SAUDER	FAULTLESS	0.61
SAUDER	PLASTICDEVELOPMENTGROUP	0.53
SAUDER	STANLEYMUFFLERCOMPANY	0.66
HUFFY	HILLMAN	0.50
HUFFY	INFINITYHEADWEAR	0.51
HUFFY	STANLEYMUFFLERCOMPANY	0.54
BALANCEFROM	AGRILABS	0.55
BALANCEFROM	ALLFENZ	0.66
BALANCEFROM	ALLIEDPRECISIONINDUSTRIES	0.52
BALANCEFROM	ALLSEASONSFEEDERS	0.61
BALANCEFROM	AMERICANFARMWORKS	0.65
BALANCEFROM	AMERICANEXCELSIORCOMPANY	0.60
BALANCEFROM	AMERICANGROUNDSCREW	0.57
BALANCEFROM	APOLLOSMART	0.54
BALANCEFROM	ADVANCEDWORKPRODUCTS	0.61
BALANCEFROM	BADBOY	0.60
BALANCEFROM	BARNESPAPERCOMPANY	0.76
BALANCEFROM	BOSS	0.50
BALANCEFROM	BRADLEYSMOKER	0.71
BALANCEFROM	BRAZOS	0.55
BALANCEFROM	COLEMANPOWERSPORTS	0.56
BALANCEFROM	COLUMBIASPORTSWEAR	0.53
BALANCEFROM	DCCARGO	0.56
BALANCEFROM	FAULTLESS	0.54
BALANCEFROM	LEE	0.62
BALANCEFROM	PLASTICDEVELOPMENTGROUP	0.55
BALANCEFROM	STANLEYMUFFLERCOMPANY	0.64
ALLINMOTION	AGROSCI	0.51
ALLINMOTION	ALLFENZ	0.75
ALLINMOTION	ALLIEDPRECISIONINDUSTRIES	0.78
ALLINMOTION	ALLSEASONSFEEDERS	0.66
ALLINMOTION	AMERICANFARMWORKS	0.53
ALLINMOTION	AMERICANEXCELSIORCOMPANY	0.64
ALLINMOTION	AMERICANGROUNDSCREW	0.58
ALLINMOTION	APOLLOSMART	0.70
ALLINMOTION	AURORA	0.55
ALLINMOTION	ADVANCEDWORKPRODUCTS	0.57
ALLINMOTION	BADBOY	0.51
ALLINMOTION	BARNESPAPERCOMPANY	0.51
ALLINMOTION	BRADLEYSMOKER	0.56
ALLINMOTION	BRAZOS	0.51
ALLINMOTION	COLEMANPOWERSPORTS	0.52
ALLINMOTION	COLUMBIASPORTSWEAR	0.53
ALLINMOTION	DASUQUIN	0.55
ALLINMOTION	DINGO	0.62
ALLINMOTION	FAULTLESS	0.52
ALLINMOTION	HILLMAN	0.59
ALLINMOTION	MASSIMO	0.65
ALLINMOTION	TEMPO	0.53
ALLINMOTION	PLASTICDEVELOPMENTGROUP	0.59
ALLINMOTION	STANLEYMUFFLERCOMPANY	0.58
ALLINMOTION	ZYMOX	0.53
ALLINMOTION	ZYLINA	0.59
ALLINMOTION	UNKNOWN	0.57
PYLE	ALLFENZ	0.60
PYLE	ALLSEASONSFEEDERS	0.54
PYLE	APOLLOSMART	0.56
PYLE	FAULTLESS	0.57
PYLE	HILLSSCIENCEDIET	0.54
PYLE	LEE	0.53
PYLE	INFINITYHEADWEAR	0.54
PYLE	PLASTICDEVELOPMENTGROUP	0.66
PYLE	PETSAFE	0.64
PYLE	ZYLINA	0.61
DORMAN	AMERICANFARMWORKS	0.55
DORMAN	AMERICANEXCELSIORCOMPANY	0.53
DORMAN	AMERICANGROUNDSCREW	0.54
DORMAN	AURORA	0.56
DORMAN	ADVANCEDWORKPRODUCTS	0.53
DORMAN	BRAZOS	0.56
DORMAN	COLEMANPOWERSPORTS	0.63
DORMAN	COLUMBIASPORTSWEAR	0.56
DORMAN	DASUQUIN	0.66
DORMAN	DCCARGO	0.58
DORMAN	DESPERATEENTERPRISES	0.66
DORMAN	DINGO	0.51
DORMAN	GREENWORKS	0.51
DORMAN	HILLMAN	0.64
BARBIE	AMERICANFARMWORKS	0.51
BARBIE	AMERICANGROUNDSCREW	0.50
BARBIE	AURORA	0.56
BARBIE	BADBOY	0.73
BARBIE	BARNESPAPERCOMPANY	0.74
BARBIE	BOSS	0.52
BARBIE	BRADLEYSMOKER	0.62
BARBIE	HIGHTECHPET	0.51
BARBIE	BRAZOS	0.60
BARBIE	DASUQUIN	0.53
BARBIE	DCCARGO	0.54
BARBIE	DICKIES	0.54
BARBIE	FAULTLESS	0.52
BARBIE	FIELDTUFF	0.52
BARBIE	GREENWORKS	0.51
BARBIE	MASSIMO	0.54
BARBIE	PLASTICDEVELOPMENTGROUP	0.54
GE	AMERICANFARMWORKS	0.52
GE	AMERICANEXCELSIORCOMPANY	0.51
GE	AMERICANGROUNDSCREW	0.54
GE	ADVANCEDWORKPRODUCTS	0.52
GE	BARNESPAPERCOMPANY	0.52
GE	BRADLEYSMOKER	0.53
GE	HIGHTECHPET	0.73
GE	COLEMANPOWERSPORTS	0.52
GE	DEEZEE	0.56
GE	DESPERATEENTERPRISES	0.52
GE	FEITELECTRIC	0.53
GE	FIELDTUFF	0.54
GE	GREENWORKS	0.76
GE	HILLSSCIENCEDIET	0.52
GE	LEE	0.61
GE	TEMPO	0.57
GE	PLASTICDEVELOPMENTGROUP	0.51
GE	PETSAFE	0.55
GE	STANLEYMUFFLERCOMPANY	0.52
GE	YETI	0.58
HUNTER	AURORA	0.56
HUNTER	ADVANCEDWORKPRODUCTS	0.55
HUNTER	HIGHTECHPET	0.63
HUNTER	FAULTLESS	0.61
HUNTER	HILLSSCIENCEDIET	0.51
HUNTER	INFINITYHEADWEAR	0.56
HUNTER	PETSAFE	0.54
HUNTER	STANLEYMUFFLERCOMPANY	0.59
HUNTER	UNKNOWN	0.54
SAMSUNG	AMERICANGROUNDSCREW	0.56
SAMSUNG	BOSS	0.60
SAMSUNG	BRAZOS	0.54
SAMSUNG	DASUQUIN	0.61
SAMSUNG	DCCARGO	0.52
SAMSUNG	DESPERATEENTERPRISES	0.53
SAMSUNG	FAULTLESS	0.50
SAMSUNG	HILLMAN	0.52
SAMSUNG	HILLSSCIENCEDIET	0.54
SAMSUNG	MASSIMO	0.63
SAMSUNG	STANLEYMUFFLERCOMPANY	0.60
HEARTHHANDWITHMAGNOLIA	AURORA	0.55
HEARTHHANDWITHMAGNOLIA	HIGHTECHPET	0.58
HEARTHHANDWITHMAGNOLIA	FEITELECTRIC	0.51
HEARTHHANDWITHMAGNOLIA	HILLMAN	0.56
HEARTHHANDWITHMAGNOLIA	INFINITYHEADWEAR	0.53
HEARTHHANDWITHMAGNOLIA	MASSIMO	0.52
HEARTHHANDWITHMAGNOLIA	PLASTICDEVELOPMENTGROUP	0.51
HEARTHHANDWITHMAGNOLIA	YETI	0.63
LASKO	AURORA	0.58
LASKO	BADBOY	0.58
LASKO	BARNESPAPERCOMPANY	0.59
LASKO	BRADLEYSMOKER	0.62
LASKO	BRAZOS	0.58
LASKO	COLUMBIASPORTSWEAR	0.51
LASKO	DASUQUIN	0.55
LASKO	DCCARGO	0.56
LASKO	HILLSSCIENCEDIET	0.51
LASKO	LEE	0.56
LASKO	MASSIMO	0.68
LASKO	PLASTICDEVELOPMENTGROUP	0.66
LASKO	UNKNOWN	0.56
JUSTONEYOUMADEBYCARTERS	ADVANCEDWORKPRODUCTS	0.58
JUSTONEYOUMADEBYCARTERS	BARNESPAPERCOMPANY	0.53
JUSTONEYOUMADEBYCARTERS	BRADLEYSMOKER	0.60
JUSTONEYOUMADEBYCARTERS	COLEMANPOWERSPORTS	0.58
JUSTONEYOUMADEBYCARTERS	COLUMBIASPORTSWEAR	0.60
JUSTONEYOUMADEBYCARTERS	DASUQUIN	0.51
JUSTONEYOUMADEBYCARTERS	DESPERATEENTERPRISES	0.54
JUSTONEYOUMADEBYCARTERS	HILLSSCIENCEDIET	0.51
JUSTONEYOUMADEBYCARTERS	INFINITYHEADWEAR	0.58
JUSTONEYOUMADEBYCARTERS	TEMPO	0.53
JUSTONEYOUMADEBYCARTERS	PLASTICDEVELOPMENTGROUP	0.53
JUSTONEYOUMADEBYCARTERS	PETSAFE	0.58
JUSTONEYOUMADEBYCARTERS	STANLEYMUFFLERCOMPANY	0.64
JUSTONEYOUMADEBYCARTERS	YETI	0.52
HAMILTONBEACH	HIGHTECHPET	0.70
HAMILTONBEACH	COLUMBIASPORTSWEAR	0.60
HAMILTONBEACH	DASUQUIN	0.54
HAMILTONBEACH	FAULTLESS	0.58
HAMILTONBEACH	FEITELECTRIC	0.50
HAMILTONBEACH	FIELDTUFF	0.52
HAMILTONBEACH	HILLMAN	0.70
HAMILTONBEACH	HILLSSCIENCEDIET	0.60
HAMILTONBEACH	MASSIMO	0.54
HAMILTONBEACH	STANLEYMUFFLERCOMPANY	0.54
HAMILTONBEACH	ZYMOX	0.52
HAMILTONBEACH	ZYLINA	0.53
MONDOLLAMA	COLUMBIASPORTSWEAR	0.51
MONDOLLAMA	DINGO	0.52
MONDOLLAMA	HILLMAN	0.57
MONDOLLAMA	MASSIMO	0.52
MONDOLLAMA	TEMPO	0.53
MONDOLLAMA	PLASTICDEVELOPMENTGROUP	0.51
MONDOLLAMA	STANLEYMUFFLERCOMPANY	0.61
MONDOLLAMA	ZYMOX	0.53
AUTOVENTSHADE	BRADLEYSMOKER	0.54
AUTOVENTSHADE	HIGHTECHPET	0.51
AUTOVENTSHADE	BRAZOS	0.58
AUTOVENTSHADE	DASUQUIN	0.54
AUTOVENTSHADE	DESPERATEENTERPRISES	0.51
AUTOVENTSHADE	FAULTLESS	0.65
AUTOVENTSHADE	INFINITYHEADWEAR	0.56
AUTOVENTSHADE	PLASTICDEVELOPMENTGROUP	0.60
AUTOVENTSHADE	PETSAFE	0.50
STAPLES	BRAZOS	0.54
STAPLES	COLEMANPOWERSPORTS	0.53
STAPLES	COLUMBIASPORTSWEAR	0.56
STAPLES	DICKIES	0.52
STAPLES	FAULTLESS	0.66
STAPLES	TEMPO	0.56
STAPLES	PLASTICDEVELOPMENTGROUP	0.59
STAPLES	PETSAFE	0.62
STAPLES	STANLEYMUFFLERCOMPANY	0.76
KEURIG	DASUQUIN	0.53
KEURIG	DCCARGO	0.54
KEURIG	YETI	0.61
BABYTREND	DCCARGO	0.50
BABYTREND	DESPERATEENTERPRISES	0.52
BABYTREND	FAULTLESS	0.56
BABYTREND	GREENWORKS	0.54
BABYTREND	HILLSSCIENCEDIET	0.51
BABYTREND	INFINITYHEADWEAR	0.52
BABYTREND	YETI	0.57
BABYTREND	ZYLINA	0.52
MADEBYDESIGN	DASUQUIN	0.53
MADEBYDESIGN	DEEZEE	0.58
MADEBYDESIGN	DESPERATEENTERPRISES	0.50
MADEBYDESIGN	DICKIES	0.51
MADEBYDESIGN	FAULTLESS	0.53
MADEBYDESIGN	GREENWORKS	0.52
MADEBYDESIGN	HILLMAN	0.56
MADEBYDESIGN	LEE	0.61
MADEBYDESIGN	MASSIMO	0.71
MADEBYDESIGN	PLASTICDEVELOPMENTGROUP	0.53
GENERALTOOLS	DCCARGO	0.55
GENERALTOOLS	DESPERATEENTERPRISES	0.60
GENERALTOOLS	DINGO	0.51
GENERALTOOLS	FAULTLESS	0.58
GENERALTOOLS	FEITELECTRIC	0.51
GENERALTOOLS	FIELDTUFF	0.53
GENERALTOOLS	GREENWORKS	0.72
GENERALTOOLS	LEE	0.61
GENERALTOOLS	TEMPO	0.52
GENERALTOOLS	PLASTICDEVELOPMENTGROUP	0.53
GENERALTOOLS	PETSAFE	0.55
GENERALTOOLS	STANLEYMUFFLERCOMPANY	0.58
GENERALTOOLS	YETI	0.56
SUNSQUAD	INFINITYHEADWEAR	0.52
SUNSQUAD	MASSIMO	0.51
SUNSQUAD	PETSAFE	0.51
SUNSQUAD	STANLEYMUFFLERCOMPANY	0.53
SUNSQUAD	ZYLINA	0.53
SUNSQUAD	UNKNOWN	0.51
FRIGIDAIRE	DICKIES	0.58
FRIGIDAIRE	DINGO	0.53
FRIGIDAIRE	FAULTLESS	0.53
FRIGIDAIRE	FEITELECTRIC	0.62
FRIGIDAIRE	FIELDTUFF	0.59
FRIGIDAIRE	HILLSSCIENCEDIET	0.50
FRIGIDAIRE	INFINITYHEADWEAR	0.62
FRIGIDAIRE	ZYLINA	0.51
LINENSPA	DICKIES	0.60
LINENSPA	DINGO	0.55
LINENSPA	FAULTLESS	0.57
LINENSPA	HILLMAN	0.52
LINENSPA	HILLSSCIENCEDIET	0.51
LINENSPA	LEE	0.67
LINENSPA	INFINITYHEADWEAR	0.58
LINENSPA	TEMPO	0.55
LINENSPA	PLASTICDEVELOPMENTGROUP	0.53
LINENSPA	PETSAFE	0.60
LINENSPA	ZYLINA	0.72
LINENSPA	UNKNOWN	0.51
SUNNYHEALTHFITNESS	FAULTLESS	0.60
SUNNYHEALTHFITNESS	INFINITYHEADWEAR	0.58
SUNNYHEALTHFITNESS	PETSAFE	0.53
SUNNYHEALTHFITNESS	STANLEYMUFFLERCOMPANY	0.62
SUNNYHEALTHFITNESS	YETI	0.64
SUNNYHEALTHFITNESS	UNKNOWN	0.60
DHP	DINGO	0.56
DHP	TEMPO	0.51
BISSELL	FIELDTUFF	0.59
BISSELL	HILLMAN	0.52
BISSELL	HILLSSCIENCEDIET	0.61
BISSELL	MASSIMO	0.52
BISSELL	PLASTICDEVELOPMENTGROUP	0.54
BISSELL	PETSAFE	0.52
BISSELL	STANLEYMUFFLERCOMPANY	0.50
HANES	HILLMAN	0.50
HANES	HILLSSCIENCEDIET	0.64
HANES	LEE	0.51
HANES	INFINITYHEADWEAR	0.51
HANES	MASSIMO	0.56
HANES	PETSAFE	0.56
AMERICANSTANDARD	HILLMAN	0.52
AMERICANSTANDARD	INFINITYHEADWEAR	0.58
AMERICANSTANDARD	PLASTICDEVELOPMENTGROUP	0.52
AMERICANSTANDARD	STANLEYMUFFLERCOMPANY	0.53
AMERICANSTANDARD	YETI	0.53
CRAYOLA	HILLMAN	0.52
CRAYOLA	MASSIMO	0.52
CRAYOLA	ZYMOX	0.56
CRAYOLA	ZYLINA	0.54
HYDEEEKBOUTIQUE	HILLSSCIENCEDIET	0.53
HYDEEEKBOUTIQUE	LEE	0.60
HYDEEEKBOUTIQUE	TEMPO	0.51
HYDEEEKBOUTIQUE	PLASTICDEVELOPMENTGROUP	0.50
HYDEEEKBOUTIQUE	YETI	0.54
HYDEEEKBOUTIQUE	ZYMOX	0.51
INSTANTPOT	HILLSSCIENCEDIET	0.55
INSTANTPOT	INFINITYHEADWEAR	0.60
INSTANTPOT	MASSIMO	0.57
INSTANTPOT	TEMPO	0.63
INSTANTPOT	PLASTICDEVELOPMENTGROUP	0.55
INSTANTPOT	ZYLINA	0.60
INSTANTPOT	UNKNOWN	0.58
ARTNATURALS	ZYLINA	0.51
HEYDAY	PETSAFE	0.54
HEYDAY	ZYLINA	0.56
CRAFTSMAN	MASSIMO	0.59
CRAFTSMAN	PLASTICDEVELOPMENTGROUP	0.56
CRAFTSMAN	PETSAFE	0.51
CRAFTSMAN	STANLEYMUFFLERCOMPANY	0.51
LEGOCOLLECTIONXTARGET	PLASTICDEVELOPMENTGROUP	0.65
LEGOCOLLECTIONXTARGET	STANLEYMUFFLERCOMPANY	0.50
LEGOCOLLECTIONXTARGET	YETI	0.63
LEGOCOLLECTIONXTARGET	ZYLINA	0.55
CLOSEAID	YETI	0.58
CLOSEAID	ZYLINA	0.51
COMMERCIALELECTRIC	YETI	0.54
FRANKLINSPORTS	UNKNOWN	0.62
FUNKO	UNKNOWN	0.79
BLACKFIN	UNKNOWN	0.51
