42GOLD	42GOLD	6pm.com	HTTPS://WWW.6PM.COM/B/42-GOLD/BRAND/4974
6PMCLARKSFOOTWEARMENSRP	CLARKS	6pm.com	HTTPS://WWW.6PM.COM/B/CLARKS/BRAND/272
6PMJESSICASIMPSONFOOTWEAR	JESSICASIMPSON	6pm.com	HTTPS://WWW.6PM.COM/B/JESSICA-SIMPSON/BRAND/1147
ACEWORKBOOTS	ACEWORKBOOTS	6pm.com	HTTPS://WWW.6PM.COM/B/ACE-WORK-BOOTS/BRAND/5496
ACTIVEANNIE	ANNIE	6pm.com	HTTPS://WWW.6PM.COM/B/ANNIE/BRAND/441
ADIDASOUTDOOR	ADIDASOUTDOOR	6pm.com	HTTPS://WWW.6PM.COM/B/ADIDAS-OUTDOOR/BRAND/3277
ADIDASOUTDOORKIDS	ADIDASOUTDOORKIDS	6pm.com	HTTPS://WWW.6PM.COM/B/ADIDAS-OUTDOOR-KIDS/BRAND/3247
ADLIUOABDO	ALDO	6pm.com	HTTPS://WWW.6PM.COM/B/ALDO/BRAND/2907
ADRIANNABYADRIANNAPAPELLADRIANN	ADRIANNAPAPELL	6pm.com	HTTPS://WWW.6PM.COM/B/ADRIANNA-PAPELL/BRAND/3868
ADRIENNEVITTADINI	ADRIENNEVITTADINI	6pm.com	HTTPS://WWW.6PM.COM/B/ADRIENNE-VITTADINI/BRAND/2740
AEROSS	AEROSOLES	6pm.com	HTTPS://WWW.6PM.COM/B/AEROSOLES/BRAND/259
AIDANAIDANADRIANNAPAPELL	ADRIANNAPAPELL	6pm.com	HTTPS://WWW.6PM.COM/B/ADRIANNA-PAPELL/BRAND/3868
ALDADO	ALDO	6pm.com	HTTPS://WWW.6PM.COM/B/ALDO/BRAND/2907
ALDO	ALDO	6pm.com	HTTPS://WWW.6PM.COM/B/ALDO/BRAND/2907
ALEGIRAL	ALEGRIA	6pm.com	HTTPS://WWW.6PM.COM/B/ALEGRIA/BRAND/3163
ALEGRIA	ALEGRIA	6pm.com	HTTPS://WWW.6PM.COM/B/ALEGRIA/BRAND/3163
ALEXANDERJORDAN	ALEXANDERJORDAN	6pm.com	HTTPS://WWW.6PM.COM/B/ALEXANDER-JORDAN/BRAND/4902
ALFDSUOKE	ALDO	6pm.com	HTTPS://WWW.6PM.COM/B/ALDO/BRAND/2907
ALIFE	ALIFE	6pm.com	HTTPS://WWW.6PM.COM/B/ALIFE/BRAND/2540
ALLAXDO	ALDO	6pm.com	HTTPS://WWW.6PM.COM/B/ALDO/BRAND/2907
ALLROUNDERBYMEPHISTO	ALLROUNDERBYMEPHISTO	6pm.com	HTTPS://WWW.6PM.COM/B/ALLROUNDER-BY-MEPHISTO/BRAND/436
ALLSAINTS	ALLSAINTS	6pm.com	HTTPS://WWW.6PM.COM/B/ALLSAINTS/BRAND/4847
ANNEKLEIN	ANNEKLEIN	6pm.com	HTTPS://WWW.6PM.COM/B/ANNE-KLEIN/BRAND/1931
ANNIESHOES	ANNIE	6pm.com	HTTPS://WWW.6PM.COM/B/ANNIE/BRAND/441
AOLEAHE	OLUKAI	6pm.com	HTTPS://WWW.6PM.COM/B/OLUKAI/BRAND/1388
AOLOKIY	OLUKAI	6pm.com	HTTPS://WWW.6PM.COM/B/OLUKAI/BRAND/1388
APARESSE	APPARIS	6pm.com	HTTPS://WWW.6PM.COM/B/APPARIS/BRAND/5179
APLATHLETICPROPULSIONLABS	ATHLETICPROPULSIONLABSAPL	6pm.com	HTTPS://WWW.6PM.COM/B/ATHLETIC-PROPULSION-LABS-APL/BRAND/4677
APPAMANKIDS	APPAMANKIDS	6pm.com	HTTPS://WWW.6PM.COM/B/APPAMAN-KIDS/BRAND/1765
AQUATALIA	AQUATALIA	6pm.com	HTTPS://WWW.6PM.COM/B/AQUATALIA/BRAND/303
ARAVON	ARAVON	6pm.com	HTTPS://WWW.6PM.COM/B/ARAVON/BRAND/2517
ARLOS	CARLOSBYCARLOSSANTANA	6pm.com	HTTPS://WWW.6PM.COM/B/CARLOS-BY-CARLOS-SANTANA/BRAND/372
AUTHENTICBYSILVERJEANS	SILVERJEANSCO	6pm.com	HTTPS://WWW.6PM.COM/B/SILVER-JEANS-CO/BRAND/3870
AVECLESFILLES	AVECLESFILLES	6pm.com	HTTPS://WWW.6PM.COM/B/AVEC-LES-FILLES/BRAND/4760
BAABUSHKA	BAABUSHKA	6pm.com	HTTPS://WWW.6PM.COM/B/BAABUSHKA/BRAND/5555
BAFFIN	BAFFIN	6pm.com	HTTPS://WWW.6PM.COM/B/BAFFIN/BRAND/609
BAFFINA	BAFFIN	6pm.com	HTTPS://WWW.6PM.COM/B/BAFFIN/BRAND/609
BANDOLINO	BANDOLINO	6pm.com	HTTPS://WWW.6PM.COM/B/BANDOLINO/BRAND/321
BANDOLINOFOOTWEAR	BANDOLINO	6pm.com	HTTPS://WWW.6PM.COM/B/BANDOLINO/BRAND/321
BANDOLINOWOMENSSPORTSWEARCHILDCO	BANDOLINO	6pm.com	HTTPS://WWW.6PM.COM/B/BANDOLINO/BRAND/321
BCBG	BCBG	6pm.com	HTTPS://WWW.6PM.COM/B/BCBG/BRAND/4988
BCBGMAXAZRIA	BCBGMAXAZRIA	6pm.com	HTTPS://WWW.6PM.COM/B/BCBGMAXAZRIA/BRAND/16
BCBMAXAZRIA	BCBGMAXAZRIA	6pm.com	HTTPS://WWW.6PM.COM/B/BCBGMAXAZRIA/BRAND/16
BCOLLECTIONBYBOBEAU	BCOLLECTIONBYBOBEAU	6pm.com	HTTPS://WWW.6PM.COM/B/B-COLLECTION-BY-BOBEAU/BRAND/4325
BCWJNETS	BCBG	6pm.com	HTTPS://WWW.6PM.COM/B/BCBG/BRAND/4988
BEBBEE	BEBE	6pm.com	HTTPS://WWW.6PM.COM/B/BEBE/BRAND/331
BEBESPORT	BEBESPORT	6pm.com	HTTPS://WWW.6PM.COM/B/BEBE-SPORT/BRAND/2580
BENSHERMAN	BENSHERMAN	6pm.com	HTTPS://WWW.6PM.COM/B/BEN-SHERMAN/BRAND/461
BERNARDO	BERNARDO	6pm.com	HTTPS://WWW.6PM.COM/B/BERNARDO/BRAND/2535
BERNIEMEV	BERNIEMEV	6pm.com	HTTPS://WWW.6PM.COM/B/BERNIE-MEV/BRAND/4107
BETSEYJOHNSON	BETSEYJOHNSON	6pm.com	HTTPS://WWW.6PM.COM/B/BETSEY-JOHNSON/BRAND/643
BETSEYWORLD	BETSEYJOHNSON	6pm.com	HTTPS://WWW.6PM.COM/B/BETSEY-JOHNSON/BRAND/643
BETSYJOHNSON	BETSEYJOHNSON	6pm.com	HTTPS://WWW.6PM.COM/B/BETSEY-JOHNSON/BRAND/643
BETTYEMULLERCONCEPTS	BETTYEMULLER	6pm.com	HTTPS://WWW.6PM.COM/B/BETTYE-MULLER/BRAND/1201
BETULABYBIRKENSTOCK	BETULALICENSEDBYBIRKENSTOCK	6pm.com	HTTPS://WWW.6PM.COM/B/BETULA-LICENSED-BY-BIRKENSTOCK/BRAND/1701
BEYONDYOGA	BEYONDYOGA	6pm.com	HTTPS://WWW.6PM.COM/B/BEYOND-YOGA/BRAND/3965
BILLAMPRODUCTS	BILLABONG	6pm.com	HTTPS://WWW.6PM.COM/B/BILLABONG/BRAND/3349
BILLYFOOTWEAR	BILLYFOOTWEAR	6pm.com	HTTPS://WWW.6PM.COM/B/BILLY-FOOTWEAR/BRAND/5066
BILLYFOOTWEARKIDS	BILLYFOOTWEARKIDS	6pm.com	HTTPS://WWW.6PM.COM/B/BILLY-FOOTWEAR-KIDS/BRAND/4753
BIRCENPRO	BIRKENSTOCK	6pm.com	HTTPS://WWW.6PM.COM/B/BIRKENSTOCK/BRAND/194
BLONDO	BLONDO	6pm.com	HTTPS://WWW.6PM.COM/B/BLONDO/BRAND/3411
BLOWFISHKIDS	BLOWFISHMALIBUKIDS	6pm.com	HTTPS://WWW.6PM.COM/B/BLOWFISH-MALIBU-KIDS/BRAND/4412
BOBI	BOBILOSANGELES	6pm.com	HTTPS://WWW.6PM.COM/B/BOBI-LOS-ANGELES/BRAND/5225
BOBIQI	BOBILOSANGELES	6pm.com	HTTPS://WWW.6PM.COM/B/BOBI-LOS-ANGELES/BRAND/5225
BOBIQII	BOBILOSANGELES	6pm.com	HTTPS://WWW.6PM.COM/B/BOBI-LOS-ANGELES/BRAND/5225
BOBZIA	BOBILOSANGELES	6pm.com	HTTPS://WWW.6PM.COM/B/BOBI-LOS-ANGELES/BRAND/5225
BOGESON	BOGS	6pm.com	HTTPS://WWW.6PM.COM/B/BOGS/BRAND/1570
BOGS	BOGS	6pm.com	HTTPS://WWW.6PM.COM/B/BOGS/BRAND/1570
BOGSKIDS	BOGSKIDS	6pm.com	HTTPS://WWW.6PM.COM/B/BOGS-KIDS/BRAND/2807
BOUTIQUE9	BOUTIQUE9	6pm.com	HTTPS://WWW.6PM.COM/B/BOUTIQUE-9/BRAND/1899
BOVICAS	BOBUXKIDS	6pm.com	HTTPS://WWW.6PM.COM/B/BOBUX-KIDS/BRAND/625
BRABAR	BRABAR	6pm.com	HTTPS://WWW.6PM.COM/B/BRABAR/BRAND/5589
BRIGITTEBAILEY	BRIGITTEBAILEY	6pm.com	HTTPS://WWW.6PM.COM/B/BRIGITTE-BAILEY/BRAND/3108
BROOKEVINE	BROOKS	6pm.com	HTTPS://WWW.6PM.COM/B/BROOKS/BRAND/26
BRUNOMAGLI	BRUNOMAGLI	6pm.com	HTTPS://WWW.6PM.COM/B/BRUNO-MAGLI/BRAND/389
CAKEMATERNITY	CAKEMATERNITY	6pm.com	HTTPS://WWW.6PM.COM/B/CAKE-MATERNITY/BRAND/5264
CALLISTOOFCALIFORNIA	CALLISTOOFCALIFORNIA	6pm.com	HTTPS://WWW.6PM.COM/B/CALLISTO-OF-CALIFORNIA/BRAND/2762
CALVINCO	CALVINKLEIN	6pm.com	HTTPS://WWW.6PM.COM/B/CALVIN-KLEIN/BRAND/1192
CALVINKLAIN	CALVINKLEIN	6pm.com	HTTPS://WWW.6PM.COM/B/CALVIN-KLEIN/BRAND/1192
CALVINKLEIN	CALVINKLEIN	6pm.com	HTTPS://WWW.6PM.COM/B/CALVIN-KLEIN/BRAND/1192
CALVINKLEINGIIIAPPARELGROUP	CALVINKLEIN	6pm.com	HTTPS://WWW.6PM.COM/B/CALVIN-KLEIN/BRAND/1192
CALVINKLEINHOME	CALVINKLEIN	6pm.com	HTTPS://WWW.6PM.COM/B/CALVIN-KLEIN/BRAND/1192
CALVINKLEINWMSGIIIAPPARELGRP	CALVINKLEIN	6pm.com	HTTPS://WWW.6PM.COM/B/CALVIN-KLEIN/BRAND/1192
CALVINKLINE	CALVINKLEIN	6pm.com	HTTPS://WWW.6PM.COM/B/CALVIN-KLEIN/BRAND/1192
CARLOS	CARLOSBYCARLOSSANTANA	6pm.com	HTTPS://WWW.6PM.COM/B/CARLOS-BY-CARLOS-SANTANA/BRAND/372
CARLOSBYCARLOSANTANA	CARLOSBYCARLOSSANTANA	6pm.com	HTTPS://WWW.6PM.COM/B/CARLOS-BY-CARLOS-SANTANA/BRAND/372
CARLOSBYCARLOSSANTANA	CARLOSBYCARLOSSANTANA	6pm.com	HTTPS://WWW.6PM.COM/B/CARLOS-BY-CARLOS-SANTANA/BRAND/372
CARLOSSANTANA	CARLOSBYCARLOSSANTANA	6pm.com	HTTPS://WWW.6PM.COM/B/CARLOS-BY-CARLOS-SANTANA/BRAND/372
CARLSO	CARLOSBYCARLOSSANTANA	6pm.com	HTTPS://WWW.6PM.COM/B/CARLOS-BY-CARLOS-SANTANA/BRAND/372
CAROLOS	CARLOSBYCARLOSSANTANA	6pm.com	HTTPS://WWW.6PM.COM/B/CARLOS-BY-CARLOS-SANTANA/BRAND/372
CARVE	CARVEDESIGNS	6pm.com	HTTPS://WWW.6PM.COM/B/CARVE-DESIGNS/BRAND/2193
CARVEDESIGNS	CARVEDESIGNS	6pm.com	HTTPS://WWW.6PM.COM/B/CARVE-DESIGNS/BRAND/2193
CATHERINECATHERINEMALANDRINO	CATHERINEMALANDRINO	6pm.com	HTTPS://WWW.6PM.COM/B/CATHERINE-MALANDRINO/BRAND/2837
CHAMPIONKIDS	CHAMPIONKIDS	6pm.com	HTTPS://WWW.6PM.COM/B/CHAMPION-KIDS/BRAND/4960
CHAMPIONLIFE	CHAMPIONLIFE	6pm.com	HTTPS://WWW.6PM.COM/B/CHAMPION-LIFE/BRAND/4976
CHAOCCZ	CHACO	6pm.com	HTTPS://WWW.6PM.COM/B/CHACO/BRAND/522
CHARLESBYCHARLESDAVID	CHARLESBYCHARLESDAVID	6pm.com	HTTPS://WWW.6PM.COM/B/CHARLES-BY-CHARLES-DAVID/BRAND/578
CHINESELAUNDRY	CHINESELAUNDRY	6pm.com	HTTPS://WWW.6PM.COM/B/CHINESE-LAUNDRY/BRAND/32
CHINESELAUNDRYFOOTWEAR	CHINESELAUNDRY	6pm.com	HTTPS://WWW.6PM.COM/B/CHINESE-LAUNDRY/BRAND/32
CHINESELAUNDY	CHINESELAUNDRY	6pm.com	HTTPS://WWW.6PM.COM/B/CHINESE-LAUNDRY/BRAND/32
CIENTAKIDSSHOES	CIENTAKIDSSHOES	6pm.com	HTTPS://WWW.6PM.COM/B/CIENTA-KIDS-SHOES/BRAND/1686
CIRCUSBYSAMEDELMAN	CIRCUSBYSAMEDELMAN	6pm.com	HTTPS://WWW.6PM.COM/B/CIRCUS-BY-SAM-EDELMAN/BRAND/3629
CIRCUSNYBYSAMEDELMAN	CIRCUSNYBYSAMEDELMAN	6pm.com	HTTPS://WWW.6PM.COM/B/CIRCUS-NY-BY-SAM-EDELMAN/BRAND/3629
CLARKCAS	CLARKS	6pm.com	HTTPS://WWW.6PM.COM/B/CLARKS/BRAND/272
CLARKCO	CLARKS	6pm.com	HTTPS://WWW.6PM.COM/B/CLARKS/BRAND/272
CLARKESUNIVERSALBRANDS	CLARKS	6pm.com	HTTPS://WWW.6PM.COM/B/CLARKS/BRAND/272
CLARKS	CLARKS	6pm.com	HTTPS://WWW.6PM.COM/B/CLARKS/BRAND/272
CLARKSR	CLARKS	6pm.com	HTTPS://WWW.6PM.COM/B/CLARKS/BRAND/272
CLBYLAUNDRY	CLBYLAUNDRY	6pm.com	HTTPS://WWW.6PM.COM/B/CL-BY-LAUNDRY/BRAND/2638
CLERGERIE	CLERGERIE	6pm.com	HTTPS://WWW.6PM.COM/B/CLERGERIE/BRAND/580
COBBHILL	COBBHILL	6pm.com	HTTPS://WWW.6PM.COM/B/COBB-HILL/BRAND/3574
COBIAN	COBIAN	6pm.com	HTTPS://WWW.6PM.COM/B/COBIAN/BRAND/1167
COLEHAAN	COLEHAAN	6pm.com	HTTPS://WWW.6PM.COM/B/COLE-HAAN/BRAND/1757
COLEHAANSIGNATURE	COLEHAAN	6pm.com	HTTPS://WWW.6PM.COM/B/COLE-HAAN/BRAND/1757
COLLECTIONXIIX	COLLECTIONXIIX	6pm.com	HTTPS://WWW.6PM.COM/B/COLLECTION-XIIX/BRAND/4749
COLORIFFICS	COLORIFFICS	6pm.com	HTTPS://WWW.6PM.COM/B/COLORIFFICS/BRAND/1869
COLUMBIAUSA	COLUMBIA	6pm.com	HTTPS://WWW.6PM.COM/B/COLUMBIA/BRAND/334
COMFORTIVA	COMFORTIVA	6pm.com	HTTPS://WWW.6PM.COM/B/COMFORTIVA/BRAND/150
COMFY	THECOMFY	6pm.com	HTTPS://WWW.6PM.COM/B/THE-COMFY/BRAND/5384
COMFYDEAL	THECOMFY	6pm.com	HTTPS://WWW.6PM.COM/B/THE-COMFY/BRAND/5384
COMFYHOUR	THECOMFY	6pm.com	HTTPS://WWW.6PM.COM/B/THE-COMFY/BRAND/5384
COMFYNEW	THECOMFY	6pm.com	HTTPS://WWW.6PM.COM/B/THE-COMFY/BRAND/5384
CURRENTELLIOTT	CURRENTELLIOTT	6pm.com	HTTPS://WWW.6PM.COM/B/CURRENT-ELLIOTT/BRAND/5040
CVENS	VANS	6pm.com	HTTPS://WWW.6PM.COM/B/VANS/BRAND/171
CWX	CWX	6pm.com	HTTPS://WWW.6PM.COM/B/CW-X/BRAND/1630
DANCOSMARTCHOICEDELTADREAMBAB	DANSKO	6pm.com	HTTPS://WWW.6PM.COM/B/DANSKO/BRAND/440
DANOCKY	DKNY	6pm.com	HTTPS://WWW.6PM.COM/B/DKNY/BRAND/349
DANOCKY	DANSKO	6pm.com	HTTPS://WWW.6PM.COM/B/DANSKO/BRAND/440
DAVIDCHARLES	CHARLESBYCHARLESDAVID	6pm.com	HTTPS://WWW.6PM.COM/B/CHARLES-BY-CHARLES-DAVID/BRAND/578
DAVIDTATE	DAVIDTATE	6pm.com	HTTPS://WWW.6PM.COM/B/DAVID-TATE/BRAND/1356
DEERSTAGS	DEERSTAGS	6pm.com	HTTPS://WWW.6PM.COM/B/DEER-STAGS/BRAND/42
DINGOBRAND	DINGO	6pm.com	HTTPS://WWW.6PM.COM/B/DINGO/BRAND/1160
DKJN	DKNY	6pm.com	HTTPS://WWW.6PM.COM/B/DKNY/BRAND/349
DKNY	DKNY	6pm.com	HTTPS://WWW.6PM.COM/B/DKNY/BRAND/349
DKRAYSHION	DKNY	6pm.com	HTTPS://WWW.6PM.COM/B/DKNY/BRAND/349
DNAYDKIY	DKNY	6pm.com	HTTPS://WWW.6PM.COM/B/DKNY/BRAND/349
DNXYOW	DKNY	6pm.com	HTTPS://WWW.6PM.COM/B/DKNY/BRAND/349
DOLIFE	DOLIFE	6pm.com	HTTPS://WWW.6PM.COM/B/DOLIFE/BRAND/6625
DONALDPLINER	DONALDPLINER	6pm.com	HTTPS://WWW.6PM.COM/B/DONALD-PLINER/BRAND/307
DONNAKARAN	DONNAKARAN	6pm.com	HTTPS://WWW.6PM.COM/B/DONNA-KARAN/BRAND/575
DONNAMORGAN	DONNAMORGAN	6pm.com	HTTPS://WWW.6PM.COM/B/DONNA-MORGAN/BRAND/2724
DRAPERJAMES	DRAPERJAMES	6pm.com	HTTPS://WWW.6PM.COM/B/DRAPER-JAMES/BRAND/5675
DRMARTENSKIDSCOLLECTION	DRMARTENSKIDSCOLLECTION	6pm.com	HTTPS://WWW.6PM.COM/B/DR-MARTENS-KIDS-COLLECTION/BRAND/1015
DRMARTENSWORK	DRMARTENS	6pm.com	HTTPS://WWW.6PM.COM/B/DR-MARTENS/BRAND/49
DRPHMARTINS	DRMARTENS	6pm.com	HTTPS://WWW.6PM.COM/B/DR-MARTENS/BRAND/49
DVBYDOLCEVITA	DVBYDOLCEVITA	6pm.com	HTTPS://WWW.6PM.COM/B/DV-BY-DOLCE-VITA/BRAND/2198
EARTHORIGINS	EARTHORIGINS	6pm.com	HTTPS://WWW.6PM.COM/B/EARTH-ORIGINS/BRAND/3891
EARTHRORIGINS	EARTHORIGINS	6pm.com	HTTPS://WWW.6PM.COM/B/EARTH-ORIGINS/BRAND/3891
ECCO	ECCO	6pm.com	HTTPS://WWW.6PM.COM/B/ECCO/BRAND/54
ECSEO	ECCO	6pm.com	HTTPS://WWW.6PM.COM/B/ECCO/BRAND/54
ELECTRICYOGA	ELECTRICYOGA	6pm.com	HTTPS://WWW.6PM.COM/B/ELECTRIC-YOGA/BRAND/5622
ELEVENBYVENUSWILLIAMS	ELEVENBYVENUSWILLIAMS	6pm.com	HTTPS://WWW.6PM.COM/B/ELEVEN-BY-VENUS-WILLIAMS/BRAND/4644
ELNATURALISTA	ELNATURALISTA	6pm.com	HTTPS://WWW.6PM.COM/B/EL-NATURALISTA/BRAND/1132
EMUAUSTRALIA	EMUAUSTRALIA	6pm.com	HTTPS://WWW.6PM.COM/B/EMU-AUSTRALIA/BRAND/2116
ENGLISHFACTORY	ENGLISHFACTORY	6pm.com	HTTPS://WWW.6PM.COM/B/ENGLISH-FACTORY/BRAND/6220
ENGLISHLAUNDRY	ENGLISHLAUNDRY	6pm.com	HTTPS://WWW.6PM.COM/B/ENGLISH-LAUNDRY/BRAND/2810
ENZOANGIOLINI	ENZOANGIOLINI	6pm.com	HTTPS://WWW.6PM.COM/B/ENZO-ANGIOLINI/BRAND/305
ERICMICHAEL	ERICMICHAEL	6pm.com	HTTPS://WWW.6PM.COM/B/ERIC-MICHAEL/BRAND/262
ESPRIT	ESPRIT	6pm.com	HTTPS://WWW.6PM.COM/B/ESPRIT/BRAND/57
ETIENNEAIGNER	ETIENNEAIGNERHANDBAGSANDACCESSORIES	6pm.com	HTTPS://WWW.6PM.COM/B/ETIENNE-AIGNER-HANDBAGS-AND-ACCESSORIES/BRAND/238
EUROSOFT	EUROSOFT	6pm.com	HTTPS://WWW.6PM.COM/B/EUROSOFT/BRAND/3903
FARYLBYFARYLROBIN	FARYLBYFARYLROBIN	6pm.com	HTTPS://WWW.6PM.COM/B/FARYL-BY-FARYLROBIN/BRAND/5245
FERGALICIOUS	FERGALICIOUS	6pm.com	HTTPS://WWW.6PM.COM/B/FERGALICIOUS/BRAND/2705
FIJROP	FITFLOP	6pm.com	HTTPS://WWW.6PM.COM/B/FITFLOP/BRAND/2712
FINNCOMFORT	FINNCOMFORT	6pm.com	HTTPS://WWW.6PM.COM/B/FINN-COMFORT/BRAND/64
FIPPURK	FITFLOP	6pm.com	HTTPS://WWW.6PM.COM/B/FITFLOP/BRAND/2712
FITFERALU	FITFLOP	6pm.com	HTTPS://WWW.6PM.COM/B/FITFLOP/BRAND/2712
FLEWFAC	FLOAFERS	6pm.com	HTTPS://WWW.6PM.COM/B/FLOAFERS/BRAND/5376
FLOHUAER	FLOAFERS	6pm.com	HTTPS://WWW.6PM.COM/B/FLOAFERS/BRAND/5376
FOOTMATES	FOOATES	6pm.com	HTTPS://WWW.6PM.COM/B/FOOTMATES/BRAND/2111
FPMOVEMENTBYFREEPEOPLE	FPMOVEMENT	6pm.com	HTTPS://WWW.6PM.COM/B/FP-MOVEMENT/BRAND/4751
FREDA	FREDASALVADOR	6pm.com	HTTPS://WWW.6PM.COM/B/FREDA-SALVADOR/BRAND/5334
FREECOUNTRY	FREECOUNTRY	6pm.com	HTTPS://WWW.6PM.COM/B/FREE-COUNTRY/BRAND/4370
FREEWATERS	FREEWATERS	6pm.com	HTTPS://WWW.6PM.COM/B/FREEWATERS/BRAND/3176
FRENCHSOLE	FRENCHSOLE	6pm.com	HTTPS://WWW.6PM.COM/B/FRENCH-SOLE/BRAND/1559
FRENCHSOLEFSNY	FRENCHSOLE	6pm.com	HTTPS://WWW.6PM.COM/B/FRENCH-SOLE/BRAND/1559
FRIENDLYSHOES	FRIENDLYSHOES	6pm.com	HTTPS://WWW.6PM.COM/B/FRIENDLY-SHOES/BRAND/5254
FRYE	FRYE	6pm.com	HTTPS://WWW.6PM.COM/B/FRYE/BRAND/69
FRYEANDCO	FRYEANDCO	6pm.com	HTTPS://WWW.6PM.COM/B/FRYE-AND-CO/BRAND/5058
FUPFLI	FITFLOP	6pm.com	HTTPS://WWW.6PM.COM/B/FITFLOP/BRAND/2712
GBG	GBGLOSANGELES	6pm.com	HTTPS://WWW.6PM.COM/B/GBG-LOS-ANGELES/BRAND/3662
GBGLOSANGELES	GBGLOSANGELES	6pm.com	HTTPS://WWW.6PM.COM/B/GBG-LOS-ANGELES/BRAND/3662
GENTLESOULSFOOTWEAR	GENTLESOULSBYKENNETHCOLE	6pm.com	HTTPS://WWW.6PM.COM/B/GENTLE-SOULS-BY-KENNETH-COLE/BRAND/1666
GEOX	GEOX	6pm.com	HTTPS://WWW.6PM.COM/B/GEOX/BRAND/374
GEOXKIDS	GEOXKIDS	6pm.com	HTTPS://WWW.6PM.COM/B/GEOX-KIDS/BRAND/698
GEXO	GEOX	6pm.com	HTTPS://WWW.6PM.COM/B/GEOX/BRAND/374
GHBASSCO	GHBASSCO	6pm.com	HTTPS://WWW.6PM.COM/B/G-H-BASS-CO/BRAND/4681
GIOLADO	GOLO	6pm.com	HTTPS://WWW.6PM.COM/B/GOLO/BRAND/6048
GOLASON	GOLA	6pm.com	HTTPS://WWW.6PM.COM/B/GOLA/BRAND/740
GOODMANBRAND	GOODMANBRAND	6pm.com	HTTPS://WWW.6PM.COM/B/GOOD-MAN-BRAND/BRAND/6508
GREATLUCKY	LUCKYBRAND	6pm.com	HTTPS://WWW.6PM.COM/B/LUCKY-BRAND/BRAND/969
GSTARAM	GSTAR	6pm.com	HTTPS://WWW.6PM.COM/B/G-STAR/BRAND/2896
HAAN	COLEHAAN	6pm.com	HTTPS://WWW.6PM.COM/B/COLE-HAAN/BRAND/1757
HARI	HARIMARI	6pm.com	HTTPS://WWW.6PM.COM/B/HARI-MARI/BRAND/4646
HASBEEN	SWEDISHHASBEENS	6pm.com	HTTPS://WWW.6PM.COM/B/SWEDISH-HASBEENS/BRAND/3708
HATLEYKIDS	HATLEYKIDS	6pm.com	HTTPS://WWW.6PM.COM/B/HATLEY-KIDS/BRAND/2141
