1791GUNLEATHER	1791GUNLEATHER	acehardware.com	HTTPS://WWW.ACEHARDWARE.COM/BRANDS/1791-GUNLEATHER
2X4BASICS	2X4BASICS	acehardware.com	HTTPS://WWW.ACEHARDWARE.COM/BRANDS/2X4BASICS
3M	3M	acehardware.com	HTTPS://WWW.ACEHARDWARE.COM/BRANDS/3M
5280CULINARY	5280CULINARY2	acehardware.com	HTTPS://WWW.ACEHARDWARE.COM/BRANDS/5280-CULINARY-2
AAF	AAFFLANDERS2	acehardware.com	HTTPS://WWW.ACEHARDWARE.COM/BRANDS/AAF-FLANDERS-2
AAFFLANDERS	AAFFLANDERS2	acehardware.com	HTTPS://WWW.ACEHARDWARE.COM/BRANDS/AAF-FLANDERS-2
ABATRON	ABATRON	acehardware.com	HTTPS://WWW.ACEHARDWARE.COM/BRANDS/ABATRON
ABBOTTRUBBER	ABBOTTRUBBER2	acehardware.com	HTTPS://WWW.ACEHARDWARE.COM/BRANDS/ABBOTT-RUBBER-2
ACCENTSDEPOTABOVEBOARDLIFESTYLES	LIVINGACCENTS	acehardware.com	HTTPS://WWW.ACEHARDWARE.COM/BRANDS/LIVING-ACCENTS
ACCUSHARP	ACCUSHARP	acehardware.com	HTTPS://WWW.ACEHARDWARE.COM/BRANDS/ACCUSHARP
ACCUSHOPP	ACCUSHARP	acehardware.com	HTTPS://WWW.ACEHARDWARE.COM/BRANDS/ACCUSHARP
ACE	ACE	acehardware.com	HTTPS://WWW.ACEHARDWARE.COM/BRANDS/ACE
ACEBAYOU	BAYOUCLASSIC2	acehardware.com	HTTPS://WWW.ACEHARDWARE.COM/BRANDS/BAYOU-CLASSIC-2
ACECHEF	COMMERCIALCHEF	acehardware.com	HTTPS://WWW.ACEHARDWARE.COM/BRANDS/COMMERCIAL-CHEF
ACECLASSIC	CLASSIC	acehardware.com	HTTPS://WWW.ACEHARDWARE.COM/BRANDS/CLASSIC
ACEFUTURE	FUTURE	acehardware.com	HTTPS://WWW.ACEHARDWARE.COM/BRANDS/FUTURE
ACEHARDWARE	ACE	acehardware.com	HTTPS://WWW.ACEHARDWARE.COM/BRANDS/ACE
ACEHARDWARE	WEB	acehardware.com	HTTPS://WWW.ACEHARDWARE.COM/BRANDS/WEB
ACEHUNTER	HUNTER	acehardware.com	HTTPS://WWW.ACEHARDWARE.COM/BRANDS/HUNTER
ACEROYAL	ROYAL	acehardware.com	HTTPS://WWW.ACEHARDWARE.COM/BRANDS/ROYAL
ACEROYAL	ROYALOAK	acehardware.com	HTTPS://WWW.ACEHARDWARE.COM/BRANDS/ROYAL-OAK
ACESASHLIFTHANDLE	FOREARMFORKLIFT	acehardware.com	HTTPS://WWW.ACEHARDWARE.COM/BRANDS/FOREARM-FORKLIFT
ACETRADINGBRASSCRAFT	BRASSCRAFT	acehardware.com	HTTPS://WWW.ACEHARDWARE.COM/BRANDS/BRASSCRAFT
ACETRADINGTRUPERGARDENTOOL	TRUPER	acehardware.com	HTTPS://WWW.ACEHARDWARE.COM/BRANDS/TRUPER
ADAMS	ADAMS	acehardware.com	HTTPS://WWW.ACEHARDWARE.COM/BRANDS/ADAMS
ADAMSUSA	ADAMS	acehardware.com	HTTPS://WWW.ACEHARDWARE.COM/BRANDS/ADAMS
ADVANCEDDRAINAGESYSTEM	ADVANCEDDRAINAGESYSTEMS	acehardware.com	HTTPS://WWW.ACEHARDWARE.COM/BRANDS/ADVANCED-DRAINAGE-SYSTEMS
ADVANCEDDRAINAGESYSTEMS	ADVANCEDDRAINAGESYSTEMS	acehardware.com	HTTPS://WWW.ACEHARDWARE.COM/BRANDS/ADVANCED-DRAINAGE-SYSTEMS
AEROGARDEN	AEROGARDEN	acehardware.com	HTTPS://WWW.ACEHARDWARE.COM/BRANDS/AEROGARDEN
AGRIFAB	AGRIFAB	acehardware.com	HTTPS://WWW.ACEHARDWARE.COM/BRANDS/AGRI-FAB
AHC	AHC	acehardware.com	HTTPS://WWW.ACEHARDWARE.COM/BRANDS/AHC
AHOLIDAYCOMPANY	AHOLIDAYCOMPANY	acehardware.com	HTTPS://WWW.ACEHARDWARE.COM/BRANDS/A-HOLIDAY-COMPANY
AIRBAKE	AIRBAKE	acehardware.com	HTTPS://WWW.ACEHARDWARE.COM/BRANDS/AIRBAKE
AIRCARE	AIRCARE	acehardware.com	HTTPS://WWW.ACEHARDWARE.COM/BRANDS/AIRCARE
AIRWHIRL	AIRWHIRL	acehardware.com	HTTPS://WWW.ACEHARDWARE.COM/BRANDS/AIR-WHIRL
ALEXANDRIAMOULDING	ALEXANDRIAMOULDING	acehardware.com	HTTPS://WWW.ACEHARDWARE.COM/BRANDS/ALEXANDRIA-MOULDING
ALIENTAPE	ALIENTAPE2	acehardware.com	HTTPS://WWW.ACEHARDWARE.COM/BRANDS/ALIEN-TAPE-2
ALPINEHARDWARE	ALPINE	acehardware.com	HTTPS://WWW.ACEHARDWARE.COM/BRANDS/ALPINE
ALPINEHARWARE	ALPINE	acehardware.com	HTTPS://WWW.ACEHARDWARE.COM/BRANDS/ALPINE
ALPINEIDUSTRIES	ALPINEINDUSTRIES	acehardware.com	HTTPS://WWW.ACEHARDWARE.COM/BRANDS/ALPINE-INDUSTRIES
ALPINEINDUSTRIES	ALPINEINDUSTRIES	acehardware.com	HTTPS://WWW.ACEHARDWARE.COM/BRANDS/ALPINE-INDUSTRIES
ALUMASEAL	ALUMASEAL	acehardware.com	HTTPS://WWW.ACEHARDWARE.COM/BRANDS/ALUMASEAL
AMCOHOUSEWORKS	AMCOHOUSEWORKS	acehardware.com	HTTPS://WWW.ACEHARDWARE.COM/BRANDS/AMCO-HOUSEWORKS
AMEICANSTANDARD	AMERICANSTANDARD2	acehardware.com	HTTPS://WWW.ACEHARDWARE.COM/BRANDS/AMERICAN-STANDARD-2
AMERELLE	AMERELLE	acehardware.com	HTTPS://WWW.ACEHARDWARE.COM/BRANDS/AMERELLE
AMERICAMSTANDARD	AMERICANSTANDARD2	acehardware.com	HTTPS://WWW.ACEHARDWARE.COM/BRANDS/AMERICAN-STANDARD-2
AMERICANLOCK	AMERICANLOCK2	acehardware.com	HTTPS://WWW.ACEHARDWARE.COM/BRANDS/AMERICAN-LOCK-2
AMERICANMANTLECOMPANY	AMERICANMANTLE2	acehardware.com	HTTPS://WWW.ACEHARDWARE.COM/BRANDS/AMERICAN-MANTLE-2
AMERICANMETALPRODUCTS	AMERICANMETALPRODUCTS1	acehardware.com	HTTPS://WWW.ACEHARDWARE.COM/BRANDS/AMERICAN-METAL-PRODUCTS-1
AMERICANPOSTS	AMERICANPOSTS2	acehardware.com	HTTPS://WWW.ACEHARDWARE.COM/BRANDS/AMERICAN-POSTS-2
AMERICANPOWERPULL	AMERICANPOWERPULL2	acehardware.com	HTTPS://WWW.ACEHARDWARE.COM/BRANDS/AMERICAN-POWER-PULL-2
AMERICANSDANDARD	AMERICANSTANDARD2	acehardware.com	HTTPS://WWW.ACEHARDWARE.COM/BRANDS/AMERICAN-STANDARD-2
AMERICANSRANDARD	AMERICANSTANDARD2	acehardware.com	HTTPS://WWW.ACEHARDWARE.COM/BRANDS/AMERICAN-STANDARD-2
AMERICANSTABDARD	AMERICANSTANDARD2	acehardware.com	HTTPS://WWW.ACEHARDWARE.COM/BRANDS/AMERICAN-STANDARD-2
AMERICANSTANDARD	AMERICANSTANDARD2	acehardware.com	HTTPS://WWW.ACEHARDWARE.COM/BRANDS/AMERICAN-STANDARD-2
AMERICANSTANDARDAMERICANSTANDARD	AMERICANSTANDARD2	acehardware.com	HTTPS://WWW.ACEHARDWARE.COM/BRANDS/AMERICAN-STANDARD-2
AMERICANSTANDARDOO	AMERICANSTANDARD2	acehardware.com	HTTPS://WWW.ACEHARDWARE.COM/BRANDS/AMERICAN-STANDARD-2
AMERICANSTANDARDPARTS	AMERICANSTANDARD2	acehardware.com	HTTPS://WWW.ACEHARDWARE.COM/BRANDS/AMERICAN-STANDARD-2
AMERICANSTANDARDPLUMBING	AMERICANSTANDARD2	acehardware.com	HTTPS://WWW.ACEHARDWARE.COM/BRANDS/AMERICAN-STANDARD-2
AMERICANSTANDARND	AMERICANSTANDARD2	acehardware.com	HTTPS://WWW.ACEHARDWARE.COM/BRANDS/AMERICAN-STANDARD-2
AMERICANSTANDART	AMERICANSTANDARD2	acehardware.com	HTTPS://WWW.ACEHARDWARE.COM/BRANDS/AMERICAN-STANDARD-2
AMERICASTANDARD	AMERICANSTANDARD2	acehardware.com	HTTPS://WWW.ACEHARDWARE.COM/BRANDS/AMERICAN-STANDARD-2
AMERIMAX	AMERIMAX	acehardware.com	HTTPS://WWW.ACEHARDWARE.COM/BRANDS/AMERIMAX
AMEROCK	AMEROCK	acehardware.com	HTTPS://WWW.ACEHARDWARE.COM/BRANDS/AMEROCK
AMEROCKAMEROCK	AMEROCK	acehardware.com	HTTPS://WWW.ACEHARDWARE.COM/BRANDS/AMEROCK
AMEROCKAMEROCKAMEROCK	AMEROCK	acehardware.com	HTTPS://WWW.ACEHARDWARE.COM/BRANDS/AMEROCK
AMEROCKCORP	AMEROCK	acehardware.com	HTTPS://WWW.ACEHARDWARE.COM/BRANDS/AMEROCK
AMEROCKCORPORATION	AMEROCK	acehardware.com	HTTPS://WWW.ACEHARDWARE.COM/BRANDS/AMEROCK
AMERTACWESTEK	AMERTAC	acehardware.com	HTTPS://WWW.ACEHARDWARE.COM/BRANDS/AMERTAC
AMESEDAK	AMES	acehardware.com	HTTPS://WWW.ACEHARDWARE.COM/BRANDS/AMES
ANGRYORANGE	ANGRYORANGE2	acehardware.com	HTTPS://WWW.ACEHARDWARE.COM/BRANDS/ANGRY-ORANGE-2
ANKERART	ANKERART	acehardware.com	HTTPS://WWW.ACEHARDWARE.COM/BRANDS/ANKER-ART
ANTIMONKEYBUTT	ANTIMONKEYBUTT1	acehardware.com	HTTPS://WWW.ACEHARDWARE.COM/BRANDS/ANTI-MONKEY-BUTT-1
APOC	APOC	acehardware.com	HTTPS://WWW.ACEHARDWARE.COM/BRANDS/APOC
APOLLOHARDWARE	APOLLO	acehardware.com	HTTPS://WWW.ACEHARDWARE.COM/BRANDS/APOLLO
APOLLOTOOLS	APOLLOTOOLS2	acehardware.com	HTTPS://WWW.ACEHARDWARE.COM/BRANDS/APOLLO-TOOLS-2
AQUAACE	AQUA	acehardware.com	HTTPS://WWW.ACEHARDWARE.COM/BRANDS/AQUA
AQUACHEK	AQUACHEK	acehardware.com	HTTPS://WWW.ACEHARDWARE.COM/BRANDS/AQUACHEK
AQUAPHALT	AQUAPHALT	acehardware.com	HTTPS://WWW.ACEHARDWARE.COM/BRANDS/AQUAPHALT
ARCHITEC	ARCHITEC	acehardware.com	HTTPS://WWW.ACEHARDWARE.COM/BRANDS/ARCHITEC
ARCHITECTURALMAILBOXE	ARCHITECTURALMAILBOXES2	acehardware.com	HTTPS://WWW.ACEHARDWARE.COM/BRANDS/ARCHITECTURAL-MAILBOXES-2
ARCHITECTURALMAILBOXES	ARCHITECTURALMAILBOXES2	acehardware.com	HTTPS://WWW.ACEHARDWARE.COM/BRANDS/ARCHITECTURAL-MAILBOXES-2
ARCHITECTURALMAILBOXES2417PS10MA	ARCHITECTURALMAILBOXES2	acehardware.com	HTTPS://WWW.ACEHARDWARE.COM/BRANDS/ARCHITECTURAL-MAILBOXES-2
ARCHITECTURALMAILBOXES2689B10MAI	ARCHITECTURALMAILBOXES2	acehardware.com	HTTPS://WWW.ACEHARDWARE.COM/BRANDS/ARCHITECTURAL-MAILBOXES-2
ARCHITECTURALMAILBOXES79005RZCG	ARCHITECTURALMAILBOXES2	acehardware.com	HTTPS://WWW.ACEHARDWARE.COM/BRANDS/ARCHITECTURAL-MAILBOXES-2
ARCHITECTURALMAILBOXES79007BSR1	ARCHITECTURALMAILBOXES2	acehardware.com	HTTPS://WWW.ACEHARDWARE.COM/BRANDS/ARCHITECTURAL-MAILBOXES-2
ARCHITECTURALMAILBOXESSARATOGAWAL	ARCHITECTURALMAILBOXES2	acehardware.com	HTTPS://WWW.ACEHARDWARE.COM/BRANDS/ARCHITECTURAL-MAILBOXES-2
ARCTICAIR	ARCTICAIR2	acehardware.com	HTTPS://WWW.ACEHARDWARE.COM/BRANDS/ARCTIC-AIR-2
ARDISAM	ARDISAM	acehardware.com	HTTPS://WWW.ACEHARDWARE.COM/BRANDS/ARDISAM
ARIEN	ARIENS	acehardware.com	HTTPS://WWW.ACEHARDWARE.COM/BRANDS/ARIENS
ARIENS	ARIENS	acehardware.com	HTTPS://WWW.ACEHARDWARE.COM/BRANDS/ARIENS
ARIENSCOMPANY	ARIENS	acehardware.com	HTTPS://WWW.ACEHARDWARE.COM/BRANDS/ARIENS
ARIGID	RIDGID	acehardware.com	HTTPS://WWW.ACEHARDWARE.COM/BRANDS/RIDGID
ARROWHEADBRASSPLUMBING	ARROWHEAD	acehardware.com	HTTPS://WWW.ACEHARDWARE.COM/BRANDS/ARROWHEAD
ARROWHOMEPRODUCTS	ARROWHOMEPRODUCTS2	acehardware.com	HTTPS://WWW.ACEHARDWARE.COM/BRANDS/ARROW-HOME-PRODUCTS-2
ARROWORTHY	ARROWORTHY	acehardware.com	HTTPS://WWW.ACEHARDWARE.COM/BRANDS/ARROWORTHY
ARROWPLASTICMFGCO	ARROWHOMEPRODUCTS2	acehardware.com	HTTPS://WWW.ACEHARDWARE.COM/BRANDS/ARROW-HOME-PRODUCTS-2
ARTICAIR	ARCTICAIR2	acehardware.com	HTTPS://WWW.ACEHARDWARE.COM/BRANDS/ARCTIC-AIR-2
ASSKICKIN	ASSKICKIN	acehardware.com	HTTPS://WWW.ACEHARDWARE.COM/BRANDS/ASS-KICKIN
ASSOCIATEDPAINT	ASSOCIATEDPAINT2	acehardware.com	HTTPS://WWW.ACEHARDWARE.COM/BRANDS/ASSOCIATED-PAINT-2
ATTICEASE	ATTICEASE	acehardware.com	HTTPS://WWW.ACEHARDWARE.COM/BRANDS/ATTIC-EASE
AVANTIPRESS	AVANTIPRESS1	acehardware.com	HTTPS://WWW.ACEHARDWARE.COM/BRANDS/AVANTI-PRESS-1
AVANTIPRO	AVANTIPRO2	acehardware.com	HTTPS://WWW.ACEHARDWARE.COM/BRANDS/AVANTI-PRO-2
AVANTIPRORIGID	AVANTIPRO2	acehardware.com	HTTPS://WWW.ACEHARDWARE.COM/BRANDS/AVANTI-PRO-2
AVERY	AVERY	acehardware.com	HTTPS://WWW.ACEHARDWARE.COM/BRANDS/AVERY
AVERYCOLLECTION	AVERY	acehardware.com	HTTPS://WWW.ACEHARDWARE.COM/BRANDS/AVERY
AVERYG	AVERY	acehardware.com	HTTPS://WWW.ACEHARDWARE.COM/BRANDS/AVERY
AVERYOFFICEPRODUCTS	AVERY	acehardware.com	HTTPS://WWW.ACEHARDWARE.COM/BRANDS/AVERY
AVERYPRODUCTS	AVERY	acehardware.com	HTTPS://WWW.ACEHARDWARE.COM/BRANDS/AVERY
BACOVAGUILD	BACOVAGUILD1	acehardware.com	HTTPS://WWW.ACEHARDWARE.COM/BRANDS/BACOVA-GUILD-1
BANKERBOX	BANKERSBOX2	acehardware.com	HTTPS://WWW.ACEHARDWARE.COM/BRANDS/BANKERS-BOX-2
BANKERSBOX	BANKERSBOX2	acehardware.com	HTTPS://WWW.ACEHARDWARE.COM/BRANDS/BANKERS-BOX-2
BARENBRUG	BARENBRUG	acehardware.com	HTTPS://WWW.ACEHARDWARE.COM/BRANDS/BARENBRUG
BARNBUG	BARENBRUG	acehardware.com	HTTPS://WWW.ACEHARDWARE.COM/BRANDS/BARENBRUG
BARNEL	BARNEL	acehardware.com	HTTPS://WWW.ACEHARDWARE.COM/BRANDS/BARNEL
BARRETTOUTDOORLIVING	BARRETTEOUTDOORLIVING	acehardware.com	HTTPS://WWW.ACEHARDWARE.COM/BRANDS/BARRETTE-OUTDOOR-LIVING
BARTONKRAMER	BARTONKRAMER2	acehardware.com	HTTPS://WWW.ACEHARDWARE.COM/BRANDS/BARTON-KRAMER-2
BARY3	BARY3	acehardware.com	HTTPS://WWW.ACEHARDWARE.COM/BRANDS/BARY3
BASEMENTWATCHDOG	THEBASEMENTWATCHDOG	acehardware.com	HTTPS://WWW.ACEHARDWARE.COM/BRANDS/THE-BASEMENT-WATCHDOG
BATTERYDADDY	BATTERYDADDY1	acehardware.com	HTTPS://WWW.ACEHARDWARE.COM/BRANDS/BATTERY-DADDY-1
BATTERYTENDER	BATTERYTENDER2	acehardware.com	HTTPS://WWW.ACEHARDWARE.COM/BRANDS/BATTERY-TENDER-2
BATTERYTENDERS	BATTERYTENDER2	acehardware.com	HTTPS://WWW.ACEHARDWARE.COM/BRANDS/BATTERY-TENDER-2
BAYOUCLASSIC	BAYOUCLASSIC2	acehardware.com	HTTPS://WWW.ACEHARDWARE.COM/BRANDS/BAYOU-CLASSIC-2
BAYOUCLASSICS	BAYOUCLASSIC2	acehardware.com	HTTPS://WWW.ACEHARDWARE.COM/BRANDS/BAYOU-CLASSIC-2
BAYOUCREEK56INOILRUBBEDBRONZE	BAYOUCLASSIC2	acehardware.com	HTTPS://WWW.ACEHARDWARE.COM/BRANDS/BAYOU-CLASSIC-2
BEACTIVE	BEACTIVEPLUS	acehardware.com	HTTPS://WWW.ACEHARDWARE.COM/BRANDS/BEACTIVE-PLUS
BEHLEN	BEHLEN	acehardware.com	HTTPS://WWW.ACEHARDWARE.COM/BRANDS/BEHLEN
BEHRENS	BEHRENS1	acehardware.com	HTTPS://WWW.ACEHARDWARE.COM/BRANDS/BEHRENS-1
BELAIRLIGHTING	BELAIRLIGHTING1	acehardware.com	HTTPS://WWW.ACEHARDWARE.COM/BRANDS/BEL-AIR-LIGHTING-1
BELAIRLIGHTINGDROPSHIP	BELAIRLIGHTING1	acehardware.com	HTTPS://WWW.ACEHARDWARE.COM/BRANDS/BEL-AIR-LIGHTING-1
BEMISINDEPENDENCE	BEMISINDEPENDENCE	acehardware.com	HTTPS://WWW.ACEHARDWARE.COM/BRANDS/BEMIS-INDEPENDENCE
BEMISMAYFAIR	MAYFAIRBYBEMIS	acehardware.com	HTTPS://WWW.ACEHARDWARE.COM/BRANDS/MAYFAIR-BY-BEMIS
BENZOMATIC	BERNZOMATIC	acehardware.com	HTTPS://WWW.ACEHARDWARE.COM/BRANDS/BERNZOMATIC
BERNZOMATIC	BERNZOMATIC	acehardware.com	HTTPS://WWW.ACEHARDWARE.COM/BRANDS/BERNZOMATIC
BERNZOMATICCORPORATION	BERNZOMATIC	acehardware.com	HTTPS://WWW.ACEHARDWARE.COM/BRANDS/BERNZOMATIC
BERRYPLASTICS	BERRYPLASTICS2	acehardware.com	HTTPS://WWW.ACEHARDWARE.COM/BRANDS/BERRY-PLASTICS-2
BETCO	BETCO	acehardware.com	HTTPS://WWW.ACEHARDWARE.COM/BRANDS/BETCO
BETHANYHOUSEWARES	BETHANYHOUSEWARES	acehardware.com	HTTPS://WWW.ACEHARDWARE.COM/BRANDS/BETHANY-HOUSEWARES-INC
BETHANYPRODUCTS	BETHANYHOUSEWARES	acehardware.com	HTTPS://WWW.ACEHARDWARE.COM/BRANDS/BETHANY-HOUSEWARES-INC
BEYONDBRIGHT	BEYONDBRIGHT1	acehardware.com	HTTPS://WWW.ACEHARDWARE.COM/BRANDS/BEYOND-BRIGHT-1
BEYONDPAINT	BEYONDPAINT2	acehardware.com	HTTPS://WWW.ACEHARDWARE.COM/BRANDS/BEYOND-PAINT-2
BIOADVANCED	BIOADVANCED	acehardware.com	HTTPS://WWW.ACEHARDWARE.COM/BRANDS/BIOADVANCED
BIOCLEAN	BIOCLEAN	acehardware.com	HTTPS://WWW.ACEHARDWARE.COM/BRANDS/BIO-CLEAN
BIOCLEANPRODUCTS	BIOCLEAN	acehardware.com	HTTPS://WWW.ACEHARDWARE.COM/BRANDS/BIO-CLEAN
BIONICSTEEL	BIONICSTEEL1	acehardware.com	HTTPS://WWW.ACEHARDWARE.COM/BRANDS/BIONIC-STEEL-1
BIRDBGON	BIRDBGONE	acehardware.com	HTTPS://WWW.ACEHARDWARE.COM/BRANDS/BIRD-B-GONE
BISSEL	BISSELL	acehardware.com	HTTPS://WWW.ACEHARDWARE.COM/BRANDS/BISSELL
BISSELL	BISSELL	acehardware.com	HTTPS://WWW.ACEHARDWARE.COM/BRANDS/BISSELL
BISSELLBISSELL	BISSELL	acehardware.com	HTTPS://WWW.ACEHARDWARE.COM/BRANDS/BISSELL
BISSELLDANEDITEDBRAND	BISSELL	acehardware.com	HTTPS://WWW.ACEHARDWARE.COM/BRANDS/BISSELL
BISSELLI	BISSELL	acehardware.com	HTTPS://WWW.ACEHARDWARE.COM/BRANDS/BISSELL
BISSELLLOCATIONB37	BISSELL	acehardware.com	HTTPS://WWW.ACEHARDWARE.COM/BRANDS/BISSELL
BKMUELLER	BKMUELLER2	acehardware.com	HTTPS://WWW.ACEHARDWARE.COM/BRANDS/BK-MUELLER-2
BLACKAMDDECKER	BLACKDECKER8	acehardware.com	HTTPS://WWW.ACEHARDWARE.COM/BRANDS/BLACK-DECKER-8
BLACKANDDECKER	BLACKDECKER8	acehardware.com	HTTPS://WWW.ACEHARDWARE.COM/BRANDS/BLACK-DECKER-8
BLACKANDDECKEROFFICEPRODUCTS	BLACKDECKER8	acehardware.com	HTTPS://WWW.ACEHARDWARE.COM/BRANDS/BLACK-DECKER-8
BLACKANDDECKERUS	BLACKDECKER8	acehardware.com	HTTPS://WWW.ACEHARDWARE.COM/BRANDS/BLACK-DECKER-8
BLACKANDDEVKER	BLACKDECKER8	acehardware.com	HTTPS://WWW.ACEHARDWARE.COM/BRANDS/BLACK-DECKER-8
BLACKDECKER	BLACKDECKER8	acehardware.com	HTTPS://WWW.ACEHARDWARE.COM/BRANDS/BLACK-DECKER-8
BLACKDECKERO	BLACKDECKER8	acehardware.com	HTTPS://WWW.ACEHARDWARE.COM/BRANDS/BLACK-DECKER-8
BLACKDECKEROUTDOOR	BLACKDECKER8	acehardware.com	HTTPS://WWW.ACEHARDWARE.COM/BRANDS/BLACK-DECKER-8
BLACKDECKERPOWERTOOLS	BLACKDECKER8	acehardware.com	HTTPS://WWW.ACEHARDWARE.COM/BRANDS/BLACK-DECKER-8
BLACKDECKERTM	BLACKDECKER8	acehardware.com	HTTPS://WWW.ACEHARDWARE.COM/BRANDS/BLACK-DECKER-8
BLACKDEDKER	BLACKDECKER8	acehardware.com	HTTPS://WWW.ACEHARDWARE.COM/BRANDS/BLACK-DECKER-8
BLACKNDECKER	BLACKDECKER8	acehardware.com	HTTPS://WWW.ACEHARDWARE.COM/BRANDS/BLACK-DECKER-8
BLACKSTONE	BLACKSTONE	acehardware.com	HTTPS://WWW.ACEHARDWARE.COM/BRANDS/BLACKSTONE
BLACKSTONEPRODUCTS	BLACKSTONE	acehardware.com	HTTPS://WWW.ACEHARDWARE.COM/BRANDS/BLACKSTONE
BLAZINGLEDZ	BLAZINGLEDZ2	acehardware.com	HTTPS://WWW.ACEHARDWARE.COM/BRANDS/BLAZING-LEDZ-2
BLCKNDCKR	BLACKDECKER8	acehardware.com	HTTPS://WWW.ACEHARDWARE.COM/BRANDS/BLACK-DECKER-8
BLOKKO	BLOKKO	acehardware.com	HTTPS://WWW.ACEHARDWARE.COM/BRANDS/BLOKKO
BLUEBEAR	BLUEBEAR2	acehardware.com	HTTPS://WWW.ACEHARDWARE.COM/BRANDS/BLUE-BEAR-2
BLUEOCO	BLUEOCO	acehardware.com	HTTPS://WWW.ACEHARDWARE.COM/BRANDS/BLUEOCO
BOARSNIGHTOUT	BOARSNIGHTOUT2	acehardware.com	HTTPS://WWW.ACEHARDWARE.COM/BRANDS/BOARS-NIGHT-OUT-2
BOELTERBRANDS	BOELTERBRANDS	acehardware.com	HTTPS://WWW.ACEHARDWARE.COM/BRANDS/BOELTER-BRANDS
BOLTMASTER	BOLASTER	acehardware.com	HTTPS://WWW.ACEHARDWARE.COM/BRANDS/BOLTMASTER
BONA	BONA	acehardware.com	HTTPS://WWW.ACEHARDWARE.COM/BRANDS/BONA
BONAMI	BONAMI2	acehardware.com	HTTPS://WWW.ACEHARDWARE.COM/BRANDS/BON-AMI-2
BONDIC	BONDIC	acehardware.com	HTTPS://WWW.ACEHARDWARE.COM/BRANDS/BONDIC
BONDO	BONDO	acehardware.com	HTTPS://WWW.ACEHARDWARE.COM/BRANDS/BONDO
BONIDE	BONIDE	acehardware.com	HTTPS://WWW.ACEHARDWARE.COM/BRANDS/BONIDE
BONIDEPRODUCT	BONIDE	acehardware.com	HTTPS://WWW.ACEHARDWARE.COM/BRANDS/BONIDE
BONIDEPRODUCTS	BONIDE	acehardware.com	HTTPS://WWW.ACEHARDWARE.COM/BRANDS/BONIDE
BONIDEPRODUCTSINCP	BONIDE	acehardware.com	HTTPS://WWW.ACEHARDWARE.COM/BRANDS/BONIDE
BONNIEPLANTS	BONNIEPLANTS1	acehardware.com	HTTPS://WWW.ACEHARDWARE.COM/BRANDS/BONNIE-PLANTS-1
BOSCHPOWERTOOLS	BOSCH	acehardware.com	HTTPS://WWW.ACEHARDWARE.COM/BRANDS/BOSCH
BOSMERE	BOSMERE	acehardware.com	HTTPS://WWW.ACEHARDWARE.COM/BRANDS/BOSMERE
BOSTICH	BOSTITCH	acehardware.com	HTTPS://WWW.ACEHARDWARE.COM/BRANDS/BOSTITCH
BOSTITCH	BOSTITCH	acehardware.com	HTTPS://WWW.ACEHARDWARE.COM/BRANDS/BOSTITCH
BOTANICAREPLASTICS	BOTANICARE	acehardware.com	HTTPS://WWW.ACEHARDWARE.COM/BRANDS/BOTANICARE
BOTTLEKEEPER	BOTTLEKEEPER	acehardware.com	HTTPS://WWW.ACEHARDWARE.COM/BRANDS/BOTTLEKEEPER
BRADLEYSMOKER	BRADLEYSMOKER2	acehardware.com	HTTPS://WWW.ACEHARDWARE.COM/BRANDS/BRADLEY-SMOKER-2
BRADLEYSMOKERS	BRADLEYSMOKER2	acehardware.com	HTTPS://WWW.ACEHARDWARE.COM/BRANDS/BRADLEY-SMOKER-2
BRADLEYSMOKERUSA	BRADLEYSMOKER2	acehardware.com	HTTPS://WWW.ACEHARDWARE.COM/BRANDS/BRADLEY-SMOKER-2
BRANDOFHEFTY	HEFTY	acehardware.com	HTTPS://WWW.ACEHARDWARE.COM/BRANDS/HEFTY
BRASSO	BRASSO	acehardware.com	HTTPS://WWW.ACEHARDWARE.COM/BRANDS/BRASSO
BRAVOSPORT	BRAVOSPORTS	acehardware.com	HTTPS://WWW.ACEHARDWARE.COM/BRANDS/BRAVO-SPORTS
BRAVOSPORTS	BRAVOSPORTS	acehardware.com	HTTPS://WWW.ACEHARDWARE.COM/BRANDS/BRAVO-SPORTS
BRAZOSWALKINGSTICK	BRAZOSWALKINGSTICKS2	acehardware.com	HTTPS://WWW.ACEHARDWARE.COM/BRANDS/BRAZOS-WALKING-STICKS-2
BRAZOSWALKINGSTICKS	BRAZOSWALKINGSTICKS2	acehardware.com	HTTPS://WWW.ACEHARDWARE.COM/BRANDS/BRAZOS-WALKING-STICKS-2
BREEO	BREEO	acehardware.com	HTTPS://WWW.ACEHARDWARE.COM/BRANDS/BREEO
BRIGGSAMDSRATTON	BRIGGSSTRATTON2	acehardware.com	HTTPS://WWW.ACEHARDWARE.COM/BRANDS/BRIGGS-STRATTON-2
BRIGGSANDSTRATTON	BRIGGSSTRATTON2	acehardware.com	HTTPS://WWW.ACEHARDWARE.COM/BRANDS/BRIGGS-STRATTON-2
BRIGGSANDSTRTTON	BRIGGSSTRATTON2	acehardware.com	HTTPS://WWW.ACEHARDWARE.COM/BRANDS/BRIGGS-STRATTON-2
BRIGGSBRATTOJ	BRIGGSSTRATTON2	acehardware.com	HTTPS://WWW.ACEHARDWARE.COM/BRANDS/BRIGGS-STRATTON-2
BRIGGSNSTRATTON	BRIGGSSTRATTON2	acehardware.com	HTTPS://WWW.ACEHARDWARE.COM/BRANDS/BRIGGS-STRATTON-2
BRIGGSSRATTON	BRIGGSSTRATTON2	acehardware.com	HTTPS://WWW.ACEHARDWARE.COM/BRANDS/BRIGGS-STRATTON-2
BRIGGSSTRATTON	BRIGGSSTRATTON2	acehardware.com	HTTPS://WWW.ACEHARDWARE.COM/BRANDS/BRIGGS-STRATTON-2
BRIGGSSTRATTONBRIGGSSTRATTON	BRIGGSSTRATTON2	acehardware.com	HTTPS://WWW.ACEHARDWARE.COM/BRANDS/BRIGGS-STRATTON-2
BRIGGSSTRTTON	BRIGGSSTRATTON2	acehardware.com	HTTPS://WWW.ACEHARDWARE.COM/BRANDS/BRIGGS-STRATTON-2
BRIGHTNBEYOND	BEYONDBRIGHT1	acehardware.com	HTTPS://WWW.ACEHARDWARE.COM/BRANDS/BEYOND-BRIGHT-1
BRILLO	BRILLO	acehardware.com	HTTPS://WWW.ACEHARDWARE.COM/BRANDS/BRILLO
BRINKSCOMMERCIAL	BRINKSCOMMERCIAL	acehardware.com	HTTPS://WWW.ACEHARDWARE.COM/BRANDS/BRINKS-COMMERCIAL
BRITESTAR	STARBRITE	acehardware.com	HTTPS://WWW.ACEHARDWARE.COM/BRANDS/STAR-BRITE
BRITTSKNITS	BRITTSKNITS2	acehardware.com	HTTPS://WWW.ACEHARDWARE.COM/BRANDS/BRITTS-KNITS-2
BROILKING	BROILKING2	acehardware.com	HTTPS://WWW.ACEHARDWARE.COM/BRANDS/BROIL-KING-2
BROILKINGCORP	BROILKING2	acehardware.com	HTTPS://WWW.ACEHARDWARE.COM/BRANDS/BROIL-KING-2
BRUMATE	BRUMATE	acehardware.com	HTTPS://WWW.ACEHARDWARE.COM/BRANDS/BRUMATE
BUCK	BUCKKNIVES2	acehardware.com	HTTPS://WWW.ACEHARDWARE.COM/BRANDS/BUCK-KNIVES-2
BUCKKNIVES	BUCKKNIVES2	acehardware.com	HTTPS://WWW.ACEHARDWARE.COM/BRANDS/BUCK-KNIVES-2
BUGASALT	BUGASALT	acehardware.com	HTTPS://WWW.ACEHARDWARE.COM/BRANDS/BUG-A-SALT
BUGGYBEDS	BUGGYBEDS	acehardware.com	HTTPS://WWW.ACEHARDWARE.COM/BRANDS/BUGGYBEDS
BUILDERSEDGE	BUILDERSEDGE2	acehardware.com	HTTPS://WWW.ACEHARDWARE.COM/BRANDS/BUILDERS-EDGE-2
BULBHEAD	BULBHEAD	acehardware.com	HTTPS://WWW.ACEHARDWARE.COM/BRANDS/BULBHEAD
BULBHEADS	BULBHEAD	acehardware.com	HTTPS://WWW.ACEHARDWARE.COM/BRANDS/BULBHEAD
BULLYTOOLS	BULLYTOOLS2	acehardware.com	HTTPS://WWW.ACEHARDWARE.COM/BRANDS/BULLY-TOOLS-2
BUSSMAN	BUSSMANN	acehardware.com	HTTPS://WWW.ACEHARDWARE.COM/BRANDS/BUSSMANN
BUSSMANN	BUSSMANN	acehardware.com	HTTPS://WWW.ACEHARDWARE.COM/BRANDS/BUSSMANN
BYKWIKSET	KWIKSET	acehardware.com	HTTPS://WWW.ACEHARDWARE.COM/BRANDS/KWIKSET
CABLELINX	CABLELINX	acehardware.com	HTTPS://WWW.ACEHARDWARE.COM/BRANDS/CABLELINX
CABOT	CABOT	acehardware.com	HTTPS://WWW.ACEHARDWARE.COM/BRANDS/CABOT
CABOTSTAIN	CABOT	acehardware.com	HTTPS://WWW.ACEHARDWARE.COM/BRANDS/CABOT
CADET	CADET	acehardware.com	HTTPS://WWW.ACEHARDWARE.COM/BRANDS/CADET
CAISHARKBITE	SHARKBITE	acehardware.com	HTTPS://WWW.ACEHARDWARE.COM/BRANDS/SHARKBITE
CALLOWAYMILLS	CALLOWAYMILLS	acehardware.com	HTTPS://WWW.ACEHARDWARE.COM/BRANDS/CALLOWAY-MILLS
CAMCO	CAMCO	acehardware.com	HTTPS://WWW.ACEHARDWARE.COM/BRANDS/CAMCO
CAMCOCAMCO	CAMCO	acehardware.com	HTTPS://WWW.ACEHARDWARE.COM/BRANDS/CAMCO
CAMCOTOOLS	CAMCO	acehardware.com	HTTPS://WWW.ACEHARDWARE.COM/BRANDS/CAMCO
CAMPCASUAL	CAMPCASUAL	acehardware.com	HTTPS://WWW.ACEHARDWARE.COM/BRANDS/CAMP-CASUAL
CAPTERRACASUAL	CAPTERRACASUAL	acehardware.com	HTTPS://WWW.ACEHARDWARE.COM/BRANDS/CAPTERRA-CASUAL
CARBONA	CARBONA	acehardware.com	HTTPS://WWW.ACEHARDWARE.COM/BRANDS/CARBONA
CARBONKLEAN	CARBONKLEAN	acehardware.com	HTTPS://WWW.ACEHARDWARE.COM/BRANDS/CARBONKLEAN
CARLON	CARLON	acehardware.com	HTTPS://WWW.ACEHARDWARE.COM/BRANDS/CARLON
CARLONELECTRICALPR	CARLON	acehardware.com	HTTPS://WWW.ACEHARDWARE.COM/BRANDS/CARLON
CARLONELECTRICALPRODUCTS	CARLON	acehardware.com	HTTPS://WWW.ACEHARDWARE.COM/BRANDS/CARLON
CAROLINANUTCOMPANY	THECAROLINANUTCOMPANY	acehardware.com	HTTPS://WWW.ACEHARDWARE.COM/BRANDS/THE-CAROLINA-NUT-COMPANY
CARRAND	CARRAND	acehardware.com	HTTPS://WWW.ACEHARDWARE.COM/BRANDS/CARRAND
CARRIFF	CARRIFFCORP	acehardware.com	HTTPS://WWW.ACEHARDWARE.COM/BRANDS/CARRIFF-CORP
CASABELLA	CASABELLA	acehardware.com	HTTPS://WWW.ACEHARDWARE.COM/BRANDS/CASABELLA
CASABELLAHOLDINGS	CASABELLA	acehardware.com	HTTPS://WWW.ACEHARDWARE.COM/BRANDS/CASABELLA
CASCADINGFOUNTAINS	CASCADINGFOUNTAINS	acehardware.com	HTTPS://WWW.ACEHARDWARE.COM/BRANDS/CASCADING-FOUNTAINS
CATCHMASTER	CATCHMASTER	acehardware.com	HTTPS://WWW.ACEHARDWARE.COM/BRANDS/CATCHMASTER
CATCHY	CATCHYCAN	acehardware.com	HTTPS://WWW.ACEHARDWARE.COM/BRANDS/CATCHY-CAN
CELEBRATIONLIGHT	CELEBRATIONS	acehardware.com	HTTPS://WWW.ACEHARDWARE.COM/BRANDS/CELEBRATIONS
CELEBRATIONSLIGHTINGS	CELEBRATIONS	acehardware.com	HTTPS://WWW.ACEHARDWARE.COM/BRANDS/CELEBRATIONS
CELESTIALLIGHTS	CELESTIALLIGHTS	acehardware.com	HTTPS://WWW.ACEHARDWARE.COM/BRANDS/CELESTIAL-LIGHTS
CHAMBERLAIN	CHAMBERLAIN	acehardware.com	HTTPS://WWW.ACEHARDWARE.COM/BRANDS/CHAMBERLAIN
CHAMBERLAINCONSUMER	CHAMBERLAIN	acehardware.com	HTTPS://WWW.ACEHARDWARE.COM/BRANDS/CHAMBERLAIN
CHANBERLAIN	CHAMBERLAIN	acehardware.com	HTTPS://WWW.ACEHARDWARE.COM/BRANDS/CHAMBERLAIN
CHANNELLOCK	CHANNELLOCK	acehardware.com	HTTPS://WWW.ACEHARDWARE.COM/BRANDS/CHANNELLOCK
CHAPIN	CHAPIN	acehardware.com	HTTPS://WWW.ACEHARDWARE.COM/BRANDS/CHAPIN
CHARBOIL	CHARBROIL	acehardware.com	HTTPS://WWW.ACEHARDWARE.COM/BRANDS/CHAR-BROIL
CHARBROIL	CHARBROIL	acehardware.com	HTTPS://WWW.ACEHARDWARE.COM/BRANDS/CHAR-BROIL
CHARBROILSTANDARDPORTABLELIQUID	CHARBROIL	acehardware.com	HTTPS://WWW.ACEHARDWARE.COM/BRANDS/CHAR-BROIL
CHARBROILSTORE	CHARBROIL	acehardware.com	HTTPS://WWW.ACEHARDWARE.COM/BRANDS/CHAR-BROIL
CHARLOTTEPIPE	CHARLOTTEPIPE	acehardware.com	HTTPS://WWW.ACEHARDWARE.COM/BRANDS/CHARLOTTE-PIPE
CHARLOTTEPIPEFOUND	CHARLOTTEPIPE	acehardware.com	HTTPS://WWW.ACEHARDWARE.COM/BRANDS/CHARLOTTE-PIPE
CHAROLETTEPIPE	CHARLOTTEPIPE	acehardware.com	HTTPS://WWW.ACEHARDWARE.COM/BRANDS/CHARLOTTE-PIPE
CHEMICALGUY	CHEMICALGUYS	acehardware.com	HTTPS://WWW.ACEHARDWARE.COM/BRANDS/CHEMICAL-GUYS
CHEMICALGUYS	CHEMICALGUYS	acehardware.com	HTTPS://WWW.ACEHARDWARE.COM/BRANDS/CHEMICAL-GUYS
CHONEOWELL	HONEYWELL	acehardware.com	HTTPS://WWW.ACEHARDWARE.COM/BRANDS/HONEYWELL
CHUCKIT	CHUCKIT2	acehardware.com	HTTPS://WWW.ACEHARDWARE.COM/BRANDS/CHUCKIT-2
CHUMS	CHUMS	acehardware.com	HTTPS://WWW.ACEHARDWARE.COM/BRANDS/CHUMS
CINSA	CINSA	acehardware.com	HTTPS://WWW.ACEHARDWARE.COM/BRANDS/CINSA
CITRISTRIP	CITRISTRIP	acehardware.com	HTTPS://WWW.ACEHARDWARE.COM/BRANDS/CITRISTRIP
CLAEYS	CLAEYS	acehardware.com	HTTPS://WWW.ACEHARDWARE.COM/BRANDS/CLAEYS
CLAEYSCANDIES	CLAEYS	acehardware.com	HTTPS://WWW.ACEHARDWARE.COM/BRANDS/CLAEYS
CLARKKENSINGTON	CK	acehardware.com	HTTPS://WWW.ACEHARDWARE.COM/BRANDS/C-K
CLOROX	CLOROX	acehardware.com	HTTPS://WWW.ACEHARDWARE.COM/BRANDS/CLOROX
CLOROXCO	CLOROX	acehardware.com	HTTPS://WWW.ACEHARDWARE.COM/BRANDS/CLOROX
CLOROXFRESH	CLOROX	acehardware.com	HTTPS://WWW.ACEHARDWARE.COM/BRANDS/CLOROX
CLOSERMAID	CLOSEAID	acehardware.com	HTTPS://WWW.ACEHARDWARE.COM/BRANDS/CLOSETMAID
CLOSESTMAID	CLOSEAID	acehardware.com	HTTPS://WWW.ACEHARDWARE.COM/BRANDS/CLOSETMAID
CLOSETMADE	CLOSEAID	acehardware.com	HTTPS://WWW.ACEHARDWARE.COM/BRANDS/CLOSETMAID
CLOSETMAID	CLOSEAID	acehardware.com	HTTPS://WWW.ACEHARDWARE.COM/BRANDS/CLOSETMAID
CLOSETMAID1315RECTANGULARWOODCOF	CLOSEAID	acehardware.com	HTTPS://WWW.ACEHARDWARE.COM/BRANDS/CLOSETMAID
CLOSETMAIDCORPDIVOFEMERSON	CLOSEAID	acehardware.com	HTTPS://WWW.ACEHARDWARE.COM/BRANDS/CLOSETMAID
CLOSETMAIDSTORE	CLOSEAID	acehardware.com	HTTPS://WWW.ACEHARDWARE.COM/BRANDS/CLOSETMAID
COLONIALCANDLE	COLONIALCANDLE	acehardware.com	HTTPS://WWW.ACEHARDWARE.COM/BRANDS/COLONIAL-CANDLE
COMMERCIALELECTRICANDGLOBE	GLOBEELECTRIC	acehardware.com	HTTPS://WWW.ACEHARDWARE.COM/BRANDS/GLOBE-ELECTRIC
COMMERCIALELECTRICGLOBE	GLOBEELECTRIC	acehardware.com	HTTPS://WWW.ACEHARDWARE.COM/BRANDS/GLOBE-ELECTRIC
CONCROBIUM	CONCROBIUM	acehardware.com	HTTPS://WWW.ACEHARDWARE.COM/BRANDS/CONCROBIUM
CONSERVCO	CONSERVCO	acehardware.com	HTTPS://WWW.ACEHARDWARE.COM/BRANDS/CONSERVCO
CONSERVCOWATER	CONSERVCO	acehardware.com	HTTPS://WWW.ACEHARDWARE.COM/BRANDS/CONSERVCO
CONTEK	CONTEK	acehardware.com	HTTPS://WWW.ACEHARDWARE.COM/BRANDS/CONTEK
CONTINENTALCABINET	CONTINENTALCABINETS	acehardware.com	HTTPS://WWW.ACEHARDWARE.COM/BRANDS/CONTINENTAL-CABINETS
CONTINENTALCABINETS	CONTINENTALCABINETS	acehardware.com	HTTPS://WWW.ACEHARDWARE.COM/BRANDS/CONTINENTAL-CABINETS
COOKERKING	KINGKOOKER	acehardware.com	HTTPS://WWW.ACEHARDWARE.COM/BRANDS/KING-KOOKER
COPPERFIT	COPPERFIT	acehardware.com	HTTPS://WWW.ACEHARDWARE.COM/BRANDS/COPPER-FIT
COREKITCHEN	COREKITCHEN	acehardware.com	HTTPS://WWW.ACEHARDWARE.COM/BRANDS/CORE-KITCHEN
CORINTHIANBELLS	CORINTHIANBELLS	acehardware.com	HTTPS://WWW.ACEHARDWARE.COM/BRANDS/CORINTHIAN-BELLS
CORNINGWARE	CORNINGWARE	acehardware.com	HTTPS://WWW.ACEHARDWARE.COM/BRANDS/CORNINGWARE
CRAWFORDLEHIGH	CRAWFORD	acehardware.com	HTTPS://WWW.ACEHARDWARE.COM/BRANDS/CRAWFORD
CRAWFORDPRODUCTSCOMPANY	CRAWFORD	acehardware.com	HTTPS://WWW.ACEHARDWARE.COM/BRANDS/CRAWFORD
CUISINART	CUISINART	acehardware.com	HTTPS://WWW.ACEHARDWARE.COM/BRANDS/CUISINART
CUISINARTSTORE	CUISINART	acehardware.com	HTTPS://WWW.ACEHARDWARE.COM/BRANDS/CUISINART
CUISINEART	CUISINART	acehardware.com	HTTPS://WWW.ACEHARDWARE.COM/BRANDS/CUISINART
CUISNART	CUISINART	acehardware.com	HTTPS://WWW.ACEHARDWARE.COM/BRANDS/CUISINART
CULLIGAN	CULLIGAN	acehardware.com	HTTPS://WWW.ACEHARDWARE.COM/BRANDS/CULLIGAN
CUSINAD	CUISINART	acehardware.com	HTTPS://WWW.ACEHARDWARE.COM/BRANDS/CUISINART
DAMPRID	DAMPRID	acehardware.com	HTTPS://WWW.ACEHARDWARE.COM/BRANDS/DAMPRID
DANCO	DANCO	acehardware.com	HTTPS://WWW.ACEHARDWARE.COM/BRANDS/DANCO
DANCOCOMPANY	DANCO	acehardware.com	HTTPS://WWW.ACEHARDWARE.COM/BRANDS/DANCO
DAPPRODUCTS	DAP	acehardware.com	HTTPS://WWW.ACEHARDWARE.COM/BRANDS/DAP
DCON	DCON	acehardware.com	HTTPS://WWW.ACEHARDWARE.COM/BRANDS/D-CON
DECKO	DECKO	acehardware.com	HTTPS://WWW.ACEHARDWARE.COM/BRANDS/DECKO
DECORIS	DECORIS	acehardware.com	HTTPS://WWW.ACEHARDWARE.COM/BRANDS/DECORIS
DEFT	DEFT	acehardware.com	HTTPS://WWW.ACEHARDWARE.COM/BRANDS/DEFT
DEKA	DEKA	acehardware.com	HTTPS://WWW.ACEHARDWARE.COM/BRANDS/DEKA
DEKORRA	DEKORRAPRODUCTS	acehardware.com	HTTPS://WWW.ACEHARDWARE.COM/BRANDS/DEKORRA-PRODUCTS
DEKORRAPRODUCTS	DEKORRAPRODUCTS	acehardware.com	HTTPS://WWW.ACEHARDWARE.COM/BRANDS/DEKORRA-PRODUCTS
DELTABATHINGSYSTEM	DELTABATHINGSYSTEM	acehardware.com	HTTPS://WWW.ACEHARDWARE.COM/BRANDS/DELTA-BATHING-SYSTEM
DEMOBAGS	DEMOBAGS	acehardware.com	HTTPS://WWW.ACEHARDWARE.COM/BRANDS/DEMO-BAGS
DEROMA	DEROMA	acehardware.com	HTTPS://WWW.ACEHARDWARE.COM/BRANDS/DEROMA
DESERTSTEEL	DESERTSTEEL	acehardware.com	HTTPS://WWW.ACEHARDWARE.COM/BRANDS/DESERT-STEEL
DESOLVIT	DESOLVIT	acehardware.com	HTTPS://WWW.ACEHARDWARE.COM/BRANDS/DE-SOLV-IT
DESPERATEENTERPRISES	DESPERATEENTERPRISES	acehardware.com	HTTPS://WWW.ACEHARDWARE.COM/BRANDS/DESPERATE-ENTERPRISES
DEVAULTENTERPRISES	DEVAULTENTERPRISES	acehardware.com	HTTPS://WWW.ACEHARDWARE.COM/BRANDS/DEVAULT-ENTERPRISES
DIALINDUSTRIES	DIALINDUSTRIES	acehardware.com	HTTPS://WWW.ACEHARDWARE.COM/BRANDS/DIAL-INDUSTRIES
DIAMONDCRYSTAL	DIAMONDCRYSTAL	acehardware.com	HTTPS://WWW.ACEHARDWARE.COM/BRANDS/DIAMOND-CRYSTAL
DIAMONDCRYSTALBRANDS	DIAMONDCRYSTAL	acehardware.com	HTTPS://WWW.ACEHARDWARE.COM/BRANDS/DIAMOND-CRYSTAL
DIAMONDVISION	DIAMONDVISIONS	acehardware.com	HTTPS://WWW.ACEHARDWARE.COM/BRANDS/DIAMOND-VISIONS
DIAMONDVISIONS	DIAMONDVISIONS	acehardware.com	HTTPS://WWW.ACEHARDWARE.COM/BRANDS/DIAMOND-VISIONS
DIEHARD	DIEHARD	acehardware.com	HTTPS://WWW.ACEHARDWARE.COM/BRANDS/DIEHARD
DIEHARDDIEHARD	DIEHARD	acehardware.com	HTTPS://WWW.ACEHARDWARE.COM/BRANDS/DIEHARD
DIGCORPORATION	DIGCORPORATION	acehardware.com	HTTPS://WWW.ACEHARDWARE.COM/BRANDS/DIG-CORPORATION
DIONIS	DIONIS	acehardware.com	HTTPS://WWW.ACEHARDWARE.COM/BRANDS/DIONIS
DIRTDEVIL	DIRTDEVIL	acehardware.com	HTTPS://WWW.ACEHARDWARE.COM/BRANDS/DIRT-DEVIL
DIRTDEVILED	DIRTDEVIL	acehardware.com	HTTPS://WWW.ACEHARDWARE.COM/BRANDS/DIRT-DEVIL
DISSTON	DISSTON	acehardware.com	HTTPS://WWW.ACEHARDWARE.COM/BRANDS/DISSTON
DORCY	DORCY	acehardware.com	HTTPS://WWW.ACEHARDWARE.COM/BRANDS/DORCY
DOUBLETUF	DOUBLETUF	acehardware.com	HTTPS://WWW.ACEHARDWARE.COM/BRANDS/DOUBLE-TUF
DRAMM	DRAMM	acehardware.com	HTTPS://WWW.ACEHARDWARE.COM/BRANDS/DRAMM
DRANISON	DRANO	acehardware.com	HTTPS://WWW.ACEHARDWARE.COM/BRANDS/DRANO
DRANO	DRANO	acehardware.com	HTTPS://WWW.ACEHARDWARE.COM/BRANDS/DRANO
DREARTH	DREARTH	acehardware.com	HTTPS://WWW.ACEHARDWARE.COM/BRANDS/DR-EARTH
DRIPLESS	DRIPLESS	acehardware.com	HTTPS://WWW.ACEHARDWARE.COM/BRANDS/DRIPLESS
DRYLOK	DRYLOK	acehardware.com	HTTPS://WWW.ACEHARDWARE.COM/BRANDS/DRYLOK
DUALUX	DUALUX	acehardware.com	HTTPS://WWW.ACEHARDWARE.COM/BRANDS/DUALUX
DUCKBACK	DUCKBACK	acehardware.com	HTTPS://WWW.ACEHARDWARE.COM/BRANDS/DUCKBACK
DUCKBACKPRODUCTS	DUCKBACK	acehardware.com	HTTPS://WWW.ACEHARDWARE.COM/BRANDS/DUCKBACK
DUKECANNON	DUKECANNON	acehardware.com	HTTPS://WWW.ACEHARDWARE.COM/BRANDS/DUKE-CANNON
DUKECANNONSUPPLY	DUKECANNON	acehardware.com	HTTPS://WWW.ACEHARDWARE.COM/BRANDS/DUKE-CANNON
DUMOND	DUMOND	acehardware.com	HTTPS://WWW.ACEHARDWARE.COM/BRANDS/DUMOND
DURACELL	DURACELL	acehardware.com	HTTPS://WWW.ACEHARDWARE.COM/BRANDS/DURACELL
DURACELLPOWER	DURACELL	acehardware.com	HTTPS://WWW.ACEHARDWARE.COM/BRANDS/DURACELL
DURAFLAME	DURAFLAME	acehardware.com	HTTPS://WWW.ACEHARDWARE.COM/BRANDS/DURAFLAME
DURAVENT	DURAVENT	acehardware.com	HTTPS://WWW.ACEHARDWARE.COM/BRANDS/DURAVENT
DURCEL	DURACELL	acehardware.com	HTTPS://WWW.ACEHARDWARE.COM/BRANDS/DURACELL
DURFLAME	DURAFLAME	acehardware.com	HTTPS://WWW.ACEHARDWARE.COM/BRANDS/DURAFLAME
DUROGREEN	DUROGREEN	acehardware.com	HTTPS://WWW.ACEHARDWARE.COM/BRANDS/DUROGREEN
DUSTDADDY	DUSTDADDY	acehardware.com	HTTPS://WWW.ACEHARDWARE.COM/BRANDS/DUST-DADDY
DYNATRAP	DYNATRAP	acehardware.com	HTTPS://WWW.ACEHARDWARE.COM/BRANDS/DYNATRAP
EARTHBOX	EARTHBOX	acehardware.com	HTTPS://WWW.ACEHARDWARE.COM/BRANDS/EARTHBOX
EARTHEDGE	EARTHEDGE	acehardware.com	HTTPS://WWW.ACEHARDWARE.COM/BRANDS/EARTH-EDGE
EASYFLEX	EASYFLEX	acehardware.com	HTTPS://WWW.ACEHARDWARE.COM/BRANDS/EASYFLEX
EASYHARDWARE	EASYOFF	acehardware.com	HTTPS://WWW.ACEHARDWARE.COM/BRANDS/EASY-OFF
EASYHEAT	EASYHEAT	acehardware.com	HTTPS://WWW.ACEHARDWARE.COM/BRANDS/EASY-HEAT
EASYLUNCHBOXES	EASYLUNCHBOXES	acehardware.com	HTTPS://WWW.ACEHARDWARE.COM/BRANDS/EASY-LUNCHBOXES
EASYMASK	EASYMASK	acehardware.com	HTTPS://WWW.ACEHARDWARE.COM/BRANDS/EASY-MASK
EASYOFF	EASYOFF	acehardware.com	HTTPS://WWW.ACEHARDWARE.COM/BRANDS/EASY-OFF
ECOFAN	ECOFAN	acehardware.com	HTTPS://WWW.ACEHARDWARE.COM/BRANDS/ECOFAN
ECOSCRAPS	ECOSCRAPS	acehardware.com	HTTPS://WWW.ACEHARDWARE.COM/BRANDS/ECOSCRAPS
ECOSMAR	ECOSMART	acehardware.com	HTTPS://WWW.ACEHARDWARE.COM/BRANDS/ECOSMART
ECOSMART	ECOSMART	acehardware.com	HTTPS://WWW.ACEHARDWARE.COM/BRANDS/ECOSMART
ECOXGEAR	ECOXGEAR	acehardware.com	HTTPS://WWW.ACEHARDWARE.COM/BRANDS/ECOXGEAR
EDGEEYEWEAR	EDGEEYEWEAR	acehardware.com	HTTPS://WWW.ACEHARDWARE.COM/BRANDS/EDGE-EYEWEAR
EEMERSONTOOL	EEMERSONTOOLCO	acehardware.com	HTTPS://WWW.ACEHARDWARE.COM/BRANDS/E-EMERSON-TOOL-CO
EEMERSONTOOLCO	EEMERSONTOOLCO	acehardware.com	HTTPS://WWW.ACEHARDWARE.COM/BRANDS/E-EMERSON-TOOL-CO
ELITEMOPSBROOMS	ELITEMOPSANDBROOMS	acehardware.com	HTTPS://WWW.ACEHARDWARE.COM/BRANDS/ELITE-MOPS-AND-BROOMS
EMERSONTOOLCO	EEMERSONTOOLCO	acehardware.com	HTTPS://WWW.ACEHARDWARE.COM/BRANDS/E-EMERSON-TOOL-CO
EMERSONTOOLCOMPANY	EEMERSONTOOLCO	acehardware.com	HTTPS://WWW.ACEHARDWARE.COM/BRANDS/E-EMERSON-TOOL-CO
EMERSONTOOLSCO	EEMERSONTOOLCO	acehardware.com	HTTPS://WWW.ACEHARDWARE.COM/BRANDS/E-EMERSON-TOOL-CO
ENDUST	ENDUST	acehardware.com	HTTPS://WWW.ACEHARDWARE.COM/BRANDS/ENDUST
ENERGIZERBATTERIES	ENERGIZER	acehardware.com	HTTPS://WWW.ACEHARDWARE.COM/BRANDS/ENERGIZER
ENERGIZERBATTERY	ENERGIZER	acehardware.com	HTTPS://WWW.ACEHARDWARE.COM/BRANDS/ENERGIZER
ENERGIZERBATTERYCOMPANY	ENERGIZER	acehardware.com	HTTPS://WWW.ACEHARDWARE.COM/BRANDS/ENERGIZER
ENERGIZERBRANDS	ENERGIZER	acehardware.com	HTTPS://WWW.ACEHARDWARE.COM/BRANDS/ENERGIZER
ENO	ENO	acehardware.com	HTTPS://WWW.ACEHARDWARE.COM/BRANDS/ENO
EPICUREANCUTTINGSERVICES	EPICUREAN	acehardware.com	HTTPS://WWW.ACEHARDWARE.COM/BRANDS/EPICUREAN
ESPOMA	ESPOMA	acehardware.com	HTTPS://WWW.ACEHARDWARE.COM/BRANDS/ESPOMA
ESPOMACOMPANY	ESPOMA	acehardware.com	HTTPS://WWW.ACEHARDWARE.COM/BRANDS/ESPOMA
ESTESBRANDS	ESTES	acehardware.com	HTTPS://WWW.ACEHARDWARE.COM/BRANDS/ESTES
ESTWING	ESTWING	acehardware.com	HTTPS://WWW.ACEHARDWARE.COM/BRANDS/ESTWING
ETTORE	ETTORE	acehardware.com	HTTPS://WWW.ACEHARDWARE.COM/BRANDS/ETTORE
ETTOREPRODUCTS	ETTORE	acehardware.com	HTTPS://WWW.ACEHARDWARE.COM/BRANDS/ETTORE
EURIGO	KEURIG	acehardware.com	HTTPS://WWW.ACEHARDWARE.COM/BRANDS/KEURIG
EVAPORUST	EVAPORUST	acehardware.com	HTTPS://WWW.ACEHARDWARE.COM/BRANDS/EVAPO-RUST
EVERCOAT	EVERCOAT	acehardware.com	HTTPS://WWW.ACEHARDWARE.COM/BRANDS/EVERCOAT
EVERLASTINGGLOW	EVERLASTINGGLOW	acehardware.com	HTTPS://WWW.ACEHARDWARE.COM/BRANDS/EVERLASTING-GLOW
EXPRESSIVEDESIGNGROUP	EXPRESSIVEDESIGNGROUP	acehardware.com	HTTPS://WWW.ACEHARDWARE.COM/BRANDS/EXPRESSIVE-DESIGN-GROUP
EZANCOR	EZANCOR	acehardware.com	HTTPS://WWW.ACEHARDWARE.COM/BRANDS/E-Z-ANCOR
EZOFF	EASYOFF	acehardware.com	HTTPS://WWW.ACEHARDWARE.COM/BRANDS/EASY-OFF
EZPOUR	EZPOUR	acehardware.com	HTTPS://WWW.ACEHARDWARE.COM/BRANDS/EZ-POUR
EZREAD	EZREAD	acehardware.com	HTTPS://WWW.ACEHARDWARE.COM/BRANDS/EZREAD
FAMOWOOD	FAMOWOOD	acehardware.com	HTTPS://WWW.ACEHARDWARE.COM/BRANDS/FAMOWOOD
FANTES	FANTES2	acehardware.com	HTTPS://WWW.ACEHARDWARE.COM/BRANDS/FANTES-2
FASTORANGE	FASTORANGE	acehardware.com	HTTPS://WWW.ACEHARDWARE.COM/BRANDS/FAST-ORANGE
FAUCETSOCK	FAUCETSOCK	acehardware.com	HTTPS://WWW.ACEHARDWARE.COM/BRANDS/FAUCET-SOCK
FCYOUNG	FCYOUNG	acehardware.com	HTTPS://WWW.ACEHARDWARE.COM/BRANDS/FC-YOUNG
FEIN	FEIN	acehardware.com	HTTPS://WWW.ACEHARDWARE.COM/BRANDS/FEIN
FEINCO	FEIN	acehardware.com	HTTPS://WWW.ACEHARDWARE.COM/BRANDS/FEIN
FEITELECTRIC	FEITELECTRIC2	acehardware.com	HTTPS://WWW.ACEHARDWARE.COM/BRANDS/FEIT-ELECTRIC-2
FEITELECTRICCO	FEITELECTRIC2	acehardware.com	HTTPS://WWW.ACEHARDWARE.COM/BRANDS/FEIT-ELECTRIC-2
FEITELECTRICCOMPANY	FEITELECTRIC2	acehardware.com	HTTPS://WWW.ACEHARDWARE.COM/BRANDS/FEIT-ELECTRIC-2
FEITELECTTIC	FEITELECTRIC2	acehardware.com	HTTPS://WWW.ACEHARDWARE.COM/BRANDS/FEIT-ELECTRIC-2
FELTELECTRIC	FEITELECTRIC2	acehardware.com	HTTPS://WWW.ACEHARDWARE.COM/BRANDS/FEIT-ELECTRIC-2
FERNCO	FERNCO	acehardware.com	HTTPS://WWW.ACEHARDWARE.COM/BRANDS/FERNCO
FERRYMORSE	FERRYMORSE	acehardware.com	HTTPS://WWW.ACEHARDWARE.COM/BRANDS/FERRY-MORSE
FERRYMORSESEED	FERRYMORSE	acehardware.com	HTTPS://WWW.ACEHARDWARE.COM/BRANDS/FERRY-MORSE
FERTILOME	FERTILOME	acehardware.com	HTTPS://WWW.ACEHARDWARE.COM/BRANDS/FERTI-LOME
FERTOY	FERTILOME	acehardware.com	HTTPS://WWW.ACEHARDWARE.COM/BRANDS/FERTI-LOME
FIBREGLASSEVERCOAT	EVERCOAT	acehardware.com	HTTPS://WWW.ACEHARDWARE.COM/BRANDS/EVERCOAT
FIETELECTRIC	FEITELECTRIC2	acehardware.com	HTTPS://WWW.ACEHARDWARE.COM/BRANDS/FEIT-ELECTRIC-2
FILMGARD	FILMGARD	acehardware.com	HTTPS://WWW.ACEHARDWARE.COM/BRANDS/FILM-GARD
FILTERETE	FILTRETE	acehardware.com	HTTPS://WWW.ACEHARDWARE.COM/BRANDS/FILTRETE
FILTRATE	FILTRETE	acehardware.com	HTTPS://WWW.ACEHARDWARE.COM/BRANDS/FILTRETE
FILTRETE	FILTRETE	acehardware.com	HTTPS://WWW.ACEHARDWARE.COM/BRANDS/FILTRETE
FILTRETE1	FILTRETE	acehardware.com	HTTPS://WWW.ACEHARDWARE.COM/BRANDS/FILTRETE
FIMCO	FIMCO	acehardware.com	HTTPS://WWW.ACEHARDWARE.COM/BRANDS/FIMCO
FIREDISC	FIREDISC	acehardware.com	HTTPS://WWW.ACEHARDWARE.COM/BRANDS/FIREDISC
FIREDISCGRILLS	FIREDISC	acehardware.com	HTTPS://WWW.ACEHARDWARE.COM/BRANDS/FIREDISC
FIRSTALERT	FIRSTALERT	acehardware.com	HTTPS://WWW.ACEHARDWARE.COM/BRANDS/FIRST-ALERT
FIRSTALERTBERNZOMATIC	FIRSTALERT	acehardware.com	HTTPS://WWW.ACEHARDWARE.COM/BRANDS/FIRST-ALERT
FISKARS	FISKARS	acehardware.com	HTTPS://WWW.ACEHARDWARE.COM/BRANDS/FISKARS
FISKARS3850911002CLEARINGTOOLGA	FISKARS	acehardware.com	HTTPS://WWW.ACEHARDWARE.COM/BRANDS/FISKARS
FISKARS634INTITANIUMANVILRAT	FISKARS	acehardware.com	HTTPS://WWW.ACEHARDWARE.COM/BRANDS/FISKARS
FISKARSAMERICAS	FISKARS	acehardware.com	HTTPS://WWW.ACEHARDWARE.COM/BRANDS/FISKARS
FISKARSANDHUSKY	FISKARS	acehardware.com	HTTPS://WWW.ACEHARDWARE.COM/BRANDS/FISKARS
FISKARSBRANDS	FISKARS	acehardware.com	HTTPS://WWW.ACEHARDWARE.COM/BRANDS/FISKARS
FISKARSCORPORATION	FISKARS	acehardware.com	HTTPS://WWW.ACEHARDWARE.COM/BRANDS/FISKARS
FISKARSINCORPORATED	FISKARS	acehardware.com	HTTPS://WWW.ACEHARDWARE.COM/BRANDS/FISKARS
FISKARSMFGSCREWBALLDIVISION	FISKARS	acehardware.com	HTTPS://WWW.ACEHARDWARE.COM/BRANDS/FISKARS
FISKARSPOTTERY	FISKARS	acehardware.com	HTTPS://WWW.ACEHARDWARE.COM/BRANDS/FISKARS
FISKARSSECURITY	FISKARS	acehardware.com	HTTPS://WWW.ACEHARDWARE.COM/BRANDS/FISKARS
FISKAS	FISKARS	acehardware.com	HTTPS://WWW.ACEHARDWARE.COM/BRANDS/FISKARS
FITKICKS	FITKICKS	acehardware.com	HTTPS://WWW.ACEHARDWARE.COM/BRANDS/FITKICKS
FITTRITEHARDWARE	FITT	acehardware.com	HTTPS://WWW.ACEHARDWARE.COM/BRANDS/FITT
FLAIRIT	FLAIRIT	acehardware.com	HTTPS://WWW.ACEHARDWARE.COM/BRANDS/FLAIR-IT
FLAMEGENIE	FLAMEGENIE	acehardware.com	HTTPS://WWW.ACEHARDWARE.COM/BRANDS/FLAME-GENIE
FLAMEKING	FLAMEKING	acehardware.com	HTTPS://WWW.ACEHARDWARE.COM/BRANDS/FLAME-KING
FLANDERSAIRFILTRATION	AAFFLANDERS2	acehardware.com	HTTPS://WWW.ACEHARDWARE.COM/BRANDS/AAF-FLANDERS-2
FLEXDRAIN	FLEXDRAIN	acehardware.com	HTTPS://WWW.ACEHARDWARE.COM/BRANDS/FLEX-DRAIN
FLEXDRAINZ	FLEXDRAIN	acehardware.com	HTTPS://WWW.ACEHARDWARE.COM/BRANDS/FLEX-DRAIN
FLEXRAKECORP	FLEXRAKE	acehardware.com	HTTPS://WWW.ACEHARDWARE.COM/BRANDS/FLEXRAKE
FLEXSEAL	FLEXSEALFAMILYOFPRODUCTS	acehardware.com	HTTPS://WWW.ACEHARDWARE.COM/BRANDS/FLEX-SEAL-FAMILY-OF-PRODUCTS
FLEXTAPE	FLEXTAPE	acehardware.com	HTTPS://WWW.ACEHARDWARE.COM/BRANDS/FLEX-TAPE
FLEXZILLA	FLEXZILLA	acehardware.com	HTTPS://WWW.ACEHARDWARE.COM/BRANDS/FLEXZILLA
FLITZ	FLITZ	acehardware.com	HTTPS://WWW.ACEHARDWARE.COM/BRANDS/FLITZ
FLOTEC	FLOTEC	acehardware.com	HTTPS://WWW.ACEHARDWARE.COM/BRANDS/FLOTEC
FLOTECH	FLOTEC	acehardware.com	HTTPS://WWW.ACEHARDWARE.COM/BRANDS/FLOTEC
FLTRETE	FILTRETE	acehardware.com	HTTPS://WWW.ACEHARDWARE.COM/BRANDS/FILTRETE
FLUIDMASTER	FLUIDMASTER	acehardware.com	HTTPS://WWW.ACEHARDWARE.COM/BRANDS/FLUIDMASTER
FOGO	FOGO	acehardware.com	HTTPS://WWW.ACEHARDWARE.COM/BRANDS/FOGO
FOREARMFORKLIFT	FOREARMFORKLIFT	acehardware.com	HTTPS://WWW.ACEHARDWARE.COM/BRANDS/FOREARM-FORKLIFT
FOURPLUS	FOURPLUS	acehardware.com	HTTPS://WWW.ACEHARDWARE.COM/BRANDS/FOURPLUS
FOXFARM	FOXFARM	acehardware.com	HTTPS://WWW.ACEHARDWARE.COM/BRANDS/FOXFARM
FOXFARMS	FOXFARM	acehardware.com	HTTPS://WWW.ACEHARDWARE.COM/BRANDS/FOXFARM
FRAGRANCEFOUNDRY	FRAGRANCEFOUNDRY	acehardware.com	HTTPS://WWW.ACEHARDWARE.COM/BRANDS/FRAGRANCE-FOUNDRY
FRANKE	FRANKE	acehardware.com	HTTPS://WWW.ACEHARDWARE.COM/BRANDS/FRANKE
FRANKEUSA	FRANKE	acehardware.com	HTTPS://WWW.ACEHARDWARE.COM/BRANDS/FRANKE
FRANKLINBRASS	FRANKLINBRASS	acehardware.com	HTTPS://WWW.ACEHARDWARE.COM/BRANDS/FRANKLIN-BRASS
FRESHWAVE	FRESHWAVE	acehardware.com	HTTPS://WWW.ACEHARDWARE.COM/BRANDS/FRESH-WAVE
FRISKARS	FISKARS	acehardware.com	HTTPS://WWW.ACEHARDWARE.COM/BRANDS/FISKARS
FROSTGUARD	FROSTGUARD	acehardware.com	HTTPS://WWW.ACEHARDWARE.COM/BRANDS/FROSTGUARD
FROSTKING	FROSTKING	acehardware.com	HTTPS://WWW.ACEHARDWARE.COM/BRANDS/FROST-KING
FROSTKINGF17XADPRESLITTUBULARF	FROSTKING	acehardware.com	HTTPS://WWW.ACEHARDWARE.COM/BRANDS/FROST-KING
FROSTKINGV739HINDOORSHRINKWIND	FROSTKING	acehardware.com	HTTPS://WWW.ACEHARDWARE.COM/BRANDS/FROST-KING
FTCHAMBERLAIN	CHAMBERLAIN	acehardware.com	HTTPS://WWW.ACEHARDWARE.COM/BRANDS/CHAMBERLAIN
FUREMOVER	FUREMOVER	acehardware.com	HTTPS://WWW.ACEHARDWARE.COM/BRANDS/FUREMOVER
FUREMOVERSTORE	FUREMOVER	acehardware.com	HTTPS://WWW.ACEHARDWARE.COM/BRANDS/FUREMOVER
GABRIELORGANICS	STGABRIELORGANICS	acehardware.com	HTTPS://WWW.ACEHARDWARE.COM/BRANDS/ST-GABRIEL-ORGANICS
GAF	GAF	acehardware.com	HTTPS://WWW.ACEHARDWARE.COM/BRANDS/GAF
GALLAGHER	GALLAGHER	acehardware.com	HTTPS://WWW.ACEHARDWARE.COM/BRANDS/GALLAGHER
GAMAGO	GAMAGO	acehardware.com	HTTPS://WWW.ACEHARDWARE.COM/BRANDS/GAMAGO
GARAGEESSENTIALS	GARAGEESSENTIALS	acehardware.com	HTTPS://WWW.ACEHARDWARE.COM/BRANDS/GARAGE-ESSENTIALS
GARBAGEGRIPPER	GARBAGEGRIPPER	acehardware.com	HTTPS://WWW.ACEHARDWARE.COM/BRANDS/GARBAGE-GRIPPER
GARDENA	GARDENA	acehardware.com	HTTPS://WWW.ACEHARDWARE.COM/BRANDS/GARDENA
GARDENCRAFT	GARDENCRAFT	acehardware.com	HTTPS://WWW.ACEHARDWARE.COM/BRANDS/GARDEN-CRAFT
GARDENRADIANCE	RADIANCE	acehardware.com	HTTPS://WWW.ACEHARDWARE.COM/BRANDS/RADIANCE
GARDENWEASEL	GARDENWEASEL	acehardware.com	HTTPS://WWW.ACEHARDWARE.COM/BRANDS/GARDEN-WEASEL
GARDENWEASELCOMPANY	GARDENWEASEL	acehardware.com	HTTPS://WWW.ACEHARDWARE.COM/BRANDS/GARDEN-WEASEL
GARDUS	GARDUS	acehardware.com	HTTPS://WWW.ACEHARDWARE.COM/BRANDS/GARDUS
GARRDENWEASEL	GARDENWEASEL	acehardware.com	HTTPS://WWW.ACEHARDWARE.COM/BRANDS/GARDEN-WEASEL
GASOILA	GASOILA	acehardware.com	HTTPS://WWW.ACEHARDWARE.COM/BRANDS/GASOILA
GCIOUTDOOR	GCIOUTDOOR	acehardware.com	HTTPS://WWW.ACEHARDWARE.COM/BRANDS/GCI-OUTDOOR
GCIOUTDOORS	GCIOUTDOOR	acehardware.com	HTTPS://WWW.ACEHARDWARE.COM/BRANDS/GCI-OUTDOOR
GEARWRENCH	GEARWRENCH	acehardware.com	HTTPS://WWW.ACEHARDWARE.COM/BRANDS/GEARWRENCH
GELGLOSS	GELGLOSS	acehardware.com	HTTPS://WWW.ACEHARDWARE.COM/BRANDS/GEL-GLOSS
GEMMY	GEMMY	acehardware.com	HTTPS://WWW.ACEHARDWARE.COM/BRANDS/GEMMY
GEMMYDISNEY	GEMMY	acehardware.com	HTTPS://WWW.ACEHARDWARE.COM/BRANDS/GEMMY
GENERA	GENERAC	acehardware.com	HTTPS://WWW.ACEHARDWARE.COM/BRANDS/GENERAC
GENERAC	GENERAC	acehardware.com	HTTPS://WWW.ACEHARDWARE.COM/BRANDS/GENERAC
GENERALHYDROPONICS	GENERALHYDROPONICS	acehardware.com	HTTPS://WWW.ACEHARDWARE.COM/BRANDS/GENERAL-HYDROPONICS
GENERAS	GENERAC	acehardware.com	HTTPS://WWW.ACEHARDWARE.COM/BRANDS/GENERAC
GEOCEL	GEOCEL	acehardware.com	HTTPS://WWW.ACEHARDWARE.COM/BRANDS/GEOCEL
GEREARC	GENERAC	acehardware.com	HTTPS://WWW.ACEHARDWARE.COM/BRANDS/GENERAC
GIBRALTARBUILDINGPRODUCTS	GIBRALTARBUILDINGPRODUCTS	acehardware.com	HTTPS://WWW.ACEHARDWARE.COM/BRANDS/GIBRALTAR-BUILDING-PRODUCTS
GILESKENDALL	GILESKENDALL	acehardware.com	HTTPS://WWW.ACEHARDWARE.COM/BRANDS/GILES-KENDALL
GILMOUR	GILMOUR	acehardware.com	HTTPS://WWW.ACEHARDWARE.COM/BRANDS/GILMOUR
GILMOUR3250SQFTOSCILLATINGSLEDL	GILMOUR	acehardware.com	HTTPS://WWW.ACEHARDWARE.COM/BRANDS/GILMOUR
GILMOURMEDIUMDUTYHYBRIDIMPACTSP	GILMOUR	acehardware.com	HTTPS://WWW.ACEHARDWARE.COM/BRANDS/GILMOUR
GILMOURROBERTBOSCHTOOLCORP	GILMOUR	acehardware.com	HTTPS://WWW.ACEHARDWARE.COM/BRANDS/GILMOUR
GILMOUT	GILMOUR	acehardware.com	HTTPS://WWW.ACEHARDWARE.COM/BRANDS/GILMOUR
GINSEY	GINSEY	acehardware.com	HTTPS://WWW.ACEHARDWARE.COM/BRANDS/GINSEY
GLASSPLUS	GLASSPLUS	acehardware.com	HTTPS://WWW.ACEHARDWARE.COM/BRANDS/GLASS-PLUS
GLOBEELECTRIC	GLOBEELECTRIC	acehardware.com	HTTPS://WWW.ACEHARDWARE.COM/BRANDS/GLOBE-ELECTRIC
GLOBEELECTRICCOMPANY	GLOBEELECTRIC	acehardware.com	HTTPS://WWW.ACEHARDWARE.COM/BRANDS/GLOBE-ELECTRIC
GLOBEELECTRICCOMPANYUSA	GLOBEELECTRIC	acehardware.com	HTTPS://WWW.ACEHARDWARE.COM/BRANDS/GLOBE-ELECTRIC
GLOBEELECTRICSTORE	GLOBEELECTRIC	acehardware.com	HTTPS://WWW.ACEHARDWARE.COM/BRANDS/GLOBE-ELECTRIC
GLOVEINABOTTLE	GLOVESINABOTTLE	acehardware.com	HTTPS://WWW.ACEHARDWARE.COM/BRANDS/GLOVES-IN-A-BOTTLE
GLOVESINABOTTLE	GLOVESINABOTTLE	acehardware.com	HTTPS://WWW.ACEHARDWARE.COM/BRANDS/GLOVES-IN-A-BOTTLE
GLOVEWORKS	GLOVEWORKS	acehardware.com	HTTPS://WWW.ACEHARDWARE.COM/BRANDS/GLOVEWORKS
GOJOIND	GOJO	acehardware.com	HTTPS://WWW.ACEHARDWARE.COM/BRANDS/GOJO
GOODOLDVALUES	GOODOLDVALUES	acehardware.com	HTTPS://WWW.ACEHARDWARE.COM/BRANDS/GOOD-OLD-VALUES
GOOFOFF	GOOFOFF	acehardware.com	HTTPS://WWW.ACEHARDWARE.COM/BRANDS/GOOF-OFF
GOOGONEGORILLAELMERS	GOOGONE	acehardware.com	HTTPS://WWW.ACEHARDWARE.COM/BRANDS/GOO-GONE
GOPHERHAWK	GOPHERHAWK	acehardware.com	HTTPS://WWW.ACEHARDWARE.COM/BRANDS/GOPHERHAWK
GORILLACART	GORILLACARTS	acehardware.com	HTTPS://WWW.ACEHARDWARE.COM/BRANDS/GORILLA-CARTS
GORILLACARTS	GORILLACARTS	acehardware.com	HTTPS://WWW.ACEHARDWARE.COM/BRANDS/GORILLA-CARTS
GORRILLACART	GORILLACARTS	acehardware.com	HTTPS://WWW.ACEHARDWARE.COM/BRANDS/GORILLA-CARTS
GOURMETACE	AMERICANGOURMET	acehardware.com	HTTPS://WWW.ACEHARDWARE.COM/BRANDS/AMERICAN-GOURMET
GOURMETACE	BEYONDGOURMET	acehardware.com	HTTPS://WWW.ACEHARDWARE.COM/BRANDS/BEYOND-GOURMET
GOXT	GOXT	acehardware.com	HTTPS://WWW.ACEHARDWARE.COM/BRANDS/GOXT
GOZENY	GOZNEY	acehardware.com	HTTPS://WWW.ACEHARDWARE.COM/BRANDS/GOZNEY
GOZNEY	GOZNEY	acehardware.com	HTTPS://WWW.ACEHARDWARE.COM/BRANDS/GOZNEY
GOZOEY	GOZNEY	acehardware.com	HTTPS://WWW.ACEHARDWARE.COM/BRANDS/GOZNEY
GRACIOUSLIVING	GRACIOUSLIVING	acehardware.com	HTTPS://WWW.ACEHARDWARE.COM/BRANDS/GRACIOUS-LIVING
GRAMPSWEEDER	GRAMPASWEEDER	acehardware.com	HTTPS://WWW.ACEHARDWARE.COM/BRANDS/GRAMPAS-WEEDER
GRANDMASSECRET	GRANDMASSECRET	acehardware.com	HTTPS://WWW.ACEHARDWARE.COM/BRANDS/GRANDMAS-SECRET
GRANDPAGUSS	GRANDPAGUSS	acehardware.com	HTTPS://WWW.ACEHARDWARE.COM/BRANDS/GRANDPA-GUSS
GRANITEGOLD	GRANITEGOLD	acehardware.com	HTTPS://WWW.ACEHARDWARE.COM/BRANDS/GRANITE-GOLD
GRANITEWARE	GRANITEWARE	acehardware.com	HTTPS://WWW.ACEHARDWARE.COM/BRANDS/GRANITE-WARE
GRASSWORX	GRASSWORX	acehardware.com	HTTPS://WWW.ACEHARDWARE.COM/BRANDS/GRASSWORX
GREASEDLIGHTNING	GREASEDLIGHTNING	acehardware.com	HTTPS://WWW.ACEHARDWARE.COM/BRANDS/GREASED-LIGHTNING
GREATNECKTOOLS	GREATNECK	acehardware.com	HTTPS://WWW.ACEHARDWARE.COM/BRANDS/GREATNECK
GREATSTUFF	GREATSTUFF	acehardware.com	HTTPS://WWW.ACEHARDWARE.COM/BRANDS/GREAT-STUFF
GREENGOBBLER	GREENGOBBLER	acehardware.com	HTTPS://WWW.ACEHARDWARE.COM/BRANDS/GREEN-GOBBLER
GREENMOUNTAINGRILLS	GREENMOUNTAINGRILLS	acehardware.com	HTTPS://WWW.ACEHARDWARE.COM/BRANDS/GREEN-MOUNTAIN-GRILLS
GREENWORKSSTORE	GREENWORKS	acehardware.com	HTTPS://WWW.ACEHARDWARE.COM/BRANDS/GREENWORKS
GRILLARMORGLOVES	GRILLARMORGLOVES	acehardware.com	HTTPS://WWW.ACEHARDWARE.COM/BRANDS/GRILL-ARMOR-GLOVES
GRILLMARK	GRILLMARK	acehardware.com	HTTPS://WWW.ACEHARDWARE.COM/BRANDS/GRILL-MARK
GRIPERITE	GRIPRITE	acehardware.com	HTTPS://WWW.ACEHARDWARE.COM/BRANDS/GRIP-RITE
GRIPRITE	GRIPRITE	acehardware.com	HTTPS://WWW.ACEHARDWARE.COM/BRANDS/GRIP-RITE
GRKFASTENERS	GRKFASTENERS	acehardware.com	HTTPS://WWW.ACEHARDWARE.COM/BRANDS/GRK-FASTENERS
GROOVELIFE	GROOVELIFE	acehardware.com	HTTPS://WWW.ACEHARDWARE.COM/BRANDS/GROOVE-LIFE
GROOVEPLUSLIFE	GROOVELIFE	acehardware.com	HTTPS://WWW.ACEHARDWARE.COM/BRANDS/GROOVE-LIFE
GROWSTAR	GROWSTAR	acehardware.com	HTTPS://WWW.ACEHARDWARE.COM/BRANDS/GROWSTAR
GTWATER	GTWATERPRODUCTS	acehardware.com	HTTPS://WWW.ACEHARDWARE.COM/BRANDS/GT-WATER-PRODUCTS
GTWATERPRODUCTS	GTWATERPRODUCTS	acehardware.com	HTTPS://WWW.ACEHARDWARE.COM/BRANDS/GT-WATER-PRODUCTS
GUARDMAN	GUARDSMAN	acehardware.com	HTTPS://WWW.ACEHARDWARE.COM/BRANDS/GUARDSMAN
GUARDMANGUARDMAN	GUARDSMAN	acehardware.com	HTTPS://WWW.ACEHARDWARE.COM/BRANDS/GUARDSMAN
GUARDSMAN	GUARDSMAN	acehardware.com	HTTPS://WWW.ACEHARDWARE.COM/BRANDS/GUARDSMAN
GUARDSMANPRODUCTS	GUARDSMAN	acehardware.com	HTTPS://WWW.ACEHARDWARE.COM/BRANDS/GUARDSMAN
HAMILTONBEACH	HAMILTONBEACH	acehardware.com	HTTPS://WWW.ACEHARDWARE.COM/BRANDS/HAMILTON-BEACH
HAMILTONBEACHANDFARBERWARE	HAMILTONBEACH	acehardware.com	HTTPS://WWW.ACEHARDWARE.COM/BRANDS/HAMILTON-BEACH
HAMILTONBEECH	HAMILTONBEACH	acehardware.com	HTTPS://WWW.ACEHARDWARE.COM/BRANDS/HAMILTON-BEACH
HAMITONBEACH	HAMILTONBEACH	acehardware.com	HTTPS://WWW.ACEHARDWARE.COM/BRANDS/HAMILTON-BEACH
HAMMOND	HAMMONDSCANDIES	acehardware.com	HTTPS://WWW.ACEHARDWARE.COM/BRANDS/HAMMONDS-CANDIES
HAMMONDS	HAMMONDSCANDIES	acehardware.com	HTTPS://WWW.ACEHARDWARE.COM/BRANDS/HAMMONDS-CANDIES
HANDIHEATER	HANDYHEATER	acehardware.com	HTTPS://WWW.ACEHARDWARE.COM/BRANDS/HANDY-HEATER
HANDYBRITE	HANDYBRITE	acehardware.com	HTTPS://WWW.ACEHARDWARE.COM/BRANDS/HANDY-BRITE
HANDYHEATER	HANDYHEATER	acehardware.com	HTTPS://WWW.ACEHARDWARE.COM/BRANDS/HANDY-HEATER
HANOVEROUTDOOR	HANOVER	acehardware.com	HTTPS://WWW.ACEHARDWARE.COM/BRANDS/HANOVER
HANOVEROUTDOORFURNITURE	HANOVER	acehardware.com	HTTPS://WWW.ACEHARDWARE.COM/BRANDS/HANOVER
HARRISHARDWARE	HARRIS	acehardware.com	HTTPS://WWW.ACEHARDWARE.COM/BRANDS/HARRIS
HARVESTDIRECT	HARVESTDIRECT	acehardware.com	HTTPS://WWW.ACEHARDWARE.COM/BRANDS/HARVEST-DIRECT
HAVAHART	HAVAHART	acehardware.com	HTTPS://WWW.ACEHARDWARE.COM/BRANDS/HAVAHART
HAVAHEART	HAVAHART	acehardware.com	HTTPS://WWW.ACEHARDWARE.COM/BRANDS/HAVAHART
HEADWINDCONSUMER	HEADWINDCONSUMERPRODUCTS	acehardware.com	HTTPS://WWW.ACEHARDWARE.COM/BRANDS/HEADWIND-CONSUMER-PRODUCTS
HEADWINDCONSUMERPRODUCTS	HEADWINDCONSUMERPRODUCTS	acehardware.com	HTTPS://WWW.ACEHARDWARE.COM/BRANDS/HEADWIND-CONSUMER-PRODUCTS
HEATHOLDERS	HEATHOLDERS	acehardware.com	HTTPS://WWW.ACEHARDWARE.COM/BRANDS/HEAT-HOLDERS
HEATHZENITH	HEATHZENITH	acehardware.com	HTTPS://WWW.ACEHARDWARE.COM/BRANDS/HEATH-ZENITH
HEFTY	HEFTY	acehardware.com	HTTPS://WWW.ACEHARDWARE.COM/BRANDS/HEFTY
HEMPANA	HEMPVANA	acehardware.com	HTTPS://WWW.ACEHARDWARE.COM/BRANDS/HEMPVANA
HEMPVANA	HEMPVANA	acehardware.com	HTTPS://WWW.ACEHARDWARE.COM/BRANDS/HEMPVANA
