3J3B3R	3J3B3R	amazon.com.au	HTTPS://WWW.AMAZON.COM.AU/3J3B3R-STAINLESS-MOUNTING-COMPLIMENTARY-CONNECTER/DP/B0CHFJ82SL
3J3B3R	3J3B3R	amazon.com.au	HTTPS://WWW.AMAZON.COM.AU/3J3B3R-SPRINKLER-ADJUSTABLE-WATERING-IRRIGATION/DP/B0CH7R617J
5DEDO	5DEDO	amazon.com.au	HTTPS://WWW.AMAZON.COM.AU/SAXOPHONE-SAXOPHONE-SAXAPHONE-BEGINNERS-MOUTHPIECE/DP/B09TPCKNV2
86NEURONS	86NEURONS	amazon.com.au	HTTPS://WWW.AMAZON.COM.AU/INSULIN-ARMOR-CROSSBODY-MONITORING-MEDICATION/DP/B0859PTKWS
9IUOOM	9IUOOM	amazon.com.au	HTTPS://WWW.AMAZON.COM.AU/9IUOOM-BUILDING-BUILDER-CONSTRUCTION-CASTLES/DP/B09J1W4249
9IUOOM	9IUOOM	amazon.com.au	HTTPS://WWW.AMAZON.COM.AU/9IUOOM-BUILDING-BUILDER-CONSTRUCTION-TUNNELS/DP/B09HJDPJZZ
AAHGGBA	AAHGGBA	amazon.com.au	HTTPS://WWW.AMAZON.COM.AU/AAHGGBA-ORCHID-POT-DRAINAGE-CIRCULATION/DP/B0B5MCM33V
AASKUU	AASKUU	amazon.com.au	HTTPS://WWW.AMAZON.COM.AU/AASKUU/B/REF=BL_DP_S_MW_7046958051?IE=UTF8&NODE=7046958051&FIELD-LBR_BRANDS_BROWSE-BIN=AASKUU
ABASEIR	ABASEIR	amazon.com.au	HTTPS://WWW.AMAZON.COM.AU/CURLERS-ROLLERS-STYLING-CURLING-ABASEIR/DP/B08G16JVBY
ABCXGOOD	ABCXGOOD	amazon.com.au	HTTPS://WWW.AMAZON.COM.AU/ABCXGOOD-DESKTOP-ORGANIZER-COLLAPSIBLE-DOCUMENT/DP/B0D2MXZVTB
ABESTFISH	ABESTFISH	amazon.com.au	HTTPS://WWW.AMAZON.COM.AU/ABESTFISH-EXTENDABLE-FRESHWATER-9W-30-50CM/DP/B0CT5BLWVX
ABONIRIS	ABONIRIS	amazon.com.au	HTTPS://WWW.AMAZON.COM.AU/ABONIRIS-FIREPLACE-POLISHED-HANDLES-COMPANION/DP/B07F91X61D
ABONIRIS	ABONIRIS	amazon.com.au	HTTPS://WWW.AMAZON.COM.AU/ABONIRIS-FIREPLACE-HOLDER-FIREWOOD-CARRIER/DP/B07FB2PP81
ABONIRIS	ABONIRIS	amazon.com.au	HTTPS://WWW.AMAZON.COM.AU/ABONIRIS-OUTDOOR-FIREPLACE-CAMPFIRE-ACCESSORIES/DP/B07KG3MXX6
ABRASTICLE	ABRASTICLE	amazon.com.au	HTTPS://WWW.AMAZON.COM.AU/ABRASTICLE-REMOVER-GRINDERS-GRINDER-GRINDING/DP/B0987F7QJY
ABSOVETU	ABSOVETU	amazon.com.au	HTTPS://WWW.AMAZON.COM.AU/ABSOVETU/B/REF=BL_DP_S_MW_19742412051?IE=UTF8&NODE=19742412051&FIELD-LBR_BRANDS_BROWSE-BIN=ABSOVETU
ABTOHE	ABTOHE	amazon.com.au	HTTPS://WWW.AMAZON.COM.AU/ABTOHE-SLEEPING-CAMPING-BACKPACKING-PORTABLE/DP/B0D7MZNWNS
ACDIBCA	ACDIBCA	amazon.com.au	HTTPS://WWW.AMAZON.COM.AU/ACDIBCA-INFLATABLE-BED-WEDGE-HEADBOARD/DP/B0BXXBRPMN
ACKSONSE	ACKSONSE	amazon.com.au	HTTPS://WWW.AMAZON.COM.AU/ACKSONSE/B/REF=BL_DP_S_MW_7685406051?IE=UTF8&NODE=7685406051&FIELD-LBR_BRANDS_BROWSE-BIN=ACKSONSE
ACKZOT	ACKZOT	amazon.com.au	HTTPS://WWW.AMAZON.COM.AU/ACKZOT-GRINDER-STAINLESS-ADJUSTABLE-ESPRESSO/DP/B0CJMKTF7X
ACTERVATE	ACTERVATE	amazon.com.au	HTTPS://WWW.AMAZON.COM.AU/ACTERVATE-TRIMMER-SLIMMER-SUPPORT-SLIMMING/DP/B011K66YWU
ADITUO	ADITUO	amazon.com.au	HTTPS://WWW.AMAZON.COM.AU/ADITUO-LUMINOUS-FLASHING-SNEAKERS-TODDLER/DP/B07K44B78T
ADTZYLD	ADTZYLD	amazon.com.au	HTTPS://WWW.AMAZON.COM.AU/ADTZYLD-12-PACK-REUSABLE-BOTTLES-FUNNELS/DP/B0F1LTBK4R
ADYIC	ADYIC	amazon.com.au	HTTPS://WWW.AMAZON.COM.AU/ADYIC-WINDSCREEN-PROTECTION-WEATHER-RESISTANT-APARTMENT/DP/B08ZCL9HJ8
AEEISHOMEREFORM	AEEISHOMEREFORM	amazon.com.au	HTTPS://WWW.AMAZON.COM.AU/AEEISHOMEREFORM-PROTECTOR-WASHABLE-NON-SLIP-CUSHION/DP/B0D9MHGY9J
AEOLZ	AEOLZ	amazon.com.au	HTTPS://WWW.AMAZON.COM.AU/POCKET-POKEMON-SLEEVES-AEOLZ-COLLECTION/DP/B0CJJQVWGW
AEPOTUMN	AEPOTUMN	amazon.com.au	HTTPS://WWW.AMAZON.COM.AU/AEPOTUMN-DESCENDANTS-BIRTHDAY-PRINCESS-HALLOWEEN/DP/B0DB19VTX4
AERYMLI	AERYMLI	amazon.com.au	HTTPS://WWW.AMAZON.COM.AU/AERYMLI-AIRPODS-CARTOON-AIRPOD-KAWAII/DP/B09W99XFDB
AEWIO	AEWIO	amazon.com.au	HTTPS://WWW.AMAZON.COM.AU/AEWIO-SANDPAPER-AUTOMOTIVE-FURNITURE-FINISHING/DP/B07V1M52GT
AFATATARA	AFATATARA	amazon.com.au	HTTPS://WWW.AMAZON.COM.AU/AFATATARA-CELLO-BOX-STAND-MAHOGANY-TONE/DP/B0C4TN9ZBH
AGMIBRELR	AGMIBRELR	amazon.com.au	HTTPS://WWW.AMAZON.COM.AU/AGMIBRELR-WOMENS-SHORT-SLEEVE-DRESSES/DP/B07W61VBQ6
AGNIRAME	AGNIRAME	amazon.com.au	HTTPS://WWW.AMAZON.COM.AU/THICKENED-CIGARETTE-WOMENS-CIGARETTES-SINGLE-SIDED/DP/B09V4NZKNQ
AGSNILOVE	AGSNILOVE	amazon.com.au	HTTPS://WWW.AMAZON.COM.AU/AGSNILOVE-CUSHION-REBOUND-WHEELCHAIR-AIRPLANE/DP/B0C2V179LV
AHBLQD	AHBLQD	amazon.com.au	HTTPS://WWW.AMAZON.COM.AU/AHBLQD-BAMBOO-SERVING-OTTOMAN-RECEPTION/DP/B0BXS7C5XZ
AHEYKUIL	AHEYKUIL	amazon.com.au	HTTPS://WWW.AMAZON.COM.AU/AHEYKUIL-BURTONS-CORPSE-BLANKET-FLEECE/DP/B098MFLLY7
AHOMIWOW	AHOMIWOW	amazon.com.au	HTTPS://WWW.AMAZON.COM.AU/AHOMIWOW-FISHING-ROD-POLE-ORGANIZER/DP/B0BQM8KXY8
AHOMIWOW	AHOMIWOW	amazon.com.au	HTTPS://WWW.AMAZON.COM.AU/AHOMIWOW-VERTICALLY-HORIZONTALLY-OVERHEAD-ORGANIZER/DP/B0BR5J81NN
AIANDE	AIANDE	amazon.com.au	HTTPS://WWW.AMAZON.COM.AU/STAINLESS-REFILLABLE-NON-SKID-SILICONE-CATCHER/DP/B09WDJQH8X
AICISINGN	AICISINGN	amazon.com.au	HTTPS://WWW.AMAZON.COM.AU/AICISINGN-BRACELET-PROTECTIVE-AESTHETIC-PATTERN/DP/B0FCY1LQ8R
AICORERAY	AICORERAY	amazon.com.au	HTTPS://WWW.AMAZON.COM.AU/ELECTRIC-TOOTHBRUSH-REPLACEMENT-AICORERAY-AI-CR01/DP/B08S36P5B2
AIDOUPETPRIVATEORDER	AIDOUPETPRIVATEORDER	amazon.com.au	HTTPS://WWW.AMAZON.COM.AU/RONGZHEN-HARDWOOD-PROTECTOR-MULTI-PURPOSE-CUTTABLE/DP/B08KVR7ZHN
AIEXCXS	AIEXCXS	amazon.com.au	HTTPS://WWW.AMAZON.COM.AU/AIEXCXS-PORTABLE-FOLDABLE-CLOTHING-HOUSEHOLD/DP/B0CPPLWF2R
AIGASEA	AIGASEA	amazon.com.au	HTTPS://WWW.AMAZON.COM.AU/ASTRONAUT-COSTUME-JUMPSUIT-HALLOWEEN-COSTUMES/DP/B09BM62TFB
AIIMLL	AIIMLL	amazon.com.au	HTTPS://WWW.AMAZON.COM.AU/AIIMLL-WATER-FOUNTAIN-STAINLESS-STEEL/DP/B0C9SN8RXH
AIKAPLUS	AIKAPLUS	amazon.com.au	HTTPS://WWW.AMAZON.COM.AU/AIKAPLUS-STAINLESS-TELESCOPIC-ADJUSTABLE-SUITABLE/DP/B08D9B41J8
AILIKASIC	AILIKASIC	amazon.com.au	HTTPS://WWW.AMAZON.COM.AU/AILIKASIC-FALLING-ENGRAVED-BOYFRIEND-GIRLFRIEND/DP/B0BNMZ5LCJ
AILISON	AILISON	amazon.com.au	HTTPS://WWW.AMAZON.COM.AU/AILSION-AILISON-PROTECTION-FULLOFCARTS-MULTI-FUNCTIONAL/DP/B0CX5BDW84
AILOVEPEACE	AILOVEPEACE	amazon.com.au	HTTPS://WWW.AMAZON.COM.AU/STORES/AILOVEPEACE/PAGE/F297E7E7-DDD2-4906-9414-5E99CE23A6C1
AIMAYZ	AIMAYZ	amazon.com.au	HTTPS://WWW.AMAZON.COM.AU/AIMAYZ-STACKABLE-BIRDCAGES-LOVEBIRDS-COCKATIELS/DP/B0BX9Q42S7
AIMENGWU	AIMENGWU	amazon.com.au	HTTPS://WWW.AMAZON.COM.AU/AIMENGWU-SKINNY-BLACK-NECKTIE-HANDKERCHIEF/DP/B0BZ9S5TXW
AINQUREEN	AINQUREEN	amazon.com.au	HTTPS://WWW.AMAZON.COM.AU/AINQUREEN-FREESTANDING-ALUMINUM-MINIMALIST-DECORATION/DP/B0CDWN57Z5
AIQZSH	AIQZSH	amazon.com.au	HTTPS://WWW.AMAZON.COM.AU/AIQZSH-ATHLETIC-PROFESSIONAL-BREATHABLE-COMPETITION/DP/B09JSWDS58
AIRSANTO	AIRSANTO	amazon.com.au	HTTPS://WWW.AMAZON.COM.AU/AIRSANTO-REUSABLE-WARMERS-PORTABLE-TU-99/DP/B0BQTQC2WL
AISCPRO	AISCPRO	amazon.com.au	HTTPS://WWW.AMAZON.COM.AU/AISCPRO-DIAGONALLY-MEASURED-COMPUTER-PROTECTOR/DP/B07DLB4DJJ
AISMRII	AISMRII	amazon.com.au	HTTPS://WWW.AMAZON.COM.AU/AISMRII-TEMPERATURE-JH-3SV-STAINLESS-COMPATIBLE/DP/B08V5CW1KT
AITUFIY	AITUFIY	amazon.com.au	HTTPS://WWW.AMAZON.COM.AU/AITUFIY-EXPANDABLE-ACCORDION-STYLE-13-HANGING/DP/B08579WV62
AITUFIY	AITUFIY	amazon.com.au	HTTPS://WWW.AMAZON.COM.AU/AITUFIY-EXPANDABLE-COAT-ACCORDION-UMBRELLA/DP/B0CLY1BSBP
AIUKIU	AIUKIU	amazon.com.au	HTTPS://WWW.AMAZON.COM.AU/AIUKIU-VLONE-SHIRTS-GRAPHIC-PRINT/DP/B09MPMX82D
AIWMQYYF	AIWMQYYF	amazon.com.au	HTTPS://WWW.AMAZON.COM.AU/AIWMQYYF-ANTI-BOIL-PROTECTION-ANTI-SPLASH-ANTI-OVERFLOW/DP/B0CY5LJ86V
AIZIXIN	AIZIXIN	amazon.com.au	HTTPS://WWW.AMAZON.COM.AU/AIZIXIN-SENSORY-SQUEEZE-NOVELTY-ANTI-ANXIETY/DP/B0CMXG3LTT
AIZOAM	AIZOAM	amazon.com.au	HTTPS://WWW.AMAZON.COM.AU/AIZOAM-GRILLING-STAINLESS-PORTABLE-VEGETABLES/DP/B0CRDF5MWM
AKAAYU	AKAAYU	amazon.com.au	HTTPS://WWW.AMAZON.COM.AU/AKAAYU-STREETWEAR-PLATFORM-LEATHER-BUSINESS/DP/B0C3C2CDX4
AKELEVER	AKELEVER	amazon.com.au	HTTPS://WWW.AMAZON.COM.AU/AKELEVER-CRUCIFIX-NEON-SIGN/DP/B0B8SF1RLL
AKOGIRSE	AKOGIRSE	amazon.com.au	HTTPS://WWW.AMAZON.COM.AU/THERMAL-SHIPPING-COMPATIBLE-SELF-ADHESIVE-STICKERS/DP/B0D3PH4MZ2
AKSOVA	AKSOVA	amazon.com.au	HTTPS://WWW.AMAZON.COM.AU/AKSOVA-VAGINIAL-POSTPARTUM-TIGHTENING-DISPOSABLE/DP/B08G1B4LCV
AKSOVA	AKSOVA	amazon.com.au	HTTPS://WWW.AMAZON.COM.AU/AKSOVA-STEAMING-POSTPARTUM-CLEANSING-MOISTURIZE/DP/B0BRN3LXJ6
ALALIMINI	ALALIMINI	amazon.com.au	HTTPS://WWW.AMAZON.COM.AU/ALALIMINI-SWEATSHIRTS-LIGHTWEIGHT-LONG-SLEEVE-T-SHIRTS/DP/B08V4LDDZQ
ALHXF	ALHXF	amazon.com.au	HTTPS://WWW.AMAZON.COM.AU/ALHXF-REFILLABLE-PERFUME-ATOMISER-BOTTLE/DP/B07CZF5F52
ALLABOUTSLA	ALLABOUTSLA	amazon.com.au	HTTPS://WWW.AMAZON.COM.AU/ALLABOUTSLA-CUSHION-CUSHIONS-SCIATICA-SUITABLE/DP/B09KLR2V4F
ALLFWIN	ALLFWIN	amazon.com.au	HTTPS://WWW.AMAZON.COM.AU/ALLFWIN-BLACKPINK-SIGNATURE-PRINTING-SWEATSHIRT/DP/B0CBSSRDLC
ALLTHECUTETHINGS	ALLTHECUTETHINGS	amazon.com.au	HTTPS://WWW.AMAZON.COM.AU/ALLTHECUTETHINGS-METAL-MULTIFUNCTION-HANGING-DISPLAY/DP/B07T2T1KN9
ALLUPAL	ALLUPAL	amazon.com.au	HTTPS://WWW.AMAZON.COM.AU/ALLUPAL-PROJECTS-BUILDING-BLOCKS-YEARS/DP/B0B4P26QF3
ALLUSEIT	ALLUSEIT	amazon.com.au	HTTPS://WWW.AMAZON.COM.AU/ALLUSEIT-PATTERN-PORCELAIN-MICROWAVE-DISHWASHER/DP/B0D2ZH4556
ALSINGBAGO	ALSINGBAGO	amazon.com.au	HTTPS://WWW.AMAZON.COM.AU/ALSINGBAGO-ABSTRACT-CANVAS-LIVING-BEDROOM/DP/B0CXB2QCWN
ALVARZA	ALVARZA	amazon.com.au	HTTPS://WWW.AMAZON.COM.AU/ALVARZA-BACKPACK-TRANSPORTATION-SHOOTING-LOCKABLE/DP/B0G55ZC8GT
AMALEKO	AMALEKO	amazon.com.au	HTTPS://WWW.AMAZON.COM.AU/ACRYLIC-DRAWER-ORGANIZERS-STACKABLE-STATIONARY/DP/B0CPP87SH4
AMCSXH	AMCSXH	amazon.com.au	HTTPS://WWW.AMAZON.COM.AU/AMCSXH-DETECTION-SECURITY-REMOTE-REAL-SUPPORT/DP/B07H23TVY7
AMGROW	AMGROW	amazon.com.au	HTTPS://WWW.AMAZON.COM.AU/AMGROW-CHEMSPRAY-MULTIWEED-PURPOSE-WEEDER/DP/B0BTSY3FM6
AMIDEAR	AMIDEAR	amazon.com.au	HTTPS://WWW.AMAZON.COM.AU/AMIDEAR-DOLL-HOUSE/DP/B0CYYSWMM7
AMITFO	AMITFO	amazon.com.au	HTTPS://WWW.AMAZON.COM.AU/AMITFO-FISHING-POCKET-COMBOS-TELESCOPIC/DP/B07YDMV9BB
AMRSPENG	AMRSPENG	amazon.com.au	HTTPS://WWW.AMAZON.COM.AU/AMRSPENG-FLANNEL-THICKEN-STRETCH-THERMAL/DP/B09TN85XBY
AMTOOCH	AMTOOCH	amazon.com.au	HTTPS://WWW.AMAZON.COM.AU/AMTOOCH-FOLDABLE-UMBRELLA-WATERPROOF-CHILDREN/DP/B0BD5S4ZGV
AMZAVER	AMZAVER	amazon.com.au	HTTPS://WWW.AMAZON.COM.AU/DP/B0BPR1VTWD/?TAG=BRACELETS-22
AMZNLADY	AMZNLADY	amazon.com.au	HTTPS://WWW.AMAZON.COM.AU/AMZNLADY/B/REF=BL_DP_S_MW_22156166051?IE=UTF8&NODE=22156166051&FIELD-LBR_BRANDS_BROWSE-BIN=AMZNLADY
ANDDYAM	ANDDYAM	amazon.com.au	HTTPS://WWW.AMAZON.COM.AU/ANDDYAM-ORGANIZERS-%EF%BC%8CCOSMETIC-STORAGE-DESKTOP/DP/B07FB1JMZ3
ANGELHJQ	ANGELHJQ	amazon.com.au	HTTPS://WWW.AMAZON.COM.AU/ANGELHJQ-BICYCLE-CARRIER-UNIVERSAL-CHILDREN/DP/B09N19N1RW
ANGEVOL	ANGEVOL	amazon.com.au	HTTPS://WWW.AMAZON.COM.AU/ANGEVOL-SEALER-PORTABLE-SEALING-STORAGE/DP/B0C6PZXR1D
ANGKNG	ANGKNG	amazon.com.au	HTTPS://WWW.AMAZON.COM.AU/COFFEE-GRINDER-ANGKNG-ELECTRIC-KITCHEN/DP/B0CYG4GF5K
ANGLELIU	ANGLELIU	amazon.com.au	HTTPS://WWW.AMAZON.COM.AU/SUNFLOWER-CUSHION-COLORFUL-BEDROOM-COMFORTABLE/DP/B08NPR8YT8
ANIBBOW	ANIBBOW	amazon.com.au	HTTPS://WWW.AMAZON.COM.AU/LIFTING-SLIMMING-BREATHABLE-BANDAGE-ANIBBOW/DP/B07XJ6TWVT
ANIOBMAN	ANIOBMAN	amazon.com.au	HTTPS://WWW.AMAZON.COM.AU/ANIOBMAN-DECORATIVE-INSERTS-RECTANGLE-CUSHION/DP/B08PZ7HHT1
ANKUNABA	ANKUNABA	amazon.com.au	HTTPS://WWW.AMAZON.COM.AU/ULTRASONIC-ANKUNABA-CLEANING-CONTAINERS-REPLACEMENT/DP/B0C715JXCF
ANLYSO	ANLYSO	amazon.com.au	HTTPS://WWW.AMAZON.COM.AU/COMPATIBLE-ADAPTER-ANLYSO-DIGITAL-PROJECTOR/DP/B07MHZ1WB6
ANMIECIU	ANMIECIU	amazon.com.au	HTTPS://WWW.AMAZON.COM.AU/WASHBAND-ANMIECIU-WRISTBANDS-MICROFIBER-SPILLING/DP/B0CPQ3421H
ANNYFA	ANNYFA	amazon.com.au	HTTPS://WWW.AMAZON.COM.AU/PERSONALISED-ACRYLIC-KEYRING-KEYCHAIN-WHOLESALE/DP/B07MKXWZ7G
ANRANJU	ANRANJU	amazon.com.au	HTTPS://WWW.AMAZON.COM.AU/ANRANJU-DETERGENT-DISPENSER-ORGANIZATION-ROOM%EF%BC%88122OZ%EF%BC%89/DP/B0B73K6XST
ANTIFNUO	ANTIFNUO	amazon.com.au	HTTPS://WWW.AMAZON.COM.AU/ANTIFNUO-ELECTRIC-PORTABLE-COMPRESSOR-MOTORCYCLES/DP/B0D1X43KG1
ANTIFNUO	ANTIFNUO	amazon.com.au	HTTPS://WWW.AMAZON.COM.AU/HANDHELD-CLEANER-WIRELESS-ELECTRIC-COMPRESSED/DP/B0D7MDQMQX
ANVICTOX	ANVICTOX	amazon.com.au	HTTPS://WWW.AMAZON.COM.AU/ANVICTOX-LACROSSE-MYOFASCIAL-MASSAGER-DEEP-TISSUE/DP/B0CGF8LCLL
AOAOGYM	AOAOGYM	amazon.com.au	HTTPS://WWW.AMAZON.COM.AU/ADJUSTABLE-WORKOUT-STRENGTH-TRAINING-CALISTHENICS/DP/B0D13DGQH1
AOCKSINGTN	AOCKSINGTN	amazon.com.au	HTTPS://WWW.AMAZON.COM.AU/AOCKSINGTN-PAINTLESS-REMOVAL-FENDER-CROWBAR/DP/B0C3BCT1ZS
AOEBWPWI	AOEBWPWI	amazon.com.au	HTTPS://WWW.AMAZON.COM.AU/AOEBWPWI-HOT-TUB-INFLATABLE-WATERPROOF/DP/B0CCSNBV1J
AOSINA	AOSINA	amazon.com.au	HTTPS://WWW.AMAZON.COM.AU/MEDIUM-PALM-BRUSH-BLACK-BRISTLES/DP/B0831PVWLZ
AOXUANTEC	AOXUANTEC	amazon.com.au	HTTPS://WWW.AMAZON.COM.AU/AOXUANTEC-MULTI-ADJUSTMENT-REPLACEMENT-WINDSHIELD-DRIVEASSIST/DP/B0C3JMMTP3
APATNER	APATNER	amazon.com.au	HTTPS://WWW.AMAZON.COM.AU/APATNER-CHRISTMAS-ARTIFICIAL-TABLETOP-MULTICOLOR/DP/B0C7M5XSWK
AQERIMIT	AQERIMIT	amazon.com.au	HTTPS://WWW.AMAZON.COM.AU/AQERIMIT-BRACELET-DISPLAY-STORAGE-ORGANIZATION/DP/B0BKLG3KWL
AQERIMIT	AQERIMIT	amazon.com.au	HTTPS://WWW.AMAZON.COM.AU/AQERIMIT-STYLISH-RIMMING-BRACELET-DETACHABLE/DP/B095CLYM9S
ARAHFUN	ARAHFUN	amazon.com.au	HTTPS://WWW.AMAZON.COM.AU/ARAHFUN-RECORD-STORAGE-HOLDER-HANDMADE/DP/B0CSSGL4RB
AREKUAEI	AREKUAEI	amazon.com.au	HTTPS://WWW.AMAZON.COM.AU/AREKUAEI-PREMIUM-VELVET-HANGERS-HEAVYDUTY/DP/B08P8FC6D2
ARNTY	ARNTY	amazon.com.au	HTTPS://WWW.AMAZON.COM.AU/ARNTY-HAMMOCK-AERIAL-EXTENSION-STRAPS/DP/B0CBMD5NP6
ARNTY	ARNTY	amazon.com.au	HTTPS://WWW.AMAZON.COM.AU/ARNTY-FURNITURE-PROTECTION-COLOURFUL-GEOMETRIC/DP/B08HXNPN2B
ARPSTAR	ARPSTAR	amazon.com.au	HTTPS://WWW.AMAZON.COM.AU/ARPSTAR-WATERPROOF-CONTINUOUS-FLASHLIGHT-MICROPHONE/DP/B07NY8GBDP
ARSMOGEN	ARSMOGEN	amazon.com.au	HTTPS://WWW.AMAZON.COM.AU/PIECES-FLEXIBLE-ADHESIVE-STICKERS-PLASTIC/DP/B095SBFDHV
ARTIVIEW	ARTIVIEW	amazon.com.au	HTTPS://WWW.AMAZON.COM.AU/HANDHELD-3-5-INCH-PORTABLE-RECHARGEABLE-EMULATOR/DP/B0C465JTX9
ARTMUJOHN	ARTMUJOHN	amazon.com.au	HTTPS://WWW.AMAZON.COM.AU/ARTMUJOHN-REUSABLE-DIAMETER-INCLUDED-BIODEGRADABLE/DP/B0CBPXGP9K
ARTMUJOHN	ARTMUJOHN	amazon.com.au	HTTPS://WWW.AMAZON.COM.AU/ARTMUJOHN-SAPPHIRE-CHEESEBOARD-INCHES%EF%BC%8CCHEESEBOARD-HANDMADE/DP/B0CMD2PDCV
ARUQO	ARUQO	amazon.com.au	HTTPS://WWW.AMAZON.COM.AU/FIREPROOF-DOCUMENT-ORGANIZER-COLLAPSIBLE-ROLLING/DP/B0BZP7MMD1
ARYATRION	ARYATRION	amazon.com.au	HTTPS://WWW.AMAZON.COM.AU/ARYATRION-PROFESSIONAL-BALLROOM-PRACTICE-PERFORMANCE/DP/B0BLW5RM52
ASDRAW	ASDRAW	amazon.com.au	HTTPS://WWW.AMAZON.COM.AU/ASDRAW-%E3%80%90UPGRADE%E3%80%91-WEARABLE-CAMCORDER-DELIVERY/DP/B0DPMB61QC
ASIFMTHOT	ASIFMTHOT	amazon.com.au	HTTPS://WWW.AMAZON.COM.AU/ASIFMTHOT-ANTIQUE-MAGAZINE-ACCESSORIES-DECORATIVE/DP/B0CZXH4SH3
ASISNAI	ASISNAI	amazon.com.au	HTTPS://WWW.AMAZON.COM.AU/ASISNAI-BUG-ZAPPER-RACKET-BATTERY-OPERATED/DP/B09J58MWJ9
ASKSCICI	ASKSCICI	amazon.com.au	HTTPS://WWW.AMAZON.COM.AU/ASKSCICI-INDUCTION-STAY-COOL-NON-TOXIC-DISHWASHER/DP/B0CBLVQ2Q3
ASMFUOY	ASMFUOY	amazon.com.au	HTTPS://WWW.AMAZON.COM.AU/ASMFUOY-SQUISHIES-BIRTHDAY-SANDWICH-SIMULATION/DP/B09CDB63M4
ASOQWAL	ASOQWAL	amazon.com.au	HTTPS://WWW.AMAZON.COM.AU/ASOQWAL-CONCRETE-CIGARETTE-WINDPROOF-STAINLESS/DP/B0BNF4JW8X
ASPTHOYU	ASPTHOYU	amazon.com.au	HTTPS://WWW.AMAZON.COM.AU/ASPTHOYU-RUNNERS-SUITABLE-BIRTHDAY-DECORATION/DP/B0B177XGGJ
ATDORO	ATDORO	amazon.com.au	HTTPS://WWW.AMAZON.COM.AU/ATDORO-JEWELRY-MAKING-BEADING-BRACELET/DP/B0DSBL65HY
ATDORO	ATDORO	amazon.com.au	HTTPS://WWW.AMAZON.COM.AU/ATDORO-STAIRCASE-HANDRAILS%EF%BC%8CWOOD-HANDRAILS-NON-SLIP/DP/B0DTTD7RYT
ATDORO	ATDORO	amazon.com.au	HTTPS://WWW.AMAZON.COM.AU/ATDORO-TICKING-QUALITY-BATTERY-OPERATED/DP/B0F7LP3GVY
ATDORO	ATDORO	amazon.com.au	HTTPS://WWW.AMAZON.COM.AU/ATDORO-FURNITURE-THREADED-ARMCHAIR-CABINET/DP/B0DSBZD5T6
ATDORO	ATDORO	amazon.com.au	HTTPS://WWW.AMAZON.COM.AU/ATDORO-TICKING-QUALITY-BATTERY-OPERATED/DP/B0F7LQHQGJ
ATDORO	ATDORO	amazon.com.au	HTTPS://WWW.AMAZON.COM.AU/ATDORO-STRIPPER-HANDHELD-STRIPPING-COMBINATION/DP/B0DS89WYKP
ATOFUL	ATOFUL	amazon.com.au	HTTPS://WWW.AMAZON.COM.AU/ATOFUL-AUTOMATIC-WINDPROOF-UMBRELLAS-PROTECTION/DP/B07SL8WHSJ
ATSITK	ATSITK	amazon.com.au	HTTPS://WWW.AMAZON.COM.AU/ATSITK-INTERACTIVE-ELECTRIC-CRAWLING-BIRTHDAY/DP/B0B7DLB56X
ATYSKEN	ATYSKEN	amazon.com.au	HTTPS://WWW.AMAZON.COM.AU/ATYSKEN-BODYSTOCKING-STOCKINGS-SLEEPWEAR-BODYTIGHTS/DP/B09WLTWS3Y
ATYSKEN	ATYSKEN	amazon.com.au	HTTPS://WWW.AMAZON.COM.AU/ATYSKEN-BODYSTOCKING-BODYTIGHTS-CROTCHLESS-SUSPENDERS/DP/B0CBNCBXSR
ATYSKEN	ATYSKEN	amazon.com.au	HTTPS://WWW.AMAZON.COM.AU/ATYSKEN-BODYSTOCKING-SEXY-FISHNET-UNDERWEAR/DP/B0DS8HG5SP
ATYSKEN	ATYSKEN	amazon.com.au	HTTPS://WWW.AMAZON.COM.AU/ATYSKEN-BODYSTOCKING-BODYTIGHTS-CROTCHLESS-SUSPENDERS/DP/B0CBNB4DW1
AUFRICHTING	AUFRICHTING	amazon.com.au	HTTPS://WWW.AMAZON.COM.AU/10-LIGHTS-SPUTNIK-CHANDELIER-MOLECULE-KITCHEN/DP/B0BRX481SK
AUKOR	AUKOR	amazon.com.au	HTTPS://WWW.AMAZON.COM.AU/BEIKOTT-BACKPACK-AIRLINE-APPROVED-VENTILATE-TRANSPARENT/DP/B07PWSWR7C
AUPEKRO	AUPEKRO	amazon.com.au	HTTPS://WWW.AMAZON.COM.AU/STORES/AUPEKRO/PAGE/AA93D0B0-5FA8-486B-A59E-C677B3BECDE9
AUPERF	AUPERF	amazon.com.au	HTTPS://WWW.AMAZON.COM.AU/AUPERF-ATHLETIC-SNEAKERS-LIGHTWEIGHT-BREATHABLE/DP/B08SKT5M3C
AURAMOR	AURAMOR	amazon.com.au	HTTPS://WWW.AMAZON.COM.AU/AURAMOR-BATHTUB-NATURAL-EXPANDABLE-NON-SLIP/DP/B099ND7DQ7
AUROADOR	AUROADOR	amazon.com.au	HTTPS://WWW.AMAZON.COM.AU/AUROADOR-UPGRADED-BEGLERI-PARACORD-NUNCHUCKS/DP/B07TZDDSX2
AUSGLEIFEN	AUSGLEIFEN	amazon.com.au	HTTPS://WWW.AMAZON.COM.AU/AUSGLEIFEN-STARLINK-WATERPROOF-CONNECTOR-YPM20-CAT6-CSL-IP68/DP/B0DWNC9GR8
AUSSUA	AUSSUA	amazon.com.au	HTTPS://WWW.AMAZON.COM.AU/AUSSUA-CLEANER-REMOVER-CLEANING-BATHROOM/DP/B08X4N55NF
AUSTRALIANBOTANICALSOAP	AUSTRALIANBOTANICALSOAP	amazon.com.au	HTTPS://WWW.AMAZON.COM.AU/STORES/AUSTRALIANBOTANICALSOAP/PAGE/3C088691-F9C7-489C-90E4-E0169065F2D8
AUSXINX	AUSXINX	amazon.com.au	HTTPS://WWW.AMAZON.COM.AU/AUSXINX-PORTABLE-BLENDER-RECHARGEABLE-HOUSEHOLD/DP/B07HQJG5QT
AVELLIM	AVELLIM	amazon.com.au	HTTPS://WWW.AMAZON.COM.AU/AVELLIM-BOTTLES-WEDDING-DECORATIONS-PROJECTS/DP/B086Z7X44Y
AVRYWARE	AVRYWARE	amazon.com.au	HTTPS://WWW.AMAZON.COM.AU/AVRYWARE-STAINLESS-SEASONING-ERGONOMIC-OPERATED/DP/B01EXUF5RK
AVVECKEL	AVVECKEL	amazon.com.au	HTTPS://WWW.AMAZON.COM.AU/GREENHOUSE-PLASTIC-REINFORCED-REPAIR-POLYETHYLENE/DP/B09ZYBFZCC
AWHITEWOLFPRODUCT	AWHITEWOLFPRODUCT	amazon.com.au	HTTPS://WWW.AMAZON.COM.AU/AWHITEWOLFPRODUCT-MEMORIAL-KEEPSAKE-CREMATION-HAMSTER/DP/B07SN8V332
AWHLLRY	AWHLLRY	amazon.com.au	HTTPS://WWW.AMAZON.COM.AU/AWHLLRY-951-14628-11A-B0SD731-11A-B1SD700-25B-55SD799/DP/B0BVVM6Y9F
AWHLLRY	AWHLLRY	amazon.com.au	HTTPS://WWW.AMAZON.COM.AU/AWHLLRY-17211-ZG9-M00-17210-ZG9-M00-08170-ZG9-M00-08170-ZG9-M01/DP/B0BF58CHRW
AWISUK	AWISUK	amazon.com.au	HTTPS://WWW.AMAZON.COM.AU/AWISUK-CHRISTMAS-INCH-LARGE-TASSELS-DECORATIONS/DP/B098S1KQRZ
AWTANG	AWTANG	amazon.com.au	HTTPS://WWW.AMAZON.COM.AU/AWTANG-HAMSTER-CONTAINER-DRINKING-GUINEA-PIGS/DP/B073XZ41VR
AXIAOLU	AXIAOLU	amazon.com.au	HTTPS://WWW.AMAZON.COM.AU/AXIAOLU-CERAMIC-CHINESE-DUMPLING-NOODLES/DP/B0C6X5X3G4
AYJIB	AYJIB	amazon.com.au	HTTPS://WWW.AMAZON.COM.AU/AYJIB-JIMMY-CAMERA-CRANE-METRE/DP/B0BDXKKWKJ
AYOCHAN	AYOCHAN	amazon.com.au	HTTPS://WWW.AMAZON.COM.AU/AYOCHAN-NINTENDO-SWITCH-CARTRIDGE-STORAGE/DP/B0CB8RQHY3
AYPZUKE	AYPZUKE	amazon.com.au	HTTPS://WWW.AMAZON.COM.AU/AYPZUKE-BREADBOARD-COMPATIBLE-PROJECTS-RASPBERRY/DP/B0BTT48V7P
AZPXZPY	AZPXZPY	amazon.com.au	HTTPS://WWW.AMAZON.COM.AU/AZPXZPY-FERMENTATION-AUTOMATIC-SILICONE-HG0001%EF%BC%8CHG0002%EF%BC%8CHG0003%EF%BC%8CHG0004/DP/B0CRZBQMHZ
AZPXZPY	AZPXZPY	amazon.com.au	HTTPS://WWW.AMAZON.COM.AU/AZPXZPY-FERMENTATION-VENTING-AIRLOCK-CONTAINER/DP/B0CRZDNX3Q
AZUUNYE	AZUUNYE	amazon.com.au	HTTPS://WWW.AMAZON.COM.AU/AZUUNYE-FOYINBET-FLOATING-FLIPPERS-SWIMMING/DP/B09C52TXZM
AZWEILER	AZWEILER	amazon.com.au	HTTPS://WWW.AMAZON.COM.AU/AZWEILER-COLORFUL-ATHLETIC-BREATHABLE-SIZE7-11/DP/B07K32M68R
BABAZONE	BABAZONE	amazon.com.au	HTTPS://WWW.AMAZON.COM.AU/BABAZONE-INTERACTIVE-DISPENSER-PROVIDING-ENRICHMENT/DP/B08SLFWGP8
BABIBUBARY	BABIBUBARY	amazon.com.au	HTTPS://WWW.AMAZON.COM.AU/INVISIBLE-PULLS-BABIBUBARY-ROTATING-CONCEALED/DP/B0BPFHP95Q
BACABY	BACABY	amazon.com.au	HTTPS://WWW.AMAZON.COM.AU/3PK-ADULT-BIBS-EATING-CATCHER-BIBS/DP/B08P6J3VWV
BACAZO	BACAZO	amazon.com.au	HTTPS://WWW.AMAZON.COM.AU/BACAZO-PREMIUM-DIG-GROUND-ANCHOR/DP/B08QZV24GF
BAHUJIDA	BAHUJIDA	amazon.com.au	HTTPS://WWW.AMAZON.COM.AU/HER%EF%BC%8CUNIQUE-ANNIVERSARY-GIRLFRIEND-BIRTHDAY-DECORATION/DP/B094GBQXKQ
BAIKALBASS	BAIKALBASS	amazon.com.au	HTTPS://WWW.AMAZON.COM.AU/BAIKALBASS/B/REF=BL_DP_S_MW_7047020051?IE=UTF8&NODE=7047020051&FIELD-LBR_BRANDS_BROWSE-BIN=BAIKALBASS
BAILINGHAI	BAILINGHAI	amazon.com.au	HTTPS://WWW.AMAZON.COM.AU/BAILINGHAI-PORTABLE-MASSAGER-STIFFNESS-DISCOMFORT/DP/B0D8BP293S
BAILYELA	BAILYELA	amazon.com.au	HTTPS://WWW.AMAZON.COM.AU/BAILYELA/B/REF=BL_DP_S_MW_18005761051?IE=UTF8&NODE=18005761051&FIELD-LBR_BRANDS_BROWSE-BIN=BAILYELA
BAIMAY	BAIMAY	amazon.com.au	HTTPS://WWW.AMAZON.COM.AU/TOILETRY-BAG-ESSENTIALS-TRAVEL-MAKEUP-BAG-TRAVEL-ACCESSORIES-TOILETRIES/DP/B0B2ZQMKLL
BAISALJI	BAISALJI	amazon.com.au	HTTPS://WWW.AMAZON.COM.AU/ACRYLIC-PLEXIGLASS-CUTTER-CONTAINS-HOLDER/DP/B0968NXGPS
BAIYUNPOY	BAIYUNPOY	amazon.com.au	HTTPS://WWW.AMAZON.COM.AU/BAIYUNPOY-PROFESSIONAL-SILICONE-OVEN-MITTS/DP/B08M9YFZPG
BAIZONGYANG	BAIZONGYANG	amazon.com.au	HTTPS://WWW.AMAZON.COM.AU/BAIZONGYANG-TEALIGHT-HALLOWEEN-CANDLESTICK-DECORATION/DP/B07QZK1X2V
BALALAADI	BALALAADI	amazon.com.au	HTTPS://WWW.AMAZON.COM.AU/BALALAADI-AUTOMATIC-RUBBISH-BATHROOM-ELECTRIC/DP/B0CXF2JBYQ
BAMBILO	BAMBILO	amazon.com.au	HTTPS://WWW.AMAZON.COM.AU/BAMBILO-GIFTS-LIGHT-TODDLER-BIRTHDAY/DP/B0B6FCYZ75
BAMBILO	BAMBILO	amazon.com.au	HTTPS://WWW.AMAZON.COM.AU/BAMBILO-ELECTRONIC-MUSICAL-CHRISTMAS-BIRTHDAY/DP/B09VFHJD2W
BAMJIUSHANG	BAMJIUSHANG	amazon.com.au	HTTPS://WWW.AMAZON.COM.AU/BAMJIUSHANG-COUCH-PERFECT-HOLDER-ARMREST/DP/B0991XY72B
BAOKITOOK	BAOKITOOK	amazon.com.au	HTTPS://WWW.AMAZON.COM.AU/DISPOSABLE-ALUMINUM-OUTDOOR-GRILLING-CHARCOAL/DP/B0C1TYJ344
BAOKUA	BAOKUA	amazon.com.au	HTTPS://WWW.AMAZON.COM.AU/BAOKUA-ELECTRONIC-ANTI-ESCAPE-REUSABLE-RECHARGEABLE/DP/B0BPY9XMYC
BAOOMALONGLY	BAOOMALONGLY	amazon.com.au	HTTPS://WWW.AMAZON.COM.AU/10X-MAGNIFYING-GLASS-LAMP-ADJUSTABLE/DP/B0BRMXTVP1
BAQRAXIA	BAQRAXIA	amazon.com.au	HTTPS://WWW.AMAZON.COM.AU/BAQRAXIA-FLEXSTYLE-CARRYING-FLEXSTYLE-COMPATIBLE/DP/B0CT92F5D1
BARENZU	BARENZU	amazon.com.au	HTTPS://WWW.AMAZON.COM.AU/BARENZU-ADULTS-OUTDOOR-ADJUSTABLE-DIFFICULTY/DP/B0CJJJC22D
BARETULIP	BARETULIP	amazon.com.au	HTTPS://WWW.AMAZON.COM.AU/BARETULIP-JEWELRY-ORGANIZER-NECKLACES-EARRINGS/DP/B0C5XF8C1L
BARNABONG	BARNABONG	amazon.com.au	HTTPS://WWW.AMAZON.COM.AU/BARNABONG-PITCHER-DECANTER-SPANISH-PORRON/DP/B0BWNDPNQV
BASWIP	BASWIP	amazon.com.au	HTTPS://WWW.AMAZON.COM.AU/BASWIP-BLUETOOTH-INTERACTIVE-PUNCHING-EQUIPMENT/DP/B0DZ1WWSHM
BAVBIIY	BAVBIIY	amazon.com.au	HTTPS://WWW.AMAZON.COM.AU/BAVBIIY-SAVINGS-CHALLENGE-WOODEN-TARGET/DP/B0DK5JLQ7F
BAVEQAS	BAVEQAS	amazon.com.au	HTTPS://WWW.AMAZON.COM.AU/BAVEQAS-JAPANESE-SAMURAI-BACKGROUND-WARRIOR/DP/B0CQKSS876
BAVIKUNP	BAVIKUNP	amazon.com.au	HTTPS://WWW.AMAZON.COM.AU/BAVIKUNP-EXERCISE-EQUIPMENT-TRAINER-EXERCISER/DP/B0C4Z8WS4F
BAXROU	BAXROU	amazon.com.au	HTTPS://WWW.AMAZON.COM.AU/BAXROU-DRAINAGE-NURSERY-TERRACOTTA-SUCCULENT/DP/B0CLZHF95D
BAYOBII	BAYOBII	amazon.com.au	HTTPS://WWW.AMAZON.COM.AU/BAYOBII-KIDS-FORT-BUILDING-KITS/DP/B0989JKFF2
BBSTARZ	BBSTARZ	amazon.com.au	HTTPS://WWW.AMAZON.COM.AU/BBSTARZ-SEPARATOR-DISPENSER-SPERATATOR-MEASURING/DP/B08HKHZK91
BCFHYK	BCFHYK	amazon.com.au	HTTPS://WWW.AMAZON.COM.AU/BCFHYK-BCFHYK-1-SOAP-HOLDER-2PC/DP/B0CH4XBB45
BDZBREN	BDZBREN	amazon.com.au	HTTPS://WWW.AMAZON.COM.AU/BDZBREN-EXTENDER-HAMMOCK-MATTRESS-INFLATABLE/DP/B0CZXP3R5L
BDZBREN	BDZBREN	amazon.com.au	HTTPS://WWW.AMAZON.COM.AU/BDZBREN-RECYCLING-REMOVEABLE-REUSABLE-PLASTICS/DP/B0DQ7ZLPKJ
BEAIMUXI	BEAIMUXI	amazon.com.au	HTTPS://WWW.AMAZON.COM.AU/MOLDABLE-LIGHTWEIGHT-SCULPTING-HIGH-DENSITY-COSTUMES/DP/B0B1SMNSXV
BEAIMUXI	BEAIMUXI	amazon.com.au	HTTPS://WWW.AMAZON.COM.AU/BEAIMUXI-SLINGSHOT-SURGICAL-CATAPULT-CONTINUOUS/DP/B09YH9NRTV
BEAIMUXI	BEAIMUXI	amazon.com.au	HTTPS://WWW.AMAZON.COM.AU/BEAIMUXI-SHUFFLER-AUTOMATIC-ELECTRIC-OPERATED/DP/B0BDVBCFDD
BEATTYMAMA	BEATTYMAMA	amazon.com.au	HTTPS://WWW.AMAZON.COM.AU/BEATTYMAMA-MICRONEEDLING-DERMAROLLER-MICRONEEDLE-REPLACEABLE/DP/B07NR1884V
BEAUTIESFACTORY	BEAUTIESFACTORY	amazon.com.au	HTTPS://WWW.AMAZON.COM.AU/STORES/BEAUTIESFACTORY/PAGE/94CD7345-1253-44F8-841D-51330BAD22E6
BEEMOJO	BEEMOJO	amazon.com.au	HTTPS://WWW.AMAZON.COM.AU/BARTENDER-PROFESSIONAL-RESISTANT-BARWARE-SHOULDER/DP/B08NJYS1GD
BEITOO	BEITOO	amazon.com.au	HTTPS://WWW.AMAZON.COM.AU/BEITOO-CARVING-SCULPTING-DRAGON-GEMSTONE/DP/B08V91BFMV
BEKOYWOY	BEKOYWOY	amazon.com.au	HTTPS://WWW.AMAZON.COM.AU/BEKOYWOY-ROTATING-MICRO-ADJUST-HORIZONTAL-CONNECTOR/DP/B09TN1ZZ7Z
BELEBOOM	BELEBOOM	amazon.com.au	HTTPS://WWW.AMAZON.COM.AU/BELEBOOM-BALANCE-EXERCISE-EQUIPMENT-PHYSICAL/DP/B07NZRXJSB
BELLAEASYBEAUTY	BELLAEASYBEAUTY	amazon.com.au	HTTPS://WWW.AMAZON.COM.AU/BELLAEASYBEAUTY-CASHMERE-COMB-PILLING-SWEATERS/DP/B0D8FH9JLP
BEMLDY	BEMLDY	amazon.com.au	HTTPS://WWW.AMAZON.COM.AU/BEMLDY-PORTABLE-MEGAPHONE-ALARM-ADJUSTABLE-LIGHTWEIGHT/DP/B0C6DG8YL7
BENBIYO	BENBIYO	amazon.com.au	HTTPS://WWW.AMAZON.COM.AU/BENBIYO/B/REF=MH_BL_SL_AP_AP_MW_14654444051?IE=UTF8&NODE=14654444051&FIELD-LBR_BRANDS_BROWSE-BIN=BENBIYO
BENRAN	BENRAN	amazon.com.au	HTTPS://WWW.AMAZON.COM.AU/BENRAN-MOONCAKE-INDIVIDUAL-CONTAINER-CHRISTMAS/DP/B09793TDXC
BERRYSPARADISE	BERRYSPARADISE	amazon.com.au	HTTPS://WWW.AMAZON.COM.AU/BERRYSPARADISE-FOLDABLE-SPRINKLER-SWIMMING-COLLAPSIBLE/DP/B0DS21H271
BERTHERM	BERTHERM	amazon.com.au	HTTPS://WWW.AMAZON.COM.AU/BERTHERM-KNEE-PAIN-RELIEF-COLD/DP/B01NBJP0YN
BESCHASE	BESCHASE	amazon.com.au	HTTPS://WWW.AMAZON.COM.AU/ORGANIZER-POT-PAN-ADJUSTABLE-COUNTERTOP/DP/B0B3XP6WRM
BESIMLI	BESIMLI	amazon.com.au	HTTPS://WWW.AMAZON.COM.AU/WIRELESS-BESIMLI-DETECTION-WATERPROOF-RECHARGEABLE/DP/B0BRT136GQ
BESINGKI	BESINGKI	amazon.com.au	HTTPS://WWW.AMAZON.COM.AU/BESINGKI-REPLACEMENT-COMPATIBLE-BLENDTEC-CONTAINER/DP/B0CSK3PJT5
BESTSELLER2888	BESTSELLER2888	amazon.com.au	HTTPS://WWW.AMAZON.COM.AU/BESTSELLER2888-NUNCHUCK-CONTROLLER-SILICONE-NINTENDO/DP/B01E5CSZJ6
BESWLZ	BESWLZ	amazon.com.au	HTTPS://WWW.AMAZON.COM.AU/ELECTRICAL-LUMINESCENT-WATERPROOF-CHILDREN-STOPWATCH/DP/B082KFD3T9
BETOORES	BETOORES	amazon.com.au	HTTPS://WWW.AMAZON.COM.AU/BETOORES/B/REF=BL_DP_S_MW_7654061051?IE=UTF8&NODE=7654061051&FIELD-LBR_BRANDS_BROWSE-BIN=BETOORES
BETTWILL	BETTWILL	amazon.com.au	HTTPS://WWW.AMAZON.COM.AU/BETTWILL-KITCHEN-UTENSIL-ORGANIZER-FARMHOUSE/DP/B09PTX8C7D
BETYHOM	BETYHOM	amazon.com.au	HTTPS://WWW.AMAZON.COM.AU/BETYHOM-VINTAGE-DECORATIVE-MOUNTED-TABLETOP/DP/B098JDN4T3
BETYMAN	BETYMAN	amazon.com.au	HTTPS://WWW.AMAZON.COM.AU/BETYMAN-CAT-TENT-ENCLOSURES-PLAYHOUSE/DP/B0F24N6L3J
BIBIAMXI	BIBIAMXI	amazon.com.au	HTTPS://WWW.AMAZON.COM.AU/BIBIAMXI-LITTLE-BUDDIES-ADVENTURES-13INCHES/DP/B09SGMJLS5
BIDAKID	BIDAKID	amazon.com.au	HTTPS://WWW.AMAZON.COM.AU/BIDAKID-THERMOSES-STAINLESS-CONTAINERS-INSULATED/DP/B095GW1231
BIGCOON	BIGCOON	amazon.com.au	HTTPS://WWW.AMAZON.COM.AU/BIGCOON-CAR-SEAT-BAG/DP/B0D2TXN1J7
BIIRBLUE	BIIRBLUE	amazon.com.au	HTTPS://WWW.AMAZON.COM.AU/BIIRBLUE-BARRIER-NETTING-DRAWSTRING-GARDEN/DP/B0C49R3YBZ
BIRUIL	BIRUIL	amazon.com.au	HTTPS://WWW.AMAZON.COM.AU/BIRUIL-PHANTOM-OPERA-MASQUERADE-VENETIAN/DP/B07K3Z8917
BITZONG	BITZONG	amazon.com.au	HTTPS://WWW.AMAZON.COM.AU/BITZONG-EFFICIENT-PORTABLE-ELECTRIC-APPROVED/DP/B07BRM2Z2D
BITZONG	BITZONG	amazon.com.au	HTTPS://WWW.AMAZON.COM.AU/BITZONG-QUADCOPTER-BEGINNERS-GYROSCOPE-DETACHABLE/DP/B07GM92Z6C
BIUDNIYLL	BIUDNIYLL	amazon.com.au	HTTPS://WWW.AMAZON.COM.AU/BIUDNIYLL-HEAVY-BUTTON-MASTER-GRABBER/DP/B0CBLFHWTS
BJGXFMQ	BJGXFMQ	amazon.com.au	HTTPS://WWW.AMAZON.COM.AU/BJGXFMQ-COMPRESSED-DISPOSABLE-PORTABLE-ACTIVITIES/DP/B081YGZBPB
BJSDKFF	BJSDKFF	amazon.com.au	HTTPS://WWW.AMAZON.COM.AU/BJSDKFF/B/REF=BL_DP_S_MW_22022372051?IE=UTF8&NODE=22022372051&FIELD-LBR_BRANDS_BROWSE-BIN=BJSDKFF
BKABRYHJJ	BKABRYHJJ	amazon.com.au	HTTPS://WWW.AMAZON.COM.AU/BKABRYHJJ-BIRTHDAY-CHRISTMAS-VALENTINES-B-BLACKCOW/DP/B0CG5VKH9K
BLATESIC	BLATESIC	amazon.com.au	HTTPS://WWW.AMAZON.COM.AU/BLATESIC-INFLATABLE-15FT-POWERFUL-ACTIVITIES/DP/B0FF3884TC
BLAVVENNT	BLAVVENNT	amazon.com.au	HTTPS://WWW.AMAZON.COM.AU/BLAVVENNT-M14-MAGNETIC-AVIATION-COMPATIBLE/DP/B0BVR1ZWSP
BLLWDY	BLLWDY	amazon.com.au	HTTPS://WWW.AMAZON.COM.AU/BLLWDY-CD-NOSTALGIC-CHILDHOOD-AESTHETIC/DP/B0CWLV85LV
BLLWDY	BLLWDY	amazon.com.au	HTTPS://WWW.AMAZON.COM.AU/BLLWDY-CD-NOSTALGIC-CHILDHOOD-AESTHETIC/DP/B0CTQM5B94
BLXSIF	BLXSIF	amazon.com.au	HTTPS://WWW.AMAZON.COM.AU/BLXSIF-MILITARY-CAMO-HUNTING-PONCHO/DP/B0CFVX4NM6
BLXSIF	BLXSIF	amazon.com.au	HTTPS://WWW.AMAZON.COM.AU/BLXSIF-ROSE-GOLD-SEQUIN-BACKDROP/DP/B09S2RTQZW
BNBKIKO	BNBKIKO	amazon.com.au	HTTPS://WWW.AMAZON.COM.AU/BNBKIKO-AIRPODS-SILICONE-LITTLE-EXPRESSION/DP/B07X8QJBHD
BOAISDUS	BOAISDUS	amazon.com.au	HTTPS://WWW.AMAZON.COM.AU/BOAISDUS-WINTER-SCARVES-KNITTED-OUTDDOR/DP/B0CHT5MW5K
BOBOCAWA	BOBOCAWA	amazon.com.au	HTTPS://WWW.AMAZON.COM.AU/BOBOCAWA-DOG-NAIL-CLIPPERS-TRIMMER/DP/B07P8HZRLZ
BODYTORC	BODYTORC	amazon.com.au	HTTPS://WWW.AMAZON.COM.AU/BODYTORC-SUSPENSION-BODYWEIGHT-TRAINING-EXTENSION/DP/B08CT15CJB
BOFINEHY	BOFINEHY	amazon.com.au	HTTPS://WWW.AMAZON.COM.AU/SHIFTER-2007-2015-TRANSFER-ALUMINUM-ANODIZED/DP/B08HCP91RF
BOLONIPROD	BOLONIPROD	amazon.com.au	HTTPS://WWW.AMAZON.COM.AU/BOLONIPROD-ALUMINUM-DRILLING-STRAIGHT-WOODWORKING/DP/B0CLY6YSFX
BOMENNE	BOMENNE	amazon.com.au	HTTPS://WWW.AMAZON.COM.AU/BOMENNE-NOVELTY-CREATIVE-COMPATIBLE-BUILDING/DP/B07XKPNQZK
BOMPCAFE	BOMPCAFE	amazon.com.au	HTTPS://WWW.AMAZON.COM.AU/BOMPCAFE-FRENCH-PRESS-COFFEE-CAFETIERE/DP/B0BXB22165
BOMPCAFE	BOMPCAFE	amazon.com.au	HTTPS://WWW.AMAZON.COM.AU/BOMPCAFE-ESPRESSO-STOVETOP-PERCOLATOR-CAPPUCCINOS/DP/B0CLHWVKVD
BONATIOZ	BONATIOZ	amazon.com.au	HTTPS://WWW.AMAZON.COM.AU/BONATIOZ-HEARING-RECHARGEABLE-AMPLIFIER-CANCELLING/DP/B0CZLF9KP1
BONBELONG	BONBELONG	amazon.com.au	HTTPS://WWW.AMAZON.COM.AU/BONBELONG-SPEAKER-SUITABLE-OUTDOOR-TRAVELLING/DP/B0D8KFVNDZ
BONBELONG	BONBELONG	amazon.com.au	HTTPS://WWW.AMAZON.COM.AU/BONBELONG-BLUETOOTH-PORTABLE-WIRELESS-SUITABLE/DP/B0D8HQLS39
BONSOP	BONSOP	amazon.com.au	HTTPS://WWW.AMAZON.COM.AU/WIRELESS-CHARGER-BONSOP-CHARGING-ADAPTER/DP/B083J14CT6
BOOINXAA	BOOINXAA	amazon.com.au	HTTPS://WWW.AMAZON.COM.AU/BOOINXAA-VERTICAL-LAPTOP-STAND-HOLDER/DP/B0BQQZCZ2N
BOOLACYA	BOOLACYA	amazon.com.au	HTTPS://WWW.AMAZON.COM.AU/BOOLACYA-CHARLES-SPIDER-STUFFED-ANIMAL/DP/B0BVVQ8QZY
BORDERSMOVER	BORDERSMOVER	amazon.com.au	HTTPS://WWW.AMAZON.COM.AU/BORDERSMOVER-GATE-SPRING-SELF-CLOSING/DP/B0BS3ZP44T
BORDERSMOVER	BORDERSMOVER	amazon.com.au	HTTPS://WWW.AMAZON.COM.AU/BORDERSMOVER-AUTOMATIC-SELF-CLOSING-OUTDOOR-MOUNTING/DP/B0983JXBRR
BOSSBEE	BOSSBEE	amazon.com.au	HTTPS://WWW.AMAZON.COM.AU/BOSSBEE-ULTRASONIC-ULTRASONIC-DEVICESBARKING-DETERRENTBARK/DP/B07B53493J
BOUQLIFE	BOUQLIFE	amazon.com.au	HTTPS://WWW.AMAZON.COM.AU/BOUQLIFE/B/REF=BL_DP_S_MW_13631245051?IE=UTF8&NODE=13631245051&FIELD-LBR_BRANDS_BROWSE-BIN=BOUQLIFE
BPJOWVIL	BPJOWVIL	amazon.com.au	HTTPS://WWW.AMAZON.COM.AU/GRINDER-CARVING-CUTTING-WOODWORKING-CUTTER/DP/B09WMRQ329
BPJOWVIL	BPJOWVIL	amazon.com.au	HTTPS://WWW.AMAZON.COM.AU/BPJOWVIL-550FT-LBS-LIGHTWEIGHT-PNEUMATIC-MAINTENANCE/DP/B0D1QSVX3Z
BPPYVCT	BPPYVCT	amazon.com.au	HTTPS://WWW.AMAZON.COM.AU/STORAGE-CONTAINER-PLASTIC-SPAGHETTI-CANISTER/DP/B09M81WP53
BPPYVCT	BPPYVCT	amazon.com.au	HTTPS://WWW.AMAZON.COM.AU/BPPYVCT-CONDIMENT-RESTAURANT-ORGANIZERS-COMPARTMENTS/DP/B0BQ3DTFQG
BRANDOBAY	BRANDOBAY	amazon.com.au	HTTPS://WWW.AMAZON.COM.AU/BRANDOBAY-CURVED-CHOPPING-KNIFE/DP/B01EIC71G6
BRAVBOWERRY	BRAVBOWERRY	amazon.com.au	HTTPS://WWW.AMAZON.COM.AU/BRAVBOWERRY-COOLING-SHREDDED-MEMORY-PILLOWS/DP/B0C38V9PJY
BRRXIUR	BRRXIUR	amazon.com.au	HTTPS://WWW.AMAZON.COM.AU/BRRXIUR-POTTERY-FORMING-ELECTRIC-BEGINNERS/DP/B09SH5L3GJ
BRUNOPLAST	BRUNOPLAST	amazon.com.au	HTTPS://WWW.AMAZON.COM.AU/BRUNOPLAST-STANDARD-THREADED-TRANSPARENT-LEVELLING/DP/B0B3J19822
BRWINASLL	BRWINASLL	amazon.com.au	HTTPS://WWW.AMAZON.COM.AU/BRWINASLL-DRYING-MULTIFUNCTIONAL-RUSTLESS-COUNTERTOP/DP/B09667ZXSG
BSAOCRT	BSAOCRT	amazon.com.au	HTTPS://WWW.AMAZON.COM.AU/CEILING-CURTAIN-TRACK-FLEXIBLE-BENDABLE/DP/B09QPHZXM5
BSRTOP	BSRTOP	amazon.com.au	HTTPS://WWW.AMAZON.COM.AU/BSRTOP-EMBROIDERY-CROSS-STITCH-STAND/DP/B0BYDP8K76
BSRTOP	BSRTOP	amazon.com.au	HTTPS://WWW.AMAZON.COM.AU/BSRTOP-KEEP-CATS-POTTED-PLANTS/DP/B0BRKS73H2
BSYZYANI	BSYZYANI	amazon.com.au	HTTPS://WWW.AMAZON.COM.AU/BSYZYANI-BLASTERS-REALISTIC-EJECTING-SHOTGUN/DP/B0CNZTPSJH
BTEFLS	BTEFLS	amazon.com.au	HTTPS://WWW.AMAZON.COM.AU/BTEFLS-CORDLESS-FILTERING-PRIVACY-BLACKOUT/DP/B09ZPSS7TS
BTYIMIFLY	BTYIMIFLY	amazon.com.au	HTTPS://WWW.AMAZON.COM.AU/BTYIMIFLY/DP/B09KHLVWMD
BUDDYTASTIC	BUDDYTASTIC	amazon.com.au	HTTPS://WWW.AMAZON.COM.AU/REVERSIBLE-HANDS-FREE-ADJUSTABLE-COMFORTABLE-BUDDYTASTIC/DP/B07CHTZD7Y
BUKAMKOM	BUKAMKOM	amazon.com.au	HTTPS://WWW.AMAZON.COM.AU/STORES/BUKAMKOM/PAGE/C7C5AD9E-D686-4415-BF04-580734D74C27
BUKAMKOM	BUKAMKOM	amazon.com.au	HTTPS://WWW.AMAZON.COM.AU/BUKAMKOM-COLLAGEN-MOISTURE-INDIVIDUALLY-WRAPPED/DP/B0DK3843RY
BULUBAKY	BULUBAKY	amazon.com.au	HTTPS://WWW.AMAZON.COM.AU/BULUBAKY-RETRACTABLE-ADJUSTABLE-DOORWAY-HALLWAY/DP/B0CPPMG29K
BULUBAKY	BULUBAKY	amazon.com.au	HTTPS://WWW.AMAZON.COM.AU/BULUBAKY-RETRACTABLE-EXTENDS-SLIDING-DOORWAY/DP/B0CF2LJHH7
BURAPPOI	BURAPPOI	amazon.com.au	HTTPS://WWW.AMAZON.COM.AU/MASSAGE-DETANGLING-HAIRBRUSH-HAIRDRESSING-STRAIGHT/DP/B0892JZN43
BUSARILAR	BUSARILAR	amazon.com.au	HTTPS://WWW.AMAZON.COM.AU/BUSARILAR-PREGNANCY-MATERNITY-DETACHABLE-ADJUSTABLE/DP/B0BKLSHXDM
BUTIBLENER	BUTIBLENER	amazon.com.au	HTTPS://WWW.AMAZON.COM.AU/BUTIBLENER-RECHARGEABLE-TELESCOPIC-WATERPROOF-EMERGENCY-BLACK/DP/B0C6255H49
BVOPLME	BVOPLME	amazon.com.au	HTTPS://WWW.AMAZON.COM.AU/BVOPLME-TECHNIC-PLANET-COMPATIBLE-LIGHTING/DP/B0DP8DN4GL
BVSER	BVSER	amazon.com.au	HTTPS://WWW.AMAZON.COM.AU/BVSER-PORTABLE-ORGANIZER-ADJUSTABLE-COSMETICS/DP/B07VPXR6QW
BWDCQMX	BWDCQMX	amazon.com.au	HTTPS://WWW.AMAZON.COM.AU/VELOUR-BWDCQMX-ACCESSORIES-VALENTINES-GIRLS%EF%BC%8820/DP/B0CJF6C1YB
BWENKY	BWENKY	amazon.com.au	HTTPS://WWW.AMAZON.COM.AU/BWENKY-SUBLIMATION-COMPATIBLE-THICKNESSES-ATTACHMENT/DP/B0BS92WBSL
BXDOW	BXDOW	amazon.com.au	HTTPS://WWW.AMAZON.COM.AU/BXDOW/B/REF=BL_DP_S_MW_13566543051?IE=UTF8&NODE=13566543051&FIELD-LBR_BRANDS_BROWSE-BIN=BXDOW
CAKUBOR	CAKUBOR	amazon.com.au	HTTPS://WWW.AMAZON.COM.AU/CAKUBOR-PICKUP-STRETCHES-NETTING-UNIVERSAL/DP/B0B38KCYS1
CAMCLID	CAMCLID	amazon.com.au	HTTPS://WWW.AMAZON.COM.AU/CAMCLID/B/REF=BL_DP_S_MW_18442077051?IE=UTF8&NODE=18442077051&FIELD-LBR_BRANDS_BROWSE-BIN=CAMCLID
CAMKUZON	CAMKUZON	amazon.com.au	HTTPS://WWW.AMAZON.COM.AU/CAMKUZON-REVERSIBLE-BIRTHDAY-WRAPPING-PAPER/DP/B0C9X63YSS
CAMOCIN	CAMOCIN	amazon.com.au	HTTPS://WWW.AMAZON.COM.AU/FRAMED-NUMBERS-ADULTS-BEGINNERS-WITHOUT/DP/B0DGMLJ2N7
CANMILAR	CANMILAR	amazon.com.au	HTTPS://WWW.AMAZON.COM.AU/CANMILAR-SOCCER-INTERACTIVE-BIRTHDAY-DURABLE/DP/B0B2P5PT2X
CANORMPET	CANORMPET	amazon.com.au	HTTPS://WWW.AMAZON.COM.AU/CANORMPET-SHELVES-FURNITURE-SCRATCHING-CA100/DP/B0CVTN7DQY
CARCOME	CARCOME	amazon.com.au	HTTPS://WWW.AMAZON.COM.AU/CARCOME-INFLATOR-PORTABLE-COMPRESSR-PRESSURE/DP/B0BCTT7J9F
CARLLG	CARLLG	amazon.com.au	HTTPS://WWW.AMAZON.COM.AU/CARLLG/B/REF=BL_DP_S_MW_14633840051?IE=UTF8&NODE=14633840051&FIELD-LBR_BRANDS_BROWSE-BIN=CARLLG
CARSLOONG	CARSLOONG	amazon.com.au	HTTPS://WWW.AMAZON.COM.AU/CARSLOONG-AUTOMOTIVE-PROFILE-VARIETY-COMPATIBLE/DP/B09YTGN9FP
CBKSUHBADE	CBKSUHBADE	amazon.com.au	HTTPS://WWW.AMAZON.COM.AU/CBKSUHBADE-KEYCHAIN-TRAFALGAR-KEYRINGS-PENDANTS/DP/B0FH1PWRZB
CBYJK	CBYJK	amazon.com.au	HTTPS://WWW.AMAZON.COM.AU/CBYJK-STAINLESS-INDUCTION-COMPATIBLE-DISHWASHER/DP/B0D9VBJR7K
CCATSIX	CCATSIX	amazon.com.au	HTTPS://WWW.AMAZON.COM.AU/CCATSIX-CERAMIC-PEDESTAL-PRACTICAL-PARTIES/DP/B0BY666PD1
CCGRTART	CCGRTART	amazon.com.au	HTTPS://WWW.AMAZON.COM.AU/CCGRTART-35-5X23-5X23-5INCH-MUSHROOM-KIT-MUSHROOM-PORTABLE/DP/B0BXWXS85G
CEACYDIK	CEACYDIK	amazon.com.au	HTTPS://WWW.AMAZON.COM.AU/CEACYDIK-STARRY-BUILDING-PAINTING-PROJECT/DP/B0CBWX5M6G
CEACYDIK	CEACYDIK	amazon.com.au	HTTPS://WWW.AMAZON.COM.AU/CEACYDIK-629-PIECE-COMPLETE-CONSTRUCTION/DP/B0D2N4KQ58
CECIAOAIME	CECIAOAIME	amazon.com.au	HTTPS://WWW.AMAZON.COM.AU/CECIAOAIME-BANDANAS-MULTI-PURPOSE-POLYESTER-HEADBANDS/DP/B0FP7BL8P4
CEEKLIYBEAR	CEEKLIYBEAR	amazon.com.au	HTTPS://WWW.AMAZON.COM.AU/STAIRS-DURABLE-NON-SLIP-WASHBLE-4-TIERS/DP/B0D1QC4P98
CEITEO	CEITEO	amazon.com.au	HTTPS://WWW.AMAZON.COM.AU/CEITEO-STAINLESS-CONTAINERS-AIRTIGHT-STACKABLE/DP/B0D2XVRM6G
CEOSINER	CEOSINER	amazon.com.au	HTTPS://WWW.AMAZON.COM.AU/CEOSINER-PROPELLER-13-48-77344A45-17/DP/B0C58B1YXF
CEPTAGON	CEPTAGON	amazon.com.au	HTTPS://WWW.AMAZON.COM.AU/CEPTAGON-CP-M1-VERTICAL-LIGHTWEIGHT-HANDLES/DP/B07DTCTHF3
CGIZEA	CGIZEA	amazon.com.au	HTTPS://WWW.AMAZON.COM.AU/CGIZEA-BOTTLES-PLASTIC-AIRTIGHT-MINIATURE/DP/B0BBN3WDB8
CHANHYD	CHANHYD	amazon.com.au	HTTPS://WWW.AMAZON.COM.AU/CHANHYD-PEX-PIPE-ASTM-F1807/DP/B0CX521TYR
CHCYWJGJ	CHCYWJGJ	amazon.com.au	HTTPS://WWW.AMAZON.COM.AU/CHCYWJGJ-ARCHITECTURAL-MOLDING-HANDRAIL-WOODWORKING/DP/B0C3WMCKWJ
CHERYU	CHERYU	amazon.com.au	HTTPS://WWW.AMAZON.COM.AU/CHERYU-BLUETOOTH-MICROPHONE-SMARTPHONE-MULTI-FUNCTION/DP/B07D1J7JHG
CHIHOPE	CHIHOPE	amazon.com.au	HTTPS://WWW.AMAZON.COM.AU/CHIHOPE-MAGNETIC-WIRELESS-PORTABLE-COMPATIBLE/DP/B09S31DMB9
CHUIENDI	CHUIENDI	amazon.com.au	HTTPS://WWW.AMAZON.COM.AU/CHUIENDI-HAMMOCK-MOUNTED-HANGING-ACTIVITY/DP/B0D8T4Q2GM
CHUVIAN	CHUVIAN	amazon.com.au	HTTPS://WWW.AMAZON.COM.AU/CHUVIAN-PICKLEBALL-PICKLEBALLS-TOURNAMENT-SANCTIONED/DP/B0CHHY3G4Z
CIAJIE	CIAJIE	amazon.com.au	HTTPS://WWW.AMAZON.COM.AU/CIAJIE/B/REF=BL_DP_S_MW_7871813051?IE=UTF8&NODE=7871813051&FIELD-LBR_BRANDS_BROWSE-BIN=CIAJIE
CICONIRA	CICONIRA	amazon.com.au	HTTPS://WWW.AMAZON.COM.AU/CICONIRA/B/REF=BL_DP_S_MW_13571481051?IE=UTF8&NODE=13571481051&FIELD-LBR_BRANDS_BROWSE-BIN=CICONIRA
CICOSOVEA	CICOSOVEA	amazon.com.au	HTTPS://WWW.AMAZON.COM.AU/CICOSOVEA-HALLOWEEN-ASSORTMENT-FAVORS-STUFFERS/DP/B0B63QW32L
CILYOCRA	CILYOCRA	amazon.com.au	HTTPS://WWW.AMAZON.COM.AU/CILYOCRA-WIRELESS-CHARGER-CHARGING-COMPATIBLE/DP/B0BDF5NJRH
CINWAUVO	CINWAUVO	amazon.com.au	HTTPS://WWW.AMAZON.COM.AU/CINWAUVO-SNORING-DILATOR-EFFECTIVE-SOLUTION/DP/B0C2VJYYKS
CIOQLVZ	CIOQLVZ	amazon.com.au	HTTPS://WWW.AMAZON.COM.AU/CIOQLVZ-PLUSHIES-ORNAMENTS-BIRTHDAY-CHRISTMAS/DP/B0CNGT4ZSZ
CIRAVI	CIRAVI	amazon.com.au	HTTPS://WWW.AMAZON.COM.AU/BOTTLE-HANDLE-NIPPLE-NURSING-CIRAVI/DP/B08PHVGFWG
CIWENKAI	CIWENKAI	amazon.com.au	HTTPS://WWW.AMAZON.COM.AU/COVERS-TRANSPARENT-RESTAURANT-PAPER%EF%BC%8CBAR-FOLDER/DP/B0912W97WC
CIXIZUIJIA	CIXIZUIJIA	amazon.com.au	HTTPS://WWW.AMAZON.COM.AU/CIXIZUIJIA-BALISONG-TRAINER-INTEGRATED-ALUMINUM/DP/B0CT2QFZTT
CJNLON	CJNLON	amazon.com.au	HTTPS://WWW.AMAZON.COM.AU/CJNLON-ARTIFICIAL-INTERLOCKING-SELF-DRAINING-FLOORING/DP/B09NQV3Y7V
CKEIBT	CKEIBT	amazon.com.au	HTTPS://WWW.AMAZON.COM.AU/D2S-HEADLIGHT-CONVERSION-WATERPROOF-REPLACEMENT/DP/B09PFYMCLC
CKEURERI	CKEURERI	amazon.com.au	HTTPS://WWW.AMAZON.COM.AU/CKEURERI-EARRINGS-THREADED-HYPOALLERGENIC-BRIDESMAIDS/DP/B0DC5B2NJ2
CKIKH	CKIKH	amazon.com.au	HTTPS://WWW.AMAZON.COM.AU/CKIKH-FOLDABLE-ADJUSTABLE-PORTABLE-FOLDING/DP/B0FX3LWSX8
CKVIHAV	CKVIHAV	amazon.com.au	HTTPS://WWW.AMAZON.COM.AU/CKVIHAV-ANODIZED-ALUMINUM-ENGRAVING-DECORATIVE/DP/B0BVMCSKNV
CLEVERCHEF	CLEVERCHEF	amazon.com.au	HTTPS://WWW.AMAZON.COM.AU/CLEVERCHEF-NON-STICK-MULTICOOKER-OMELETTES-COOL-TOUCH/DP/B0CVNB2HKW
CLEVERCHEF	CLEVERCHEF	amazon.com.au	HTTPS://WWW.AMAZON.COM.AU/CLEVERCHEF-INTELLIGENT-DIGITAL-ALUMINIUM-CHARCOAL/DP/B07F2N1QTM
CLICKFISH	CLICKFISH	amazon.com.au	HTTPS://WWW.AMAZON.COM.AU/CLIKFISH-MULTI-TOOL-FISHERMEN-ACCESSORIES-CLICKFISH/DP/B0DP1Q5KXD
CLKHOWL	CLKHOWL	amazon.com.au	HTTPS://WWW.AMAZON.COM.AU/CLKHOWL-WINDOW-PERCH-HAMMOCK-SEAT/DP/B08BKJS3XF
CLKHOWL	CLKHOWL	amazon.com.au	HTTPS://WWW.AMAZON.COM.AU/CLKHOWL-OUTDOOR-ENCLOSURE-PORTABLE-PLAYGROUND/DP/B0CZPB5TV5
CMISMPRT	CMISMPRT	amazon.com.au	HTTPS://WWW.AMAZON.COM.AU/CMISMPRT-GRIPPERS-STICKINESS-RENEWABLE-8PCS%EF%BC%88WHITE/DP/B085M378DT
CMMT44808	CMMT44808	amazon.com.au	HTTPS://WWW.AMAZON.COM.AU/CRAFTSMAN-RATCHET-8-INCH-DRIVE-CMMT44808/DP/B07QJ82NKG
CNHUALAI	CNHUALAI	amazon.com.au	HTTPS://WWW.AMAZON.COM.AU/CNHUALAI-GENUINE-LEATHER-PURSES-ZIPPER/DP/B083364VRQ
CNKEEO	CNKEEO	amazon.com.au	HTTPS://WWW.AMAZON.COM.AU/CNKEEO-RECHARGEABLE-ELECTRIC-ARTHRITIS-ACTIVITIES/DP/B0CHP4FP8M
COBKSXUEP	COBKSXUEP	amazon.com.au	HTTPS://WWW.AMAZON.COM.AU/COBKSXUEP-CANISTER-AIRTIGHT-CONTAINERS-SUITABLE/DP/B0CYKNW6L3
COCEPAZYS	COCEPAZYS	amazon.com.au	HTTPS://WWW.AMAZON.COM.AU/COCEPAZYS-TENT%EF%BC%8CUNIVERSAL-CAMPING%EF%BC%8CSLEEPS-CAMPING-ACCESSORIES%EF%BC%888/DP/B0BN95XTTP
COCOFREE	COCOFREE	amazon.com.au	HTTPS://WWW.AMAZON.COM.AU/COCOFREE-BIKINI-CRINKLE-BANDEAU-BATHING/DP/B0C6QV995G
COGINQUS	COGINQUS	amazon.com.au	HTTPS://WWW.AMAZON.COM.AU/COGINQUS-WEARABLE-PILLOW-ADULT-WEIGHTED-CHRISTMAS/DP/B0BQH3CZCH
COJINLDFEI	COJINLDFEI	amazon.com.au	HTTPS://WWW.AMAZON.COM.AU/COJINLDFEI-REPLACEMENT-PHILIPS%C2%AE-CA6702-00/DP/B0FD9L1BFL
COKANIY	COKANIY	amazon.com.au	HTTPS://WWW.AMAZON.COM.AU/COKANIY-HALLOWEEN-APOTHECARY-DECORATIVE-WITCHCRAFT/DP/B0B6VKPYGT
COKOSOXO	COKOSOXO	amazon.com.au	HTTPS://WWW.AMAZON.COM.AU/COKOSOXO-CLOTHING-PORTABLE-FREESTANDING-C-WHITE-AO02/DP/B09X9WRD1G
COKSDUPID	COKSDUPID	amazon.com.au	HTTPS://WWW.AMAZON.COM.AU/COKSDUPID-CUP-SLICERS-STRAWBERRY-VEGETABLE/DP/B0C4SWJWQF
COLOOFO	COLOOFO	amazon.com.au	HTTPS://WWW.AMAZON.COM.AU/FOLDING-SUPPORT-MUSICAL-INSTRUMENT-ELECTRIC/DP/B0DPFFR9ZQ
COMFILUX	COMFILUX	amazon.com.au	HTTPS://WWW.AMAZON.COM.AU/COMFILUX-PREMIUM-MEMORY-FOAM-CUSHION/DP/B0912JP6JJ
COMFILUX	COMFILUX	amazon.com.au	HTTPS://WWW.AMAZON.COM.AU/STORES/COMFILUX/HOMEPAGE/PAGE/A68B928E-E106-4ACB-AD27-340DBD0A1949
COMFYTAILS	COMFYTAILS	amazon.com.au	HTTPS://WWW.AMAZON.COM.AU/BONDS-WOMENS-COTTON-COMFYTAILS-SEAMFREE/DP/B0783R4G9R
COMTENS	COMTENS	amazon.com.au	HTTPS://WWW.AMAZON.COM.AU/COMTENS-PORTABLE-WATER-BOTTLE-WALKING/DP/B09MVT674G
CONFTO	CONFTO	amazon.com.au	HTTPS://WWW.AMAZON.COM.AU/CONFTO-VIBRATING-PLATE-EXERCISE-MACHINE/DP/B0DNXTTVQY
COOBAA	COOBAA	amazon.com.au	HTTPS://WWW.AMAZON.COM.AU/COOBAA-PORTABLE-CONDIMENT-MULTIPURPOSE-MAYONNAISE/DP/B0CKXV39LV
COOLCOOLDEE	COOLCOOLDEE	amazon.com.au	HTTPS://WWW.AMAZON.COM.AU/COOLCOOLDEE/B/REF=BL_DP_S_MW_17959380051?IE=UTF8&NODE=17959380051&FIELD-LBR_BRANDS_BROWSE-BIN=COOLCOOLDEE
COOLEEDTEK	COOLEEDTEK	amazon.com.au	HTTPS://WWW.AMAZON.COM.AU/CONTROL-COOLEEDTEK-NUNCHUK-CONTROLLER-NINTENDO/DP/B07319XG8T
COSFUNMAX	COSFUNMAX	amazon.com.au	HTTPS://WWW.AMAZON.COM.AU/COSFUNMAX-SUPER-HERO-COMPRESSION-FITNESS-QUICK-DRYING/DP/B0CFVTDZR8
COSMMAP	COSMMAP	amazon.com.au	HTTPS://WWW.AMAZON.COM.AU/COSMMAP-ASSORTED-SAFETY-LOCKING-CLOTHING/DP/B0C3M8FHWQ
COSYSUPER	COSYSUPER	amazon.com.au	HTTPS://WWW.AMAZON.COM.AU/COSYSUPER-TODDLER-FLOOR-CERTIFIED-FABRIC/DP/B0DFLR8MRT
COTATERO	COTATERO	amazon.com.au	HTTPS://WWW.AMAZON.COM.AU/COTATERO-DRAWSTRING-BACKPACK-BIRTHDAY-CHILDREN/DP/B07K2DB6KC
COZYBONDER	COZYBONDER	amazon.com.au	HTTPS://WWW.AMAZON.COM.AU/COZYBONDER-AIRPLANE-FOOTREST-EXTENDER-ESSENTIALS/DP/B0BYT9RP4N
COZYLADY	COZYLADY	amazon.com.au	HTTPS://WWW.AMAZON.COM.AU/STORES/COZYLADY/PAGE/8D2479A3-6B27-462E-965C-CCF6CD611D74
COZYSMART	COZYSMART	amazon.com.au	HTTPS://WWW.AMAZON.COM.AU/COZYSMART-17-PIECE-LOCKPICKING-EXTRACTOR-LOCKSMITHS/DP/B07SYFSJ3L
CRAIMIL	CRAIMIL	amazon.com.au	HTTPS://WWW.AMAZON.COM.AU/CRAIMIL-COMPRESSION-SEXTUPLET-29100-COMPATIBLE/DP/B0CSK8FCQN
CRAIMIL	CRAIMIL	amazon.com.au	HTTPS://WWW.AMAZON.COM.AU/CRAIMIL-SPREADER-24300-COMPRESSION-COMPATIBLE/DP/B0CSM83X4F
CREATART	CREATART	amazon.com.au	HTTPS://WWW.AMAZON.COM.AU/CREATART-NIGHTSTAND-CHARGING-FARMHOUSE-PATIO%EF%BC%88SMALL/DP/B09ZNM3JL5
CREDIBBY	CREDIBBY	amazon.com.au	HTTPS://WWW.AMAZON.COM.AU/CREDIBBY-12-Q-HANGER-SAFETY-BUCKLE/DP/B0CDLGXZS8
CRFNI	CRFNI	amazon.com.au	HTTPS://WWW.AMAZON.COM.AU/CRFNI-100-PCS-PAMPAS-GRASS/DP/B0BB243313
CROSSMARS	CROSSMARS	amazon.com.au	HTTPS://WWW.AMAZON.COM.AU/STORES/CROSSMARS/%E4%B8%BB%E9%A1%B5/PAGE/52B48750-B2C0-4898-9E09-AA109131B711
CRSWHA	CRSWHA	amazon.com.au	HTTPS://WWW.AMAZON.COM.AU/NATURAL-WALL-MOUNTED-DECORATIVE-ENTRYWAY-HANGING/DP/B09ZRLFVHF
CRSWHA	CRSWHA	amazon.com.au	HTTPS://WWW.AMAZON.COM.AU/PLASTIC-WALL-MOUNTED-BATHROOM-DECORATIVE-HANGING/DP/B09MSGT5HF
CRUMFERT	CRUMFERT	amazon.com.au	HTTPS://WWW.AMAZON.COM.AU/CRUMFERT-BATTERY-COMPATIBLE-PANASONIC-DMW-BCF10/DP/B0C2TJ6VY5
CSSIM	CSSIM	amazon.com.au	HTTPS://WWW.AMAZON.COM.AU/CSSIM-FOLDING-ULTRA-LIGHT-TABLEWARE-COOKWARE/DP/B0BQ1ZRK5X
CSTHEN	CSTHEN	amazon.com.au	HTTPS://WWW.AMAZON.COM.AU/REINFORCED-LOCK%EF%BC%8CCAN-RESISTANCE-TRAINING-EQUIPMENT/DP/B08QGK1H5W
CUALORK	CUALORK	amazon.com.au	HTTPS://WWW.AMAZON.COM.AU/CUALORK-STAINLESS-THICKNESS-SPATULAS-FLIPPING/DP/B09NNM6K2G
CUEMART	CUEMART	amazon.com.au	HTTPS://WWW.AMAZON.COM.AU/CUEMART-BILLIARD-HARDWOOD-2-PIECE-AMERICAN/DP/B0C39HSCBH
CULEEDTEC	CULEEDTEC	amazon.com.au	HTTPS://WWW.AMAZON.COM.AU/CULEEDTEC-WIRELESS-CONTROLLER-JOYSTICK-VIBRATION/DP/B07P8Q868K
CUMCITIN	CUMCITIN	amazon.com.au	HTTPS://WWW.AMAZON.COM.AU/CUMCITIN/B/REF=BL_DP_S_MW_7073722051?IE=UTF8&NODE=7073722051&FIELD-LBR_BRANDS_BROWSE-BIN=CUMCITIN
CURAWOOD	CURAWOOD	amazon.com.au	HTTPS://WWW.AMAZON.COM.AU/CURAWOOD/B/REF=BL_DP_S_MW_17933789051?IE=UTF8&NODE=17933789051&FIELD-LBR_BRANDS_BROWSE-BIN=CURAWOOD
CUSTOMOFFI	CUSTOMOFFI	amazon.com.au	HTTPS://WWW.AMAZON.COM.AU/CUSTOMOFFI-HARDCOVER-MEMORIAL-MESSAGES-PI1000/DP/B0D22LMFDH
CUTEFEEL	CUTEFEEL	amazon.com.au	HTTPS://WWW.AMAZON.COM.AU/CUTEFEEL/DP/B07W5ZQX98
CUUKIE	CUUKIE	amazon.com.au	HTTPS://WWW.AMAZON.COM.AU/CUUKIE-BATHROOM-ORGANIZER-DRILLING-RUSTPROOF/DP/B0BKGS36JG
CVIDA	CVIDA	amazon.com.au	HTTPS://WWW.AMAZON.COM.AU/CONTROLLER-CVIDA-CHARGING-RECHARGEABLE-CONTROLLERS/DP/B07P4LZF1C
CXDSP	CXDSP	amazon.com.au	HTTPS://WWW.AMAZON.COM.AU/HIGHTOP-OUTDOOR-ATHLETIC-SNEAKER-FOOTBALL/DP/B0B6191VTP
CXLWZ	CXLWZ	amazon.com.au	HTTPS://WWW.AMAZON.COM.AU/CXLWZ-AMPLIFIER-HEADPHONE-INCLUDING-PROFESSIONAL/DP/B0CCPQ12VG
CYCLESAVVY	CYCLESAVVY	amazon.com.au	HTTPS://WWW.AMAZON.COM.AU/CYCLESAVVY-DOUBLE-PIVOT-ROAD-BRAKES/DP/B0DBTMCQMZ
CYFMYD	CYFMYD	amazon.com.au	HTTPS://WWW.AMAZON.COM.AU/CYFMYD-SUPERSOFT-HANDMADE-RHINESTONE-HOLIDAYS/DP/B09FX3VJSY
CYNEMO	CYNEMO	amazon.com.au	HTTPS://WWW.AMAZON.COM.AU/MOTORCYCLE-GOGGLES-AVIATOR-OFF-ROAD-ANTI-SCRATCH/DP/B08SKTPKX9
DACESTAR	DACESTAR	amazon.com.au	HTTPS://WWW.AMAZON.COM.AU/DACESTAR-BASKETBALL-CHILDRENS-CHILDREN-CLOTHING/DP/B0B2QRD327
DAHACIS	DAHACIS	amazon.com.au	HTTPS://WWW.AMAZON.COM.AU/DAHACIS-DISPENSER-BATHROOM-REFILLABLE-COUNTERTOP/DP/B0DYDTCTPY
DAIDOM	DAIDOM	amazon.com.au	HTTPS://WWW.AMAZON.COM.AU/DAIDOM-HAMMOCKS-TWO-LEVEL-MULTIPLE-SUCTION/DP/B08Q8RTBD5
DAOGTC	DAOGTC	amazon.com.au	HTTPS://WWW.AMAZON.COM.AU/DAOGTC/B/REF=BL_DP_S_MW_7098719051?IE=UTF8&NODE=7098719051&FIELD-LBR_BRANDS_BROWSE-BIN=DAOGTC
DAOZWUBGIH	DAOZWUBGIH	amazon.com.au	HTTPS://WWW.AMAZON.COM.AU/DAOZWUBGIH-LYMPHATIC-DRAINAGE-CELLULITE-MASSAGER/DP/B0BMQHGMM2
DARISHM	DARISHM	amazon.com.au	HTTPS://WWW.AMAZON.COM.AU/DARISHM-TOUCHLESS-BATHROOM-WATERPROOF-AUTOMATIC/DP/B0C4KGNZMQ
DATIMIRA	DATIMIRA	amazon.com.au	HTTPS://WWW.AMAZON.COM.AU/DATIMIRA-COMPATIBLE-POPSOCKET-COLLAPSIBLE-STARLIGHT/DP/B0BD4HSX6Y
DAVVFFERART8	DAVVFFERART8	amazon.com.au	HTTPS://WWW.AMAZON.COM.AU/STRAWBERRY-REMOVER-POTATOES-PINEAPPLES-STAINLESS/DP/B08HVLHY1T
DAWNTREES	DAWNTREES	amazon.com.au	HTTPS://WWW.AMAZON.COM.AU/STORES/DAWNTREES/PAGE/83F95EDF-BAD6-4FBE-BAD3-A03AC98FF2F9
DCWINNES	DCWINNES	amazon.com.au	HTTPS://WWW.AMAZON.COM.AU/DCWINNES-CABINET-ORGANIZER-EXPANDABLE-ADHESIVE/DP/B0D1FQNCVN
DDYZM	DDYZM	amazon.com.au	HTTPS://WWW.AMAZON.COM.AU/DDYZM-LOUNGEWEAR-COMFORT-CARDIGAN-AVAILABLE/DP/B0B2RNLYPL
DDYZM	DDYZM	amazon.com.au	HTTPS://WWW.AMAZON.COM.AU/DDYZM-SHOCK-ABSORBENT-DURABLE-REMOVABLE-NON-SLIP/DP/B0B2D6DB5W
DEANEEK	DEANEEK	amazon.com.au	HTTPS://WWW.AMAZON.COM.AU/DEANEEK-MECHANICAL-KEYBOARD-BACKLIGHT-TENKEYLESS/DP/B0C5HQHR61
DEARRAY	DEARRAY	amazon.com.au	HTTPS://WWW.AMAZON.COM.AU/DEARRAY-LEAK-PROOF-BPA-FREE-OUTDOOR-ACTIVITIES/DP/B0D5HZDVKG
DEEKOUDT	DEEKOUDT	amazon.com.au	HTTPS://WWW.AMAZON.COM.AU/YES-TIME-MAGNETIC-CLOSURES-HARDWARE/DP/B07D1JXV4D
DEIFYMAN	DEIFYMAN	amazon.com.au	HTTPS://WWW.AMAZON.COM.AU/DEIFYMAN-JZ-1088L-DE-HEARING/DP/B0BSCCX3S8
DEKEA	DEKEA	amazon.com.au	HTTPS://WWW.AMAZON.COM.AU/DEKEA-STOOLS-KITCHEN-OUTDOOR-BARSTOOLS/DP/B07M5ZMZHK
DELEABOA	DELEABOA	amazon.com.au	HTTPS://WWW.AMAZON.COM.AU/DELEABOA-DEHUMIDIFIERS-DEHUMIDIFIER-PORTABLE-BATHROOM/DP/B0B1V9G96P
DEMACIYA	DEMACIYA	amazon.com.au	HTTPS://WWW.AMAZON.COM.AU/DEMACIYA-DRAINAGE-DECORATIVE-PLANTERS-SUCCULENTS/DP/B09K518G29
DEMARZILY	DEMARZILY	amazon.com.au	HTTPS://WWW.AMAZON.COM.AU/DEMARZILY-STRETCHER-WOODEN-ADJUSTABLE-EXPANDER/DP/B0DZHG2R5N
DENJACO	DENJACO	amazon.com.au	HTTPS://WWW.AMAZON.COM.AU/STORES/DENJACO/HOMEPAGE/PAGE/2C2842D8-ACA8-4AB7-A380-D17F01A0E4AD
DEZOBYTE	DEZOBYTE	amazon.com.au	HTTPS://WWW.AMAZON.COM.AU/DEZOBYTE/B/REF=BL_DP_S_MW_7783372051?IE=UTF8&NODE=7783372051&FIELD-LBR_BRANDS_BROWSE-BIN=DEZOBYTE
DFGRENGNESS	DFGRENGNESS	amazon.com.au	HTTPS://WWW.AMAZON.COM.AU/DFGRENGNESS-9448A-TAPE-6PCS/DP/B0BZV1MSFK
DGYJJZ	DGYJJZ	amazon.com.au	HTTPS://WWW.AMAZON.COM.AU/DGYJJZ-SILICONE-DIVIDERS-ACCESSORIES-ACCESSORIES/DP/B0BJJT574G
DHRBSX	DHRBSX	amazon.com.au	HTTPS://WWW.AMAZON.COM.AU/LONG-HANDLED-COCKTAIL-SPOONS-STAINLESS-COLORED/DP/B0748C1RY7
DIBOER	DIBOER	amazon.com.au	HTTPS://WWW.AMAZON.COM.AU/DIBOER-GUITAR-ADJUSTABLE-SHOULDER-ACOUSTIC/DP/B09C155CJC
DIBOER	DIBOER	amazon.com.au	HTTPS://WWW.AMAZON.COM.AU/ACOUSTIC-PADDING-WATERPROOF-ADJUSTABLE-SHOULDER/DP/B0BCX4T2TQ
DIDAD	DIDAD	amazon.com.au	HTTPS://WWW.AMAZON.COM.AU/DIDAD-HANDLES-CHRISTMAS-SHOPPING-MERCHANDISE/DP/B09MHFSSM4
DIDIEYES	DIDIEYES	amazon.com.au	HTTPS://WWW.AMAZON.COM.AU/DIDIEYES-PROJECTOR-DAYTIME-RUNNING-DRIVING/DP/B07FXB72M9
DIDUBUY	DIDUBUY	amazon.com.au	HTTPS://WWW.AMAZON.COM.AU/DIDUBUY/B/REF=BL_DP_S_MW_7908717051?IE=UTF8&NODE=7908717051&FIELD-LBR_BRANDS_BROWSE-BIN=DIDUBUY
DIGEEONEGU	DIGEEONEGU	amazon.com.au	HTTPS://WWW.AMAZON.COM.AU/DIGEEONEGU-ORGANIZER-CAR-ORGANIZERS-ESSENTIALS-DG-CO-BL01/DP/B0BZMLPW88
DIKUYEEL	DIKUYEEL	amazon.com.au	HTTPS://WWW.AMAZON.COM.AU/DIKUYEEL-SHOVEL-DIGGING-GARDENING-FIBERGLASS/DP/B0CD7F7JS5
DILAGG	DILAGG	amazon.com.au	HTTPS://WWW.AMAZON.COM.AU/DILAGG-CELLULITE-MASSAGER-SCULPTING-SHOULDERS/DP/B0BW4GG9PN
DILUOOU	DILUOOU	amazon.com.au	HTTPS://WWW.AMAZON.COM.AU/DILUOOU-SPACE-SAVING-REMOVABLE-SATISFACTION-GUARANTEE/DP/B09P17GVKM
DIVESMART	DIVESMART	amazon.com.au	HTTPS://WWW.AMAZON.COM.AU/DIVESMART-VISIBILITY-REFLECTIVE-FLASHLIGHT-ATTACHED/DP/B081QTW21R
DIVSEA	DIVSEA	amazon.com.au	HTTPS://WWW.AMAZON.COM.AU/TOILET-LIFTER-BATHROOM-TOUCHING-FUNCTION/DP/B0BJDQXRVG
DIYADE	DIYADE	amazon.com.au	HTTPS://WWW.AMAZON.COM.AU/DIYADE-DAENERYS-TARGARYEN-ACCESSORIES-ZIRCONIA/DP/B0DCVBTCPZ
DJZNDINGJIEJIE	DJZNDINGJIEJIE	amazon.com.au	HTTPS://WWW.AMAZON.COM.AU/DJZNDINGJIEJIE-STRAWBERRY-ACCESSORIES-DECORATIONS-CMGS-003/DP/B0BQC4LLGT
DKMHA	DKMHA	amazon.com.au	HTTPS://WWW.AMAZON.COM.AU/DKMHA-GENERATOR-PURIFIER-DEODORIZER-SUITABLE/DP/B07ZGBFH43
DKVAESS	DKVAESS	amazon.com.au	HTTPS://WWW.AMAZON.COM.AU/DKVAESS-LEATHER-ARMREST-COMPITABLE-2002-2007/DP/B07DRBTNFM
DMTXCRP	DMTXCRP	amazon.com.au	HTTPS://WWW.AMAZON.COM.AU/DMTXCRP-DURABLE-RUST-PROOF-STAINLESS-DRAINBOARD/DP/B0CDZTZ8Z3
DNAYDKIY	DNAYDKIY	amazon.com.au	HTTPS://WWW.AMAZON.COM.AU/DNAYDKIY-PLANT-WATERER-WATERING-GLOBES/DP/B0B3XY2YS1
DNEOUXI	DNEOUXI	amazon.com.au	HTTPS://WWW.AMAZON.COM.AU/DNEOUXI/B/REF=BL_DP_S_MW_17962993051?IE=UTF8&NODE=17962993051&FIELD-LBR_BRANDS_BROWSE-BIN=DNEOUXI
DOFORI	DOFORI	amazon.com.au	HTTPS://WWW.AMAZON.COM.AU/DOFORI-BLOCKING-GLASSES-AMBER-TINT-COMPUTER/DP/B09DWNVDRY
DOFOWOT	DOFOWOT	amazon.com.au	HTTPS://WWW.AMAZON.COM.AU/DOFOWOT-PROTECTION-WINDPROOF-UMBRELLAS-ANTI-REBOUND/DP/B0CKGZY4PD
DOFOWOT	DOFOWOT	amazon.com.au	HTTPS://WWW.AMAZON.COM.AU/DOFOWOT-ELECTRIC-MOSQUITO-SWATTER-RECHARGEABLE/DP/B0BRQSN6Q2
DOITPE	DOITPE	amazon.com.au	HTTPS://WWW.AMAZON.COM.AU/DOITPE-FISHING-LIFELIKE-SWIMBAIT-CRANKBAIT/DP/B07TRJMGG9
DOITXUE	DOITXUE	amazon.com.au	HTTPS://WWW.AMAZON.COM.AU/DOITXUE-ELECTRONICS-ORGANIZER-1PCS-SMALL-SUPPLIES/DP/B09PGJDLDQ
DOLEEYAE	DOLEEYAE	amazon.com.au	HTTPS://WWW.AMAZON.COM.AU/DOLEEYAE-CENTERPIECES-FLOWERS-DECORATIONS-HSL-GMHP-03/DP/B0BY2NDLSZ
DONGXIUB	DONGXIUB	amazon.com.au	HTTPS://WWW.AMAZON.COM.AU/DONGXIUB-WATERPROOF-LASTING-LIPSTICK-COSMETICS/DP/B0713VJC7P
DOOICLEAR	DOOICLEAR	amazon.com.au	HTTPS://WWW.AMAZON.COM.AU/DOOICLEAR-ACRYLIC-DISPLAY-PICTURE-MAGAZINE/DP/B0CX1NS518
DOSWODE	DOSWODE	amazon.com.au	HTTPS://WWW.AMAZON.COM.AU/DOSWODE-WATERPROOF-RAINCOAT-LIGHTWEIGHT-WINDBREAKER/DP/B07VCXDKS5
DOUBLESMT	DOUBLESMT	amazon.com.au	HTTPS://WWW.AMAZON.COM.AU/DOUBLESMT-CONDITIONER-CONNECTOR-CLOCKWISE-COUNTER-CLOCKWISE/DP/B07XF6B8LG
DOUZONI	DOUZONI	amazon.com.au	HTTPS://WWW.AMAZON.COM.AU/DOUZONI-SKYWARD-JAPANESE-COSPLAY-BLADE%EF%BC%8CSHEATHING%EF%BC%8C43INCH/DP/B0C39WN18C
DOYOMY	DOYOMY	amazon.com.au	HTTPS://WWW.AMAZON.COM.AU/DOYOMY-FRESHENERS-ACCESSORIES-SNEAKERHEAD-AUTOMOTIVE/DP/B0B77KXXNG
DPFQSKY	DPFQSKY	amazon.com.au	HTTPS://WWW.AMAZON.COM.AU/DPFQSKY-RETIREMENT-ADJUSTABLE-BASEBALL-EMBROIDERED/DP/B0D3ZBXJGN
DQINLIT	DQINLIT	amazon.com.au	HTTPS://WWW.AMAZON.COM.AU/DQINLIT-ELECTRIC-TRAINING-DETERRENT-SHOCK/DP/B09T2PM793
DREALIN	DREALIN	amazon.com.au	HTTPS://WWW.AMAZON.COM.AU/DREALIN-MILLING-WORKTABLE-ALUMINUM-PARALLEL-JAW/DP/B07K8HSXKP
DREAMSYARD	DREAMSYARD	amazon.com.au	HTTPS://WWW.AMAZON.COM.AU/DREAMSYARD-PORTABLE-FOLDING-COSMETIC-STANDING/DP/B07QRPN7ST
DSFDKG	DSFDKG	amazon.com.au	HTTPS://WWW.AMAZON.COM.AU/DSFDKG-KEYCHAIN-KEYRING-PRESENT-ACCESSORIES/DP/B0D3LQ3YKQ
DSKGSJH	DSKGSJH	amazon.com.au	HTTPS://WWW.AMAZON.COM.AU/DSKGSJH-MOUSEPAD-KEYBOARD-ACCESSORIES-31-5X15-7/DP/B0BQBNGJX9
DSKGSJH	DSKGSJH	amazon.com.au	HTTPS://WWW.AMAZON.COM.AU/DSKGSJH-STRAWBERRY-EXTENDED-KEYBOARD-31-5X15-75/DP/B0BXFJ7VGM
DSKGSJH	DSKGSJH	amazon.com.au	HTTPS://WWW.AMAZON.COM.AU/DSKGSJH-MOONLIGHT-FIREFLIES-AESTHETIC-31-5X15-75/DP/B0BXFCVHHS
DSKGSJH	DSKGSJH	amazon.com.au	HTTPS://WWW.AMAZON.COM.AU/DSKGSJH-MUSHROOM-MOUSEMATS-EXTENDED-31-5X15-75/DP/B0BXPVPDY3
DUCTURBO	DUCTURBO	amazon.com.au	HTTPS://WWW.AMAZON.COM.AU/DUCTURBO-VENTILATION-TRANSFER-BOOSTING-CONTROLLER/DP/B09WKN2Q3C
DUDIFFY	DUDIFFY	amazon.com.au	HTTPS://WWW.AMAZON.COM.AU/DUDIFFY-PORTABLE-CONDITIONERS-EVAPORATIVE-CONDITIONER/DP/B0CRH9SWFM
DUDULOVY	DUDULOVY	amazon.com.au	HTTPS://WWW.AMAZON.COM.AU/DUDULOVY-STIMULATION-INTERACTIVE-STIMULATING-ENRICHMENT/DP/B0BTX166B8
DUMCONDY	DUMCONDY	amazon.com.au	HTTPS://WWW.AMAZON.COM.AU/DUMCONDY-HALLOWEEN-WRISTBAND-ADJUSTABLE-ACCESSORIES/DP/B0BY924P1Z
DUTYWAND	DUTYWAND	amazon.com.au	HTTPS://WWW.AMAZON.COM.AU/DUTYWAND-PROPANE-IGNITER-IGNITING-BLOWTORCH/DP/B0D143ZSN9
DUYFIOA	DUYFIOA	amazon.com.au	HTTPS://WWW.AMAZON.COM.AU/REPLACEMENT-DUYFIOA-QUIETCOMFORT-QC35-LEATHER-BLACK/DP/B0CYSGV21R
DUYIHO	DUYIHO	amazon.com.au	HTTPS://WWW.AMAZON.COM.AU/DUYIHO-RECHARGEABLE-REFILLABLE-PEPPERCORN-ADJUSTABLE/DP/B0BWMTRNS4
DUYOYU	DUYOYU	amazon.com.au	HTTPS://WWW.AMAZON.COM.AU/DUYOYU-KIDS-PLANT-GROWING-KIT/DP/B0DKC3L71P
DXDDSDKS	DXDDSDKS	amazon.com.au	HTTPS://WWW.AMAZON.COM.AU/DXDDSDKS-PROTECTION-ADVANCED-UNIVERSAL-SUITABLE/DP/B08Y8KFZJL
DXGJOKR	DXGJOKR	amazon.com.au	HTTPS://WWW.AMAZON.COM.AU/DXGJOKR-CHECKERED-THROW-BLANKET-REVERSIBLE/DP/B0CSWL152X
DXJKDZA	DXJKDZA	amazon.com.au	HTTPS://WWW.AMAZON.COM.AU/DXJKDZA-BUILDING-CREATIVE-COMPATIBLE-BOTANICAL/DP/B0BFXQTY3C
DXLAC	DXLAC	amazon.com.au	HTTPS://WWW.AMAZON.COM.AU/DXLAC-KITCHEN-ORGANIZATION-VEGETABLE-STACKABLE/DP/B0C2BTYDK1
DYBADYSA	DYBADYSA	amazon.com.au	HTTPS://WWW.AMAZON.COM.AU/DYBADYSA-ORNAMENTS-DASHBOARD-DECORATIONS-TAKE-COPTER/DP/B08GKWTT9P
DYGSWIN	DYGSWIN	amazon.com.au	HTTPS://WWW.AMAZON.COM.AU/DYGSWIN-NON-SLIP-WATERPROOF-STITCHED-PRECISION/DP/B0BZNN3D36
DYNASTEAM	DYNASTEAM	amazon.com.au	HTTPS://WWW.AMAZON.COM.AU/DYNASTEAM-DS2000-WGS-STEAM-WEEDER-WHEELS/DP/B073R1LZTY
DYPINYISE	DYPINYISE	amazon.com.au	HTTPS://WWW.AMAZON.COM.AU/DYPINYISE-THICKENED-CLEANING-MICROFIBER-REUSABLE/DP/B0FKTJSMDS
DYTECUE	DYTECUE	amazon.com.au	HTTPS://WWW.AMAZON.COM.AU/DYTECUE-OSCILLATING-PORTABLE-CIRCULATION-OSCILLATION/DP/B0B3XDMDJP
DZSSCY	DZSSCY	amazon.com.au	HTTPS://WWW.AMAZON.COM.AU/DZSSCY-DISCONNECT-ACTUATOR-OPERATION-NEGATIVE/DP/B0BJNZTRP3
DZUEKOMI	DZUEKOMI	amazon.com.au	HTTPS://WWW.AMAZON.COM.AU/DZUEKOMI-AUTOMATIC-ADJUSTABLE-AROMATHERAPY-COMMERCIAL/DP/B0CC1HK156
EARLYHIGHTS	EARLYHIGHTS	amazon.com.au	HTTPS://WWW.AMAZON.COM.AU/EARLYHIGHTS-UNDERGROUND-INVISIBLE-ELECTRIC-CONTAINMENT/DP/B07DNJC15L
EASCHWORK	EASCHWORK	amazon.com.au	HTTPS://WWW.AMAZON.COM.AU/EASCHWORK-PROFESSIONAL-FLARING-DEGREE-COMPATIBLE/DP/B0FCM4X7GJ
EASYGNAL	EASYGNAL	amazon.com.au	HTTPS://WWW.AMAZON.COM.AU/EASYGNAL-MAGNETIC-HORSESHOE-STAINLESS-UNIVERSAL/DP/B08ZMD9D7L
EASYGNAL	EASYGNAL	amazon.com.au	HTTPS://WWW.AMAZON.COM.AU/EASYGNAL-FURNITURE-ELEVATOR-LOCATOR-WOODWORKING/DP/B09XJ59X1F
EASYSOAR	EASYSOAR	amazon.com.au	HTTPS://WWW.AMAZON.COM.AU/EASYSOAR-5-STEP-STAIRS-NON-SLIP-BOTTOM/DP/B0D12C64Z9
ECARBME	ECARBME	amazon.com.au	HTTPS://WWW.AMAZON.COM.AU/ECARBME-MASSAGER-TEMPERATURE-VIBRATION-RELAXATION/DP/B0D5H4J8VC
ECDIVJS	ECDIVJS	amazon.com.au	HTTPS://WWW.AMAZON.COM.AU/ECDIVJS-MUSHROOM-DIAMOND-PAINTING-PERFECT/DP/B0BZKZK7SF
ECWKVN	ECWKVN	amazon.com.au	HTTPS://WWW.AMAZON.COM.AU/ECWKVN-ORGANISER-PASSENGER-BACKSEAT-ORGANISER-VEHICLE/DP/B087JP3M3H
ED3SIZE	ED3SIZE	amazon.com.au	HTTPS://WWW.AMAZON.COM.AU/ED3SIZE-LIGHTWEIGHT-OUTDOOR-POCKETS-WORKOUT/DP/B09RSKCVVD
EDENCOMER	EDENCOMER	amazon.com.au	HTTPS://WWW.AMAZON.COM.AU/EDENCOMER-DESK-STORAGE-ADJUSTABLE-SPACE-SAVING/DP/B0CH3GF1CL
EDOSSA	EDOSSA	amazon.com.au	HTTPS://WWW.AMAZON.COM.AU/EDOSSA-PORTABLE-COSMETIC-CAPACITY-PROFESSIONAL/DP/B0C2KGT2JK
EDRLAITY	EDRLAITY	amazon.com.au	HTTPS://WWW.AMAZON.COM.AU/EDRLAITY-REPLACEMENT-BASKETBALL-10-25-WEATHER/DP/B09WGYHMFK
EDULNKE	EDULNKE	amazon.com.au	HTTPS://WWW.AMAZON.COM.AU/EDULNKE-COMPATIBLE-2016-2023-PROTECTIVE-ADAPTERS/DP/B0BYZ7V9MP
EDUMAISION	EDUMAISION	amazon.com.au	HTTPS://WWW.AMAZON.COM.AU/PATCHES-WELLKNEE-PATCH-WORMWOOD-EXTRACT/DP/B0CC8S45WT
EEATOUR	EEATOUR	amazon.com.au	HTTPS://WWW.AMAZON.COM.AU/EEATOUR-DECORATION-BACKDROP-BACKGROUND-DECORATIONS/DP/B0BS67K27R
EFILRA	EFILRA	amazon.com.au	HTTPS://WWW.AMAZON.COM.AU/EFILRA-MULTI-POCKET-JAPANESE-HANDMADE-CROSSBODY/DP/B0DRYGPTYC
EFILRA	EFILRA	amazon.com.au	HTTPS://WWW.AMAZON.COM.AU/EFILRA-MULTI-POCKET-JAPANESE-HANDMADE-CROSSBODY/DP/B0BQB7WH4K
EHONXI	EHONXI	amazon.com.au	HTTPS://WWW.AMAZON.COM.AU/EHONXI-PRINTER-STAND-STORAGE-4-TIER/DP/B0C9TCRK9S
EITIPOK	EITIPOK	amazon.com.au	HTTPS://WWW.AMAZON.COM.AU/EITIPOK-%F0%9D%90%81%F0%9D%90%A5%F0%9D%90%AE%F0%9D%90%9E%F0%9D%90%AD%F0%9D%90%A8%F0%9D%90%A8%F0%9D%90%AD%F0%9D%90%A1-%F0%9D%90%93%F0%9D%90%AB%F0%9D%90%9A%F0%9D%90%A7%F0%9D%90%AC%F0%9D%90%A6%F0%9D%90%A2%F0%9D%90%AD%F0%9D%90%AD%F0%9D%90%9E%F0%9D%90%AB-%F0%9D%90%91%F0%9D%90%9E%F0%9D%90%9C%F0%9D%90%9E%F0%9D%90%A2%F0%9D%90%AF%F0%9D%90%9E%F0%9D%90%AB-%F0%9D%90%83%F0%9D%90%A2%F0%9D%90%AC%F0%9D%90%A9%F0%9D%90%A5%F0%9D%90%9A%F0%9D%90%B2/DP/B0CL6GL3C7
EKKIPLOI	EKKIPLOI	amazon.com.au	HTTPS://WWW.AMAZON.COM.AU/EKKIPLOI-BEDROOM-BUTTON-DIMMABLE-NIGHTSTAND-INCLUDED/DP/B0CDGG779V
ELECINNOV	ELECINNOV	amazon.com.au	HTTPS://WWW.AMAZON.COM.AU/INFLATING-ELECINNOV-ULTRATHICK-BACKPACKING-LIGHTWEIGHT/PRODUCT-REVIEWS/B0B5X39Q3T
ELECINNOV	ELECINNOV	amazon.com.au	HTTPS://WWW.AMAZON.COM.AU/INFLATING-ELECINNOV-ULTRATHICK-BACKPACKING-LIGHTWEIGHT/DP/B0B5X39Q3T
ELEZOO	ELEZOO	amazon.com.au	HTTPS://WWW.AMAZON.COM.AU/ELEZOO-LEATHER-AUTOMATIC-BUCKLE-RATCHET/DP/B0BG8B6FR7
ELLENSAMQI	ELLENSAMQI	amazon.com.au	HTTPS://WWW.AMAZON.COM.AU/ELLENSAMQI-VANITY-MODERN-DRESSING-MAKEUP/DP/B09TYZZPM4
ELLUNYO	ELLUNYO	amazon.com.au	HTTPS://WWW.AMAZON.COM.AU/UNIVERSAL-CLIP-ON-TOWING-MIRRORS/DP/B0CD2QDLC5
ELSEGEOD	ELSEGEOD	amazon.com.au	HTTPS://WWW.AMAZON.COM.AU/ELSEGEOD-BACKPACK-BUSINESS-ANTI-THEFT-COMPUTER/DP/B0BRZZ21SK
ELYASPEDY	ELYASPEDY	amazon.com.au	HTTPS://WWW.AMAZON.COM.AU/ELYASPEDY-SANDING-BLOCK-FLEXIBLE-AUTO/DP/B0CYZHG5MX
EMATECABLE	EMATECABLE	amazon.com.au	HTTPS://WWW.AMAZON.COM.AU/EMATECABLE-HDMI-2-1-SWITCH-SPLITTER/DP/B0CN2FYL8F
EMOGGOKI	EMOGGOKI	amazon.com.au	HTTPS://WWW.AMAZON.COM.AU/EMOGGOKI-DECORATIVE-BOHEMIAN-BLANKETS-DOUBLE-SIDED/DP/B0C4D7DHX5
ENARIT	ENARIT	amazon.com.au	HTTPS://WWW.AMAZON.COM.AU/ENARIT-BLACKHEAD-MEGAPIXELS-MICROSCOPE-RECHARGEABLE/DP/B08BZSMMYL
ENARIT	ENARIT	amazon.com.au	HTTPS://WWW.AMAZON.COM.AU/ENARIT-BLACKHEAD-ELECTRIC-DIFFERENT-RECHARGEABLE/DP/B0885Z1LSW
ENDLILI	ENDLILI	amazon.com.au	HTTPS://WWW.AMAZON.COM.AU/ENDLILI-ACCESSORIES-REPLACEMENT-FLAMMABLE-PARCHMENT/DP/B0BW2D9D9B
ENERFUN	ENERFUN	amazon.com.au	HTTPS://WWW.AMAZON.COM.AU/ENERFUN-FILAMENT-FILAMENTS-WORKSHOPS-EQUIPMENT/DP/B0DLSS34H3
ENIMIB	ENIMIB	amazon.com.au	HTTPS://WWW.AMAZON.COM.AU/ENIMIB-OVERSIZED-LIGHTWEIGHT-MICROFIBER-PURPLISH/DP/B0BVQYGDJY
ENPOSMRE	ENPOSMRE	amazon.com.au	HTTPS://WWW.AMAZON.COM.AU/INDOORS-OUTDOOR-STRIPS-HANGING-CATCHER/DP/B09QJ2N2QV
ENZOKEN	ENZOKEN	amazon.com.au	HTTPS://WWW.AMAZON.COM.AU/ZERO-REPLACEMENT-WINIX-PRO-AUS-1250AZPU/DP/B0BHZSD519
EOANWU	EOANWU	amazon.com.au	HTTPS://WWW.AMAZON.COM.AU/OUTDOOR-EXTERIOR-GOOSENECK-FARMHOUSE-COURTYARD/DP/B09NVKGRR9
EONYEA	EONYEA	amazon.com.au	HTTPS://WWW.AMAZON.COM.AU/EONYEA-BALLOON-DECORATIVE-DESKTOP-LIVING/DP/B0BXWXK533
EPESOWARE	EPESOWARE	amazon.com.au	HTTPS://WWW.AMAZON.COM.AU/ELEPHANCE-MONITOR-ADJUSTABLE-COMPUTER-ORGANIZER/DP/B08V54WR4H
EPUSHUS	EPUSHUS	amazon.com.au	HTTPS://WWW.AMAZON.COM.AU/EPUSHUS-TENNIS-HOPPER-HOLDS-BALLS/DP/B0C59PQJBN
ERGOTUNE	ERGOTUNE	amazon.com.au	HTTPS://WWW.AMAZON.COM.AU/ERGOTUNE-SUPREME-ERGONOMIC-OFFICE-CHAIR/DP/B09RMPP7YL
ERINAIK	ERINAIK	amazon.com.au	HTTPS://WWW.AMAZON.COM.AU/ERINAIK-ENCLOSED-LITTER-STAINLESS-STEEL/DP/B0DJQGB5K4
ERONLI	ERONLI	amazon.com.au	HTTPS://WWW.AMAZON.COM.AU/ERONLI-WIRELESS-CHARGING-STATION-COMPATIBLE/DP/B09Y9D1WF9
ESAYENDDER	ESAYENDDER	amazon.com.au	HTTPS://WWW.AMAZON.COM.AU/ESAYENDDER-STAINLESS-DUMBBELL-FITNESS-SPORTS/DP/B0DQPG8N27
ESBOLM	ESBOLM	amazon.com.au	HTTPS://WWW.AMAZON.COM.AU/ESBOLM-SILVERWARE-ORGANIZER-COMPARTMENTS-RUST-PROOF/DP/B0C1CFQKH9
ESNNIE	ESNNIE	amazon.com.au	HTTPS://WWW.AMAZON.COM.AU/ESNNIE-ELECTRIC-SCREWDRIVER-SMALL-CORDLESS/DP/B0D4B4GSXP
ESNNIE	ESNNIE	amazon.com.au	HTTPS://WWW.AMAZON.COM.AU/ESNNIE-ASPIRATOR-ELECTRIC-AUTOMATIC-ADJUSTABLE/DP/B0D8FZWGK7
ESSAJOY	ESSAJOY	amazon.com.au	HTTPS://WWW.AMAZON.COM.AU/ESSAJOY/B/REF=BL_DP_S_MW_13583903051?IE=UTF8&NODE=13583903051&FIELD-LBR_BRANDS_BROWSE-BIN=ESSAJOY
ESZNUOKY	ESZNUOKY	amazon.com.au	HTTPS://WWW.AMAZON.COM.AU/ESZNUOKY-REMOVAL-UPGRADED-TRIMMER-STAINLESS/DP/B0BS9834SP
EURGANT	EURGANT	amazon.com.au	HTTPS://WWW.AMAZON.COM.AU/EURGANT-KITCHEN-STORAGE-CABINET-COUNTERTOP/DP/B0BZNQQV9F
EUTY	EUTY	amazon.com.au	HTTPS://WWW.AMAZON.COM.AU/EUTY/DP/B099N846K6
EVEDMOT	EVEDMOT	amazon.com.au	HTTPS://WWW.AMAZON.COM.AU/EVEDMOT-TENDERIZER-STAINLESS-SUITABLE-CLEANING/DP/B0BY6Y4D4B
EVNIYN	EVNIYN	amazon.com.au	HTTPS://WWW.AMAZON.COM.AU/EVNIYN-STROLLER-ADJUSTABLE-STROLLERS-BREATHABLE/DP/B0CB2M4VRX
EVYTTA	EVYTTA	amazon.com.au	HTTPS://WWW.AMAZON.COM.AU/TANNING-EVYTTA-TANNER-APPLICATOR-MITTEN/DP/B091Y3CV4W
EXPLITE	EXPLITE	amazon.com.au	HTTPS://WWW.AMAZON.COM.AU/RECHARGEABLE-MAGNETIC-FLASHLIGHT-POWERFUL-EMERGENCY/DP/B0C1YZDRW9
EXPLITE	EXPLITE	amazon.com.au	HTTPS://WWW.AMAZON.COM.AU/EXPLITE-RECHARGEABLE-FLASHLIGHT-FLASHLIGHTS-EMERGENCY/DP/B0CDPHCTQG
EXQUAILTY	EXQUAILTY	amazon.com.au	HTTPS://WWW.AMAZON.COM.AU/EXQUAILTY-GARDENING-DECORATION-FIGURINES-CHARMINGLY/DP/B09156R2J4
EYILAI	EYILAI	amazon.com.au	HTTPS://WWW.AMAZON.COM.AU/EYILAI-BEGINNING-BACKGROUND-DECORATIVE-24%C3%9736INCH/DP/B095JRNXLF
EZEEFONK	EZEEFONK	amazon.com.au	HTTPS://WWW.AMAZON.COM.AU/EZEEFONK-%C3%AF%C2%BC%C3%8B%E2%80%A058-5-%C3%AF%C2%BC%C3%852PCS%C3%AF%C2%BC%C3%A2%E2%82%AC%C2%B0100-BLACKOUT-NURSERIES-LIGHT/DP/B0BD6N4MQY
EZEKMAF	EZEKMAF	amazon.com.au	HTTPS://WWW.AMAZON.COM.AU/EZEKMAF-PORTFOLIO-SKETCHBOOK-WATERPROOF-PROTECTOR/DP/B0B2MKRZLB
EZWOKS	EZWOKS	amazon.com.au	HTTPS://WWW.AMAZON.COM.AU/EZWOKS-ADJUSTABLE-GRABBING-ROLLERS-CAPACITY/DP/B0CC4KLNVX
FABSELECTION	FABSELECTION	amazon.com.au	HTTPS://WWW.AMAZON.COM.AU/FABSELECTION-DRAWSTRING-RESISTANT-SHOULDER-ORGANIZER/DP/B0FGPBNW5G
FABSELECTION	FABSELECTION	amazon.com.au	HTTPS://WWW.AMAZON.COM.AU/OUTDOOR-WATERPROOF-FABSELECTION-DECORATIVE-DECORATION/DP/B077QRKL5P
FACAXEDRE	FACAXEDRE	amazon.com.au	HTTPS://WWW.AMAZON.COM.AU/FACAXEDRE-SLIPPERS-INDOOR-OUTDOOR-CUSHION/DP/B0DFQ9146T
FAESHOO	FAESHOO	amazon.com.au	HTTPS://WWW.AMAZON.COM.AU/FAESHOO-TIMBERJACK-ADJUSTABLE-LOGGING-ROLLERS/DP/B0CP3PY4GJ
FAETKLC	FAETKLC	amazon.com.au	HTTPS://WWW.AMAZON.COM.AU/FAETKLC-ACCESSORIES-ADJUSTABLE-CARABINER-SWINGSET/DP/B0CBK9BJLR
FAETKLC	FAETKLC	amazon.com.au	HTTPS://WWW.AMAZON.COM.AU/FAETKLC-ZIPLINE-SLACKLINE-BACKYARD-ACCESSORIES/DP/B0B9RGML15
FAFAFULAI	FAFAFULAI	amazon.com.au	HTTPS://WWW.AMAZON.COM.AU/FAFAFULAI-ORTHOPEDIC-WATERPROOF-REMOVABLE-WASHABLE/DP/B0CS9WWX9S
FAGHTO	FAGHTO	amazon.com.au	HTTPS://WWW.AMAZON.COM.AU/FAGHTO-RANGEFINDER-ACCURACY-PYTHAGOREAN-MEASUREMENT/DP/B0CQJK314M
FAKOIDAT	FAKOIDAT	amazon.com.au	HTTPS://WWW.AMAZON.COM.AU/FAKOIDAT-DIATOMITE-QUICK-DRYING-ABSORBENT-23-5X15-5/DP/B0BTT4WXP9
FANRUIQI	FANRUIQI	amazon.com.au	HTTPS://WWW.AMAZON.COM.AU/HEADREST-VIBRATING-SUITABLE-COMPUTER-WHEELCHAIR/DP/B09KQ71J7N
FARCADY	FARCADY	amazon.com.au	HTTPS://WWW.AMAZON.COM.AU/FARCADY-ENAMEL-WOODEN-SUITABLE-HEATING/DP/B09C5QJC2X
FARCADY	FARCADY	amazon.com.au	HTTPS://WWW.AMAZON.COM.AU/FARCADY-ENAMEL-INSULATED-WOODEN-SAUCEPAN/DP/B0DK71CQYR
FARUIFETT	FARUIFETT	amazon.com.au	HTTPS://WWW.AMAZON.COM.AU/FARUIFETT-TEMPERED-36-46-EFFORTLESS/DP/B0BFGGTV1V
FASTMOMENT	FASTMOMENT	amazon.com.au	HTTPS://WWW.AMAZON.COM.AU/FASTMOMENT/B/REF=BL_DP_S_MW_23105101051?IE=UTF8&NODE=23105101051&FIELD-LBR_BRANDS_BROWSE-BIN=FASTMOMENT
FAVOWREATH	FAVOWREATH	amazon.com.au	HTTPS://WWW.AMAZON.COM.AU/FAVOWREATH-HANDMADE-SUNFLOWER-GRAPEVINE-FIREPLACE/DP/B088D2D41M
FAWESKIY	FAWESKIY	amazon.com.au	HTTPS://WWW.AMAZON.COM.AU/FAWESKIY-TIMER-CLOCK-TABATA-EMOM/DP/B0FP2WKY5M
FAYLOCH	FAYLOCH	amazon.com.au	HTTPS://WWW.AMAZON.COM.AU/FAYLOCH-ANTI-WIND-SHELTER-PORTABLE-OUTDOOR/DP/B09PZ7QB9Y
FAYMIZSA	FAYMIZSA	amazon.com.au	HTTPS://WWW.AMAZON.COM.AU/FAYMIZSA-GAUGE-SET-COLOR-SPEEDOMETER/DP/B0CSXZYC1S
FCLAYVTS	FCLAYVTS	amazon.com.au	HTTPS://WWW.AMAZON.COM.AU/FCLAYVTS-SCENTED-TEALIGHT-AROMATHERAPY-EMERGENCY/DP/B0CM98J5XN
FEAYA	FEAYA	amazon.com.au	HTTPS://WWW.AMAZON.COM.AU/FEAYA-SUMMER-WEDDING-PIECES-SHORTS/DP/B07VNJJ74G
FEBHBRQ	FEBHBRQ	amazon.com.au	HTTPS://WWW.AMAZON.COM.AU/GOOSENECK-WEBCAM-TELEWORKING-LIVE-STREAMING-LOGITECH/DP/B08HKTZBC8
FEELCOO	FEELCOO	amazon.com.au	HTTPS://WWW.AMAZON.COM.AU/FEELCOO-NTV001-NIPPLE-TOYS-VIBRATOR/DP/B0CBX1PS9Q
FEINASU	FEINASU	amazon.com.au	HTTPS://WWW.AMAZON.COM.AU/CLASSIC-KEYCHAIN-WRISTLET-LANYARD-ACCESSORIES/DP/B0C1GS5XBF
FEISHIBANG	FEISHIBANG	amazon.com.au	HTTPS://WWW.AMAZON.COM.AU/FEISHIBANG-RESISTANCE-BASKETBALL-EQUIPMENT-STRENGTHEN/DP/B086C37884
FEMCERY	FEMCERY	amazon.com.au	HTTPS://WWW.AMAZON.COM.AU/FEMCERY-CELLULITE-MASSAGER-SLIMMING-CIRCULATION/DP/B07NS4C7TF
FENDIROCIK	FENDIROCIK	amazon.com.au	HTTPS://WWW.AMAZON.COM.AU/FENDIROCIK-YELLOWISH-RIGHT-HANDED-CONFIGURATION-FRETBOARD/DP/B0BKQ975TB
FENDIROCIK	FENDIROCIK	amazon.com.au	HTTPS://WWW.AMAZON.COM.AU/22FRET-ELECTRIC-GUITAR-CANADIAN-ROASTED/DP/B0B6TVG53M
FENDIROCIK	FENDIROCIK	amazon.com.au	HTTPS://WWW.AMAZON.COM.AU/FENDIROCIK-24FRET-GUITAR-FRETBOARD-COLORED/DP/B09YY4HT2Y
FENGYUEKE	FENGYUEKE	amazon.com.au	HTTPS://WWW.AMAZON.COM.AU/FENGYUEKE-ANTI-COLLISION-UPHOLSTERED-DECORATIVE-PROTECTION/DP/B0B7NWZJPQ
FENGZHITAO	FENGZHITAO	amazon.com.au	HTTPS://WWW.AMAZON.COM.AU/FENGZHITAO-SELF-WATERING-AUTOMATIC-WATERING-SQUARE-PLANT-POT-SUCCULENTS/DP/B07MZLBHTC
FENQDOOU	FENQDOOU	amazon.com.au	HTTPS://WWW.AMAZON.COM.AU/STORAGE-COLLAPSIBLE-CUPBOARDS-WARDROBE-BATHROOM/DP/B0BBG7SP95
FERSTNOR	FERSTNOR	amazon.com.au	HTTPS://WWW.AMAZON.COM.AU/FERSTNOR-UNIVERSAL-COMPATIBLE-MICROFIBRE-INSTALLATION/DP/B09K6HNK77
FFNIU730	FFNIU730	amazon.com.au	HTTPS://WWW.AMAZON.COM.AU/FFNIU730-ADJUSTABLE-TIES%EF%BC%8CCOIR-EXTENSION-CLIMBING/DP/B083TL8VBN
FGDCHNJ	FGDCHNJ	amazon.com.au	HTTPS://WWW.AMAZON.COM.AU/FGDCHNJ-STANDARD-CONNECTOR-PRESSURE-HOLDER/DP/B0BMQCTTKP
FGDCHNJ	FGDCHNJ	amazon.com.au	HTTPS://WWW.AMAZON.COM.AU/FGDCHNJ-PRESSURE-WASHER-FOAM-CANNON/DP/B09L7QCTNH
FGDCHNJ	FGDCHNJ	amazon.com.au	HTTPS://WWW.AMAZON.COM.AU/FGDCHNJ-TRANSPARENT-PROFESSIONAL-MULTIFUNCTIONAL-ACCESSORIES/DP/B0CTBXJTDW
FHSKFH	FHSKFH	amazon.com.au	HTTPS://WWW.AMAZON.COM.AU/FHSKFH-SINK-SPLASH-GUARD-COUNTERTOP/DP/B09Y1TNTVR
FHTDAW	FHTDAW	amazon.com.au	HTTPS://WWW.AMAZON.COM.AU/FHTDAW-GENERATION-BREATHABLE-ZERO-GRAVITY-ELASTICITY/DP/B09MSK9N38
FHTDAW	FHTDAW	amazon.com.au	HTTPS://WWW.AMAZON.COM.AU/FHTDAW-UNDERLAY-WATERPROOF-QUICK-DRYING-DEODORANT/DP/B09MSJJLXF
FICHENY	FICHENY	amazon.com.au	HTTPS://WWW.AMAZON.COM.AU/FICHENY-PROP-COPY-PIECES-MOVIE/DP/B0BTMJ1MSS
FIETODK	FIETODK	amazon.com.au	HTTPS://WWW.AMAZON.COM.AU/FIETODK-FRESHENERS-DIFFUSERS-ESSENTIAL-AUTOMOTIVE/DP/B0CYHJC5DX
FIEWMAY	FIEWMAY	amazon.com.au	HTTPS://WWW.AMAZON.COM.AU/FIEWMAY-PLOPPING-DRYING-CURLY-HAIR/DP/B0CTC2M29J
FIFATA	FIFATA	amazon.com.au	HTTPS://WWW.AMAZON.COM.AU/FIFATA-HANGERS-SPACE-SAVING-CLOTHES/DP/B07VK71C23
FIJBOO	FIJBOO	amazon.com.au	HTTPS://WWW.AMAZON.COM.AU/FIJBOO-INSTANT-CAMERA-PRINTING-MEMORY/DP/B0CQQ1Q3TX
FINDAMAZE	FINDAMAZE	amazon.com.au	HTTPS://WWW.AMAZON.COM.AU/FINDAMAZE-SUNGLASSES-ORGANIZER-EYEGLASSES-GRAY-LONG/DP/B0BRS5G8F6
FINDSLINX	FINDSLINX	amazon.com.au	HTTPS://WWW.AMAZON.COM.AU/FINDSLINX-WETSUIT-NEOPRENE-SNORKELING-SWIMMING/DP/B091BPYD1P
FINDYOULED	FINDYOULED	amazon.com.au	HTTPS://WWW.AMAZON.COM.AU/STORES/FINDYOULED/PAGE/58322941-D18C-418B-B352-346BD23BFF41?REF_=AST_BLN
FIRDNYOHS	FIRDNYOHS	amazon.com.au	HTTPS://WWW.AMAZON.COM.AU/FIRDNYOHS-BURNING-EMITTER-REPLACEMENT-PARTS/DP/B0CSBX457V
FIRDNYOHS	FIRDNYOHS	amazon.com.au	HTTPS://WWW.AMAZON.COM.AU/FIRDNYOHS-REFLECTOR-REPLACEMENT-4-SIDED-DISTANCE/DP/B0CSBX4W6S
FIRRKEP	FIRRKEP	amazon.com.au	HTTPS://WWW.AMAZON.COM.AU/FIRRKEP-GRIMACE-COSTUME-INFLATABLE-HALLOWEEN/DP/B0CF7QW4X6
FITOPHORIA	FITOPHORIA	amazon.com.au	HTTPS://WWW.AMAZON.COM.AU/FITOPHORIA-POSTURE-CORRECTOR-WOMEN-MEN/DP/B07F5R1NMD
FLEEROSE	FLEEROSE	amazon.com.au	HTTPS://WWW.AMAZON.COM.AU/FLEEROSE-CPC-CERTIFIED-ERGONOMIC-BREATHABLE-MATERIALS/DP/B0C73N25K8
FLEEROSE	FLEEROSE	amazon.com.au	HTTPS://WWW.AMAZON.COM.AU/FLEEROSE-ERGONOMIC-BREATHABLE-MATERIALS-POSITIONS/DP/B0BVTZ7PWQ
FLEIYD	FLEIYD	amazon.com.au	HTTPS://WWW.AMAZON.COM.AU/FLEIYD-DYNAMITE-BLANKET-BLANKETS-FURNISHING/DP/B09N7L3QRX
FLICINECRT	FLICINECRT	amazon.com.au	HTTPS://WWW.AMAZON.COM.AU/FLICINECRT-BUILDING-CREATOR-ARCHITECTURE-2666PCS/DP/B0D4PB4YTT
FLORAUSPICIOUS	FLORAUSPICIOUS	amazon.com.au	HTTPS://WWW.AMAZON.COM.AU/FLORAUSPICIOUS-CHINESE-MAHJONG-SET-GATHERING/DP/B0CF4CLZMB
FLORAUSPICIOUS	FLORAUSPICIOUS	amazon.com.au	HTTPS://WWW.AMAZON.COM.AU/FLORAUSPICIOUS-CHINESE-MAHJONG-SET-GATHERING/DP/B0BH44F942
FLOWFLEX	FLOWFLEX	amazon.com.au	HTTPS://WWW.AMAZON.COM.AU/FLOWFLEX/S?K=FLOWFLEX
FLRHSJX	FLRHSJX	amazon.com.au	HTTPS://WWW.AMAZON.COM.AU/STORAGE-NEEDLES-PORTABLE-EMBROIDERY-VINTAGE/DP/B095L2S2S1
FLYWRUN	FLYWRUN	amazon.com.au	HTTPS://WWW.AMAZON.COM.AU/MAGNETIC-PINCUSHIONS-WRISTBAND-STAINLESS-ALLIGATOR/DP/B0995N46M2
FNRMOM	FNRMOM	amazon.com.au	HTTPS://WWW.AMAZON.COM.AU/FNRMOM-ANIME-IPHONE-ANTI-SCRATCH-SHOCKPROOF/DP/B0CQC5QF3V
FNRMOM	FNRMOM	amazon.com.au	HTTPS://WWW.AMAZON.COM.AU/FNRMOM-ANIME-IPHONE-ANTI-SCRATCH-SHOCKPROOF/DP/B0CQC7TBGN
FNRMOM	FNRMOM	amazon.com.au	HTTPS://WWW.AMAZON.COM.AU/FNRMOM-IPHONE-13-ANTI-SCRATCH-SHOCKPROOF/DP/B0CQC9PPJ9
FNRMOM	FNRMOM	amazon.com.au	HTTPS://WWW.AMAZON.COM.AU/FNRMOM-IPHONE-15-ANTI-SCRATCH-SHOCKPROOF/DP/B0CQC7DD53
FOBIANJIE	FOBIANJIE	amazon.com.au	HTTPS://WWW.AMAZON.COM.AU/FOBIANJIE-GENERATION-PROTECTIVE-ANTI-SCRATCH-ANTI-BUBBLE/DP/B0DPHD67ZY
FOCONEE	FOCONEE	amazon.com.au	HTTPS://WWW.AMAZON.COM.AU/FOCONEE-CUSHION-SILICONE-ANTI-SLIP-PROTECTOR/DP/B07NYYLYBY
FOHOA	FOHOA	amazon.com.au	HTTPS://WWW.AMAZON.COM.AU/STORES/FOHOA/PAGE/D269B546-4E20-4F22-977E-D05403752CD3
FOHOA	FOHOA	amazon.com.au	HTTPS://WWW.AMAZON.COM.AU/ELECTRIC-PORTABLE-STAINLESS-CONTAINER-MICROWAVE/DP/B0CFPTPM2V
FOKAUIWO	FOKAUIWO	amazon.com.au	HTTPS://WWW.AMAZON.COM.AU/FOKAUIWO-INCHES-CATNIP-GIANT-TEETHING/DP/B0C7GN336N
FOOOTCU	FOOOTCU	amazon.com.au	HTTPS://WWW.AMAZON.COM.AU/FOOOTCU-MASSAGER-VIBRATION-PEDICURE-TEMPERATURE/DP/B0D8VY1KXB
FOQUALY	FOQUALY	amazon.com.au	HTTPS://WWW.AMAZON.COM.AU/FOQUALY-COLLAPSIBLE-30-37-42/DP/B0DXQ96N3Q
FORALEBEN	FORALEBEN	amazon.com.au	HTTPS://WWW.AMAZON.COM.AU/FORALEBEN-CARPORT-REPLACEMENT-SHELTER-INCLUDED/DP/B0CFPQVGZR
FORTHCAN	FORTHCAN	amazon.com.au	HTTPS://WWW.AMAZON.COM.AU/FORTHCAN/B/REF=BL_DP_S_MW_7499898051?IE=UTF8&NODE=7499898051&FIELD-LBR_BRANDS_BROWSE-BIN=FORTHCAN
FOUDOUR	FOUDOUR	amazon.com.au	HTTPS://WWW.AMAZON.COM.AU/FOUDOUR-HUMIDIFIERS-TERRARIUMS-RAINFOREST-CONTROLLER/DP/B0BBPSYK1S
FOUTLQ	FOUTLQ	amazon.com.au	HTTPS://WWW.AMAZON.COM.AU/FOUTLQ-BATHROOM-FOLDABLE-LAVATORY-ALUMINUM/DP/B0BXD9N8GD
FOUWICK	FOUWICK	amazon.com.au	HTTPS://WWW.AMAZON.COM.AU/FOUWICK-PLAYPEN-DESIGNED-EXPANDABLE-PANELS-PERFECT/DP/B0F5PHRRG3
FOXTSPORT	FOXTSPORT	amazon.com.au	HTTPS://WWW.AMAZON.COM.AU/CLEANSING-FOXTSPORT-VIBRATION-WATERPROOF-RECHARGEABLE/DP/B07SV25RWC
FOZUBOYO	FOZUBOYO	amazon.com.au	HTTPS://WWW.AMAZON.COM.AU/MAGNETIC-TIEBACKS-SPARKLING-HIGH-ELASTIC-DECORATION/DP/B0BPRYJF9D
FQXESMHG	FQXESMHG	amazon.com.au	HTTPS://WWW.AMAZON.COM.AU/FQXESMHG-TRANSPARENT-DUSTPROOF-PROTECTION-REMOVABLE/DP/B0C4XSQ4KR
FRAFUO	FRAFUO	amazon.com.au	HTTPS://WWW.AMAZON.COM.AU/FRAFUO-DRIVE-USB-DRIVES-SLIM-DRIVE-5GBPS-DRIVE-PORTABLE/DP/B0D6XSW8W3
FRCAIUTOS	FRCAIUTOS	amazon.com.au	HTTPS://WWW.AMAZON.COM.AU/FRCAIUTOS-CARBIDE-SCRIBER-TUNGSTEN-REPLACEMENT/DP/B0C6T1HF9G
FRCAIUTOS	FRCAIUTOS	amazon.com.au	HTTPS://WWW.AMAZON.COM.AU/PIECES-TOILET-HANDLE-LIFTER-RESTAURANT/DP/B09LQPC2PX
FSCGIFE	FSCGIFE	amazon.com.au	HTTPS://WWW.AMAZON.COM.AU/FSCGIFE-BED-WEDGE-PILLOW-SLEEPING/DP/B0CKVS6B7X
FSLGEFUL	FSLGEFUL	amazon.com.au	HTTPS://WWW.AMAZON.COM.AU/FSLGEFUL-ADHESIVE-CURTAIN-TRACK-DRILLING/DP/B0C1P8WQYK
FSZMAN	FSZMAN	amazon.com.au	HTTPS://WWW.AMAZON.COM.AU/FSZMAN-STYLE-EYELASH-CURLER-REPLACEMENT/DP/B0CLD4R51L
FUCOPALES	FUCOPALES	amazon.com.au	HTTPS://WWW.AMAZON.COM.AU/FUCOPALES-PIECE-POKEMON-SAPPHIRE-VERSION/DP/B0C5LJBNLW
FUFIBWOESAN	FUFIBWOESAN	amazon.com.au	HTTPS://WWW.AMAZON.COM.AU/DIAMOND-PAINTING-DECORATION-CHILDRENS-SWB-005/DP/B08TMMT9W6
FULSURGUS	FULSURGUS	amazon.com.au	HTTPS://WWW.AMAZON.COM.AU/FULSURGUS-REUSABLE-FOLDABLE-GROCERIES-LIGHTWEIGHT/DP/B0BNP21162
FULUSOR	FULUSOR	amazon.com.au	HTTPS://WWW.AMAZON.COM.AU/FULUSOR-POWER-TWISTER-EXERCISE-STRENGTHENER/DP/B0B78BRKXY
FUNTABEE	FUNTABEE	amazon.com.au	HTTPS://WWW.AMAZON.COM.AU/FUNTABEE-OVERSIZED-VINTAGE-NON-TICKING-FARMHOUSE/DP/B081S69HDD
FUNTALKER	FUNTALKER	amazon.com.au	HTTPS://WWW.AMAZON.COM.AU/FUNTALKER-BACKPACKING-NAVIGATION-ORIENTEERING-TREKKING/DP/B08FBL4C59
FURDUZZ	FURDUZZ	amazon.com.au	HTTPS://WWW.AMAZON.COM.AU/STORES/FURDUZZ/PAGE/D85BBCAA-3230-4AB3-8C6C-32A89B1767D4
FXBH	FXBH	amazon.com.au	HTTPS://WWW.AMAZON.COM.AU/SURGERY-PATIENTS-RETINAL-DETACHMENT-INFLATABLE/DP/B09Q5TPRRT
FXBZA	FXBZA	amazon.com.au	HTTPS://WWW.AMAZON.COM.AU/FXBZA-RECTANGULAR-TABLECLOTH-130X180CM-WRINKLES/DP/B0DC6H95BQ
FXEEXD	FXEEXD	amazon.com.au	HTTPS://WWW.AMAZON.COM.AU/FXEEXD-PORTABLE-BEGINNERS-POWERED-SUPPLIED/DP/B09V28SVJD
FYBREX	FYBREX	amazon.com.au	HTTPS://WWW.AMAZON.COM.AU/THICKNESS-FYBREX-TEXTURED-BREAKAGE-RESISTANCE/DP/B074NZ4TK1
FZFEIYY	FZFEIYY	amazon.com.au	HTTPS://WWW.AMAZON.COM.AU/FZFEIYY-CERAMIC-INDOORS-OUTDOORS-DRAINAGE/DP/B0CRDVPYZ7
G56991	G56991	amazon.com.au	HTTPS://WWW.AMAZON.COM.AU/GABRIEL-G56991-ULTRA-READYMOUNT-PACK/DP/B006ZJ1S56
GADMEXILY	GADMEXILY	amazon.com.au	HTTPS://WWW.AMAZON.COM.AU/GADMEXILY-KEYCHAIN-CLASSROOM-BIRTHDAY-CHRISTMAS/DP/B0B25SFM3W
GAGMKXN	GAGMKXN	amazon.com.au	HTTPS://WWW.AMAZON.COM.AU/GAGMKXN-SUPER-WHITE-STRETCHING-SPIDER-WEB/DP/B0B83Q7HB7
GAOXUN	GAOXUN	amazon.com.au	HTTPS://WWW.AMAZON.COM.AU/GAOXUN-CONTROL-COMPATIBLE-ASSISTANT-BEDROOM/DP/B0C436GFYP
GARKALY	GARKALY	amazon.com.au	HTTPS://WWW.AMAZON.COM.AU/GARKALY-HIGHLAND-COW-SCOTTISH-REALISTIC/DP/B0CHBFSLM9
GARQITWAN	GARQITWAN	amazon.com.au	HTTPS://WWW.AMAZON.COM.AU/GARQITWAN-MULTIPURPOSE-CAMPERVAN-SOLUTIONS-MOTORHOME/DP/B0CXM8P2X1
GATHERSKY	GATHERSKY	amazon.com.au	HTTPS://WWW.AMAZON.COM.AU/GATHERSKY-HITCH-BIKE-RACK-MOUNT/DP/B0CSF78Y54
GAWEKIQE	GAWEKIQE	amazon.com.au	HTTPS://WWW.AMAZON.COM.AU/GAWEKIQE-ARMLESS-SLIPCOVER-UPHOLSTERED-CEREMONY/DP/B0BTZZVGW5
GCMACAU	GCMACAU	amazon.com.au	HTTPS://WWW.AMAZON.COM.AU/GCMACAU-BUTTERFLY-LANTERN-WATERPROOF-DECORATION/DP/B0CQK7Z7HV
GDKJMY	GDKJMY	amazon.com.au	HTTPS://WWW.AMAZON.COM.AU/GDKJMY-CARRYING-PORTABLE-BAG-FLAGPOLE/DP/B0FH6R2HRD
GEBULIN	GEBULIN	amazon.com.au	HTTPS://WWW.AMAZON.COM.AU/GEBULIN-PULL-START-002-BLACK/DP/B0963695RN
GEBULIN	GEBULIN	amazon.com.au	HTTPS://WWW.AMAZON.COM.AU/GEBULIN-PLASTIC-FAIRING-SET%EF%BC%8CPLASTIC-CHINESE/DP/B094N486F3
GECILIAORAN	GECILIAORAN	amazon.com.au	HTTPS://WWW.AMAZON.COM.AU/GECILIAORAN-WOOD-STOVE-HEAT-POWERED/DP/B0BHTJRZ8Y
GEEKTOP	GEEKTOP	amazon.com.au	HTTPS://WWW.AMAZON.COM.AU/GEEKTOP-BLUETOOTH-PORTABLE-BT-107/DP/B0CKVW65SJ
GEKKALE	GEKKALE	amazon.com.au	HTTPS://WWW.AMAZON.COM.AU/GEKKALE-BLOCKING-EYESTRAIN-LIGHTWEIGHT-EYEGLASSES/DP/B07R7HDPXQ
GELIBLE	GELIBLE	amazon.com.au	HTTPS://WWW.AMAZON.COM.AU/GELIBLE-REUSABLE-BOTTLE-PORTABLE-CORNER/DP/B082LSLGKR
GENEIRCC	GENEIRCC	amazon.com.au	HTTPS://WWW.AMAZON.COM.AU/GENEIRCC-MICRO-256GB-SPEED-ADAPTER/DP/B081NJLMCH
GENRENYEN	GENRENYEN	amazon.com.au	HTTPS://WWW.AMAZON.COM.AU/GENRENYEN/B/REF=BL_DP_S_MW_21126725051?IE=UTF8&NODE=21126725051&FIELD-LBR_BRANDS_BROWSE-BIN=GENRENYEN
GEOINUS	GEOINUS	amazon.com.au	HTTPS://WWW.AMAZON.COM.AU/GEOINUS-TRAMPOLINE-TODDLER-REBOUNDER-EXERCISE/DP/B09B19ZK91
GERUICEE	GERUICEE	amazon.com.au	HTTPS://WWW.AMAZON.COM.AU/COLORFUL-EYELINER-WATERPROOF-PROFESSIONAL-FESTIVAL/DP/B09CYM3H1X
GESAOFA	GESAOFA	amazon.com.au	HTTPS://WWW.AMAZON.COM.AU/GESAOFA-LACE-UP-SWIMWEAR-SWIMSUITS-BOYSHORTS/DP/B0BPSLJ3KK
GESAOFA	GESAOFA	amazon.com.au	HTTPS://WWW.AMAZON.COM.AU/GESAOFA-POWERSKIN-BREATHABLE-SWIMMERS-PERFORMANCE/DP/B0BMZZ1JXP
GESAOFA	GESAOFA	amazon.com.au	HTTPS://WWW.AMAZON.COM.AU/GESAOFA-PERFORMANCE-SWEATSHIRT-LIGHTWEIGHT-BREATHABLE/DP/B0BZP61SR8
GESAOFA	GESAOFA	amazon.com.au	HTTPS://WWW.AMAZON.COM.AU/GESAOFA-UNDERWEAR-STRETCH-COMFORT-WAISTBAND/DP/B0CX4G2TWZ
GETNOIVAS	GETNOIVAS	amazon.com.au	HTTPS://WWW.AMAZON.COM.AU/GETNOIVAS-CHINESE-TRADITIONAL-HEADWEAR-ACCESSORIES/DP/B082NMCNQP
GGERESULIE	GGERESULIE	amazon.com.au	HTTPS://WWW.AMAZON.COM.AU/WALL-MOUNTED-ACCESSORY-DETAILING-ORGANIZER-DIFFERENT/DP/B09FLWB6CX
GHIAKQYT	GHIAKQYT	amazon.com.au	HTTPS://WWW.AMAZON.COM.AU/GHIAKQYT-ORGANIZER-ROTATABLE-NECKLACES-BRACELET/DP/B0B7J7GTK5
GHIURPC	GHIURPC	amazon.com.au	HTTPS://WWW.AMAZON.COM.AU/HALLOWEEN-CARTOON-FLANNEL-PAJAMAS-CHRISTMAS/DP/B0CMX26NTF
GHJOWPILL	GHJOWPILL	amazon.com.au	HTTPS://WWW.AMAZON.COM.AU/GHJOWPILL-WHY-BAND-DON-T-WE-ULTRA-SOFT-LIGHTWEIGHT-HYPOALLERGENIC/DP/B07YCG4R22
GHYTMTHOT	GHYTMTHOT	amazon.com.au	HTTPS://WWW.AMAZON.COM.AU/GHYTMTHOT-ROTARY-VINTAGE-LANDLINE-OFFICE/DP/B0CZN6Y43Q
GIAOFAHG	GIAOFAHG	amazon.com.au	HTTPS://WWW.AMAZON.COM.AU/BLUE-HOLLAND-DECORATION-PLEATED-DECORATIVE/DP/B09TY6D7XR
GIAOQ	GIAOQ	amazon.com.au	HTTPS://WWW.AMAZON.COM.AU/GIAOQ-CAMERA-HIDDEN-PEN-RECORDER-ONE/DP/B0DWDQRV98
GIMVEHHI	GIMVEHHI	amazon.com.au	HTTPS://WWW.AMAZON.COM.AU/GIMVEHHI-SUNSHADE-PROVENT-MAXIMUM-PROTECTION/DP/B0CPYMSYCF
GIREORAN	GIREORAN	amazon.com.au	HTTPS://WWW.AMAZON.COM.AU/GIREORAN-WHEEL-LOCK-REMOVAL-PIECE/DP/B0CL3GYHDN
GIRGOD	GIRGOD	amazon.com.au	HTTPS://WWW.AMAZON.COM.AU/GIRGOD-POINTED-COSPLAY-PATENT-LEATHER/DP/B0CH1L31LJ
GJCOS	GJCOS	amazon.com.au	HTTPS://WWW.AMAZON.COM.AU/GJCOS-APP-CONTROLLED-BUILDING-PROGRAMMABLE-PROJECT/DP/B09W42K7W7
GLAHEART	GLAHEART	amazon.com.au	HTTPS://WWW.AMAZON.COM.AU/GLAHEART-WEDNESDAY-BIRTHDAY-DECORATION-SHOULDER/DP/B0BXL4QFXQ
GLAROLLIRACE	GLAROLLIRACE	amazon.com.au	HTTPS://WWW.AMAZON.COM.AU/GLAROLLIRACE-PICKLEBALL-PADDLES-FIBERGLASS-RACKETS/DP/B0D829CLBQ
GLHMOGM	GLHMOGM	amazon.com.au	HTTPS://WWW.AMAZON.COM.AU/GLHMOGM-ORNAMENT-FILLABLE-CHRISTMAS-DECORATIONS/DP/B07VNRMGGP
GLIBERTVILLAGEGOODS	GLIBERTVILLAGEGOODS	amazon.com.au	HTTPS://WWW.AMAZON.COM.AU/HOCKEY-STICKERS-ADULTS-WATERPROOF-SPORTS/DP/B0993ZGCZ2
GLIBERTVILLAGEGOODS	GLIBERTVILLAGEGOODS	amazon.com.au	HTTPS://WWW.AMAZON.COM.AU/GLIBERTVILLAGEGOODS-NATIONAL-PARKS-POSTER-WHITE/DP/B0C8PJDBHB
GLIERY	GLIERY	amazon.com.au	HTTPS://WWW.AMAZON.COM.AU/GLIERY-COMMERCIAL-ABSORBENT-REMOVABLE-COLLECTION/DP/B093SMS1H4
GLIGHONE	GLIGHONE	amazon.com.au	HTTPS://WWW.AMAZON.COM.AU/GLIGHONE-DIMMABLE-UPLIGHTER-DOWNLIGHTER-LIGHTING/DP/B089ZRQ4FM
GLNWUE	GLNWUE	amazon.com.au	HTTPS://WWW.AMAZON.COM.AU/GLNWUE-SHARPENING-ADJUSTABLE-STAINLESS-WHETSTONE/DP/B09V1FVNDK
GLOBAMBOO	GLOBAMBOO	amazon.com.au	HTTPS://WWW.AMAZON.COM.AU/GLOBAMBOO-HOMEMADE-ADJUSTABLE-FOLDABLE-CUSTOMIZABLE/DP/B07GGQMZ63
GMHEHLY	GMHEHLY	amazon.com.au	HTTPS://WWW.AMAZON.COM.AU/BATHROOM-GMHEHLY-ANTI-FOG-DIMMABLE-HORIZONTAL/DP/B095NS99HY
GMILLIONS	GMILLIONS	amazon.com.au	HTTPS://WWW.AMAZON.COM.AU/GMILLIONS-FASHION-EARRINGS-STRAWBERRY-STATEMENT/DP/B08SKWNN1G
GOBRILLFUN	GOBRILLFUN	amazon.com.au	HTTPS://WWW.AMAZON.COM.AU/STORES/GOBRILLFUN/%E4%B8%BB%E9%A1%B5/PAGE/10E46ACF-EFB1-4596-B3CD-4A1B1A19D859
GOBRILLFUN	GOBRILLFUN	amazon.com.au	HTTPS://WWW.AMAZON.COM.AU/GOBRILLFUN-12000MAH-RECHARGEABLE-OPERATED-TREADMILL/DP/B0D9DM4RM8
GOLDEEP	GOLDEEP	amazon.com.au	HTTPS://WWW.AMAZON.COM.AU/GOLDEEP-WEARABLE-BREASTFEEDING-PORTABLE-ELECTRIC/DP/B0B5G4G354
GOMEFLUN	GOMEFLUN	amazon.com.au	HTTPS://WWW.AMAZON.COM.AU/GOMEFLUN-RETRO-GAMING-CONSOLE/DP/B0CSHV7ND5
GOMINIMO	GOMINIMO	amazon.com.au	HTTPS://WWW.AMAZON.COM.AU/STORES/GOMINIMO/PAGE/F4F06066-0B68-4DF2-8380-516C94035D0B
GONAFIT	GONAFIT	amazon.com.au	HTTPS://WWW.AMAZON.COM.AU/GONAFIT-WEIGHTED-JUMP-ROPE-FITNESS/DP/B0B2D18M3N
GOOSWEXMZL	GOOSWEXMZL	amazon.com.au	HTTPS://WWW.AMAZON.COM.AU/GOOSWEXMZL-PUMPKIN-DECORATING-KIT-EXPRESSION/DP/B08G7ZV4Y4
GOULIKFUL	GOULIKFUL	amazon.com.au	HTTPS://WWW.AMAZON.COM.AU/GOULIKFUL-SQUEEZER-MANUAL-FOLDABLE-SAVING/DP/B0CC27VDBD
GOXIFACA	GOXIFACA	amazon.com.au	HTTPS://WWW.AMAZON.COM.AU/GOXIFACA-BPA-FREE-MOTIVATIONAL-LEAK-PROOF-SUITABLE/DP/B09WQHW44Z
GQFOWE	GQFOWE	amazon.com.au	HTTPS://WWW.AMAZON.COM.AU/INFLATABLE-PROTECTOR-OUTDOOR-FLOORING-PROTECT/DP/B0D31F36LF
GRATPAW	GRATPAW	amazon.com.au	HTTPS://WWW.AMAZON.COM.AU/GRATPAW-FREEZECREAM-TRAINING-SECURES-DISPENSER/DP/B0B65HKHSH
GRAZIACDS	GRAZIACDS	amazon.com.au	HTTPS://WWW.AMAZON.COM.AU/GRAZIACDS-SILICONE-BREASTPLATE-CROSSDRESSER-TRANSGENDER/DP/B0CNYL9565
GREENEREVER	GREENEREVER	amazon.com.au	HTTPS://WWW.AMAZON.COM.AU/GREENEREVER-SKIMMER-PROFESSIONAL-CLEANING-FOUNTAINS/DP/B0DPKW8XW3
GREENEREVER	GREENEREVER	amazon.com.au	HTTPS://WWW.AMAZON.COM.AU/GREENEREVER-SKIMMER-CLEANER-PLASTIC-PARTICLES/DP/B08B5DSP6H
GREENEREVER	GREENEREVER	amazon.com.au	HTTPS://WWW.AMAZON.COM.AU/GREENEREVER-8-SECTION-ADJUSTABLE-EXPANDABLE-COMPATIBLE/DP/B0DPLBMD96
GREHITK	GREHITK	amazon.com.au	HTTPS://WWW.AMAZON.COM.AU/GREHITK/B/REF=BL_DP_S_MW_22051860051?IE=UTF8&NODE=22051860051&FIELD-LBR_BRANDS_BROWSE-BIN=GREHITK
GROJIMTS	GROJIMTS	amazon.com.au	HTTPS://WWW.AMAZON.COM.AU/GROJIMTS-COSPLAY-SWIMSUIT-JAPANESE-SWIMWEAR/DP/B0BFXPSJ8V
GROTAWEL	GROTAWEL	amazon.com.au	HTTPS://WWW.AMAZON.COM.AU/GROTAWEL-CONDUCTION-BLUETOOTH-HEADPHONES-SLEEPERS-BLACK/DP/B0FW4T1J9Q
GRWANG	GRWANG	amazon.com.au	HTTPS://WWW.AMAZON.COM.AU/GRWANG-PROFESSIONAL-BINOCULARS-EYEPIECE-WATERPROOF/DP/B09X2DZQXW
GSCKDY	GSCKDY	amazon.com.au	HTTPS://WWW.AMAZON.COM.AU/GSCKDY-MAGNIFIER-COMPUTER-FOLDABLE-MAGNIFYINGNIFIER/DP/B0CKXTYS2H
GSPCARE	GSPCARE	amazon.com.au	HTTPS://WWW.AMAZON.COM.AU/GSPCARE-KINESIOLOGY-ATHLETIC-SPORTS-RECOVERY/DP/B0811J66R7
GSVTYBN	GSVTYBN	amazon.com.au	HTTPS://WWW.AMAZON.COM.AU/GSVTYBN-WASHABLE-PEE-PADS-DOGS/DP/B0CKPJYCR2
GTGUGR	GTGUGR	amazon.com.au	HTTPS://WWW.AMAZON.COM.AU/STORES/GTGUGR/PAGE/E27AD0FE-F87A-4991-A96C-CC81FA3FABB5
GTGUGR	GTGUGR	amazon.com.au	HTTPS://WWW.AMAZON.COM.AU/GTGUGR-UNIVERSAL-ULTRABOOK-CHROMEBOOK-NOTEBOOK/DP/B0CNK89KSV
GTKAUZY	GTKAUZY	amazon.com.au	HTTPS://WWW.AMAZON.COM.AU/GTKAUZY-PSYDUCKS-STICKERS-WARNING-WATERPROOF-ACCESSORIES/DP/B0CFHVYX32
GUGMOY	GUGMOY	amazon.com.au	HTTPS://WWW.AMAZON.COM.AU/GUGMOY-COMFORTABLE-SILICONE-FLIPPERS-BEGINNERS/DP/B0B6HR4CMS
GUILDREYTEX	GUILDREYTEX	amazon.com.au	HTTPS://WWW.AMAZON.COM.AU/GUILDREYTEX-DECORATIVE-CUSHION-PILLOWCASES-CHAMPAGNE/DP/B07YTYTPMJ
GUMOHK	GUMOHK	amazon.com.au	HTTPS://WWW.AMAZON.COM.AU/GUMOHK-BEDROOM-MODERN-CIRCULAR-NURSERY/DP/B09X2YFNFJ
GUROBUST	GUROBUST	amazon.com.au	HTTPS://WWW.AMAZON.COM.AU/GUROBUST-PLUNGERS-BATHROOM-COMMERCIAL-GB6390/DP/B09LP5TH5V
GUSUWOD	GUSUWOD	amazon.com.au	HTTPS://WWW.AMAZON.COM.AU/GUSUWOD-SCROLL-HEARTS-SCONCE-HOLDERS/DP/B08MXSVBV8
GVRIOVIO	GVRIOVIO	amazon.com.au	HTTPS://WWW.AMAZON.COM.AU/WATERPROOF-AUTOMOBILES-GVRIOVIO-EXTERIOR-PROTECTION/DP/B09NK1CY58
GWTYR	GWTYR	amazon.com.au	HTTPS://WWW.AMAZON.COM.AU/GWTYR-CHARACTER-FIGURINES-DECORATIVE-SCULPTURE/DP/B0DHVQVGQX
GXFCTYS	GXFCTYS	amazon.com.au	HTTPS://WWW.AMAZON.COM.AU/GXFCTYS-DECORATIONS-FARMHOUSE-BOHEMIAN-GRID-BLACK/DP/B0B45YM939
GZFTMKOBNS	GZFTMKOBNS	amazon.com.au	HTTPS://WWW.AMAZON.COM.AU/GZFTMKOBNS-STAINLESS-TURNBUCKLE-AIRCRAFT-HANGING/DP/B0CZ643Y1N
GZHCJJ	GZHCJJ	amazon.com.au	HTTPS://WWW.AMAZON.COM.AU/ACCESSORIES-CRISPER-REPLACEMENT-COMPATIBLE-PRESSURE/DP/B0CVTPQNZS
GZOUERMAN	GZOUERMAN	amazon.com.au	HTTPS://WWW.AMAZON.COM.AU/GZOUERMAN-PORELESS-CLEANSE-SUITABLE-UNISEX/DP/B0B8D9199W
GZZX	GZZX	amazon.com.au	HTTPS://WWW.AMAZON.COM.AU/GZZX-UTENSILS-HANDMADE-NONSTICK-COOKWARE/DP/B08DCQ57XK
HAEVERAY	HAEVERAY	amazon.com.au	HTTPS://WWW.AMAZON.COM.AU/ORGANIZER-HAEVERAY-NEVERFULL-HANDBAG-SIZES-M/DP/B0C6KXC1R1
HAEVERAY	HAEVERAY	amazon.com.au	HTTPS://WWW.AMAZON.COM.AU/HAEVERAY-COMPARTMENT-WEEKENDER-OVERNIGHT-TRAVELING/DP/B0CVZYG9ZZ
HAEVERAY	HAEVERAY	amazon.com.au	HTTPS://WWW.AMAZON.COM.AU/HAEVERAY-ORGANIZER-HANDBAGS-SOFTENED-ORGANIZER%EF%BC%8CCOMPATIBLE/DP/B0C1RJVQ1J
HAIGOPA	HAIGOPA	amazon.com.au	HTTPS://WWW.AMAZON.COM.AU/HAIGOPA-VINTAGE-CABINET-FARMHOUSE-BATHROOM/DP/B0BRNG13K5
HAIZR	HAIZR	amazon.com.au	HTTPS://WWW.AMAZON.COM.AU/HAIZR-MAINTAINER-TEMPERATURE-COMPENSATION-LAWNMOWERS/DP/B0F6CQPGWP
HAIZR	HAIZR	amazon.com.au	HTTPS://WWW.AMAZON.COM.AU/HAIZR-PORTABLE-PROJECTOR-SUPPORT-ANDROID/DP/B0D2V2LMMR
HAMOQI	HAMOQI	amazon.com.au	HTTPS://WWW.AMAZON.COM.AU/HAMOQI-STEAMPUNK-INDUSTRIAL-DECORATIONS-BIRTHDAY/DP/B0B46VZ3K2
HAMOWTUX	HAMOWTUX	amazon.com.au	HTTPS://WWW.AMAZON.COM.AU/HAMOWTUX-EXTENDED-WIRELESS-PROTECTOR-ACCESSORIES/DP/B0BZCJ2JGZ
HANBRAMO	HANBRAMO	amazon.com.au	HTTPS://WWW.AMAZON.COM.AU/HANBRAMO-AIRTAG-DOG-COLLAR-BLACK/DP/B0C2TN8LL6
HANBRAMO	HANBRAMO	amazon.com.au	HTTPS://WWW.AMAZON.COM.AU/HANBRAMO-AIRTAG-DOG-COLLAR-RED/DP/B0C2CVGFZ6
HANKELHAUS	HANKELHAUS	amazon.com.au	HTTPS://WWW.AMAZON.COM.AU/HANKELHAUS-CABLE-MANAGEMENT-BOX-ORGANIZER/DP/B09224KKPV
HANRUNSI	HANRUNSI	amazon.com.au	HTTPS://WWW.AMAZON.COM.AU/HANRUNSI-DECORATIVE-PILLOWCASE-BEDROOM-CUSHION/DP/B09DXW3YNH
HANYCR	HANYCR	amazon.com.au	HTTPS://WWW.AMAZON.COM.AU/SILKY-DURAG-DURAGS-STRAPS-WOMEN/DP/B0F4WSS1XL
HAODEMI	HAODEMI	amazon.com.au	HTTPS://WWW.AMAZON.COM.AU/HAODEMI-SLEEPING-ALTERNATIVE-SLEEPERS-17X26INCHES/DP/B0CNTBJC2X
HAOIOPM	HAOIOPM	amazon.com.au	HTTPS://WWW.AMAZON.COM.AU/HAOIOPM-BEDSIDE-BEDROOM-DORMITORY-INCLUDED/DP/B0B5994KC5
HAOIOPM	HAOIOPM	amazon.com.au	HTTPS://WWW.AMAZON.COM.AU/HAOIOPM-ARTIFICIAL-CHRISTMAS-DECORATION-ORNAMENTS/DP/B0BKK55QTY
HAOIOPM	HAOIOPM	amazon.com.au	HTTPS://WWW.AMAZON.COM.AU/SILICONE-FLEXIBLE-GLASSWARE-DIAMETER-OPENINGS/DP/B0CDF7M8YG
HAOIOPM	HAOIOPM	amazon.com.au	HTTPS://WWW.AMAZON.COM.AU/HAOIOPM-PLAYPEN-TODDLER-BREATHABLE-CONTAINS/DP/B0C88Z3RPS
HAOJIALI	HAOJIALI	amazon.com.au	HTTPS://WWW.AMAZON.COM.AU/HAOJIALI-BATHROOM-SLIPPERS-NON-SLIP-SANDALS/DP/B07K2P434L
HAOPONER	HAOPONER	amazon.com.au	HTTPS://WWW.AMAZON.COM.AU/HAOPONER-PORTABLE-DIGITAL-DISPLAY-PORCELAIN/DP/B010A5P5WM
HAOYPAIC	HAOYPAIC	amazon.com.au	HTTPS://WWW.AMAZON.COM.AU/HAOYPAIC-SERVIETTE-DECORATIONS-THANKSGIVING-VALENTINES/DP/B098RYJHPP
HAPPYBEECO	HAPPYBEECO	amazon.com.au	HTTPS://WWW.AMAZON.COM.AU/HAPPYBEECO-SLEEPOVER-SLUMPER-FAVOURS-BIRTHDAY/DP/B0B378FVBK
HAPYKITYS	HAPYKITYS	amazon.com.au	HTTPS://WWW.AMAZON.COM.AU/HAPYKITYS/B/REF=BL_DP_S_MW_17018878051?IE=UTF8&NODE=17018878051&FIELD-LBR_BRANDS_BROWSE-BIN=HAPYKITYS
HAPYWAER	HAPYWAER	amazon.com.au	HTTPS://WWW.AMAZON.COM.AU/HAPYWAER-HOOKAH-CERAMIC-TOBACCO-PHUNNEL/DP/B0C9M7TL6Q
HARDYPAC	HARDYPAC	amazon.com.au	HTTPS://WWW.AMAZON.COM.AU/HARDYPAC-HEAVY-DUTY-ALUMINUM-STAINLESS-EFFECTIVE/DP/B01CRSIOIM
HARIFOGER	HARIFOGER	amazon.com.au	HTTPS://WWW.AMAZON.COM.AU/HARIFOGER-12-5MM-STEERING-ADAPTER-ELEVATOR/DP/B0BN3PD2T4
HARITOFT	HARITOFT	amazon.com.au	HTTPS://WWW.AMAZON.COM.AU/HARITOFT-SLIDING-HARDWARE-TWO-SIDE-BACK-PLATE/DP/B0BRLDZ299
HARNNHALO	HARNNHALO	amazon.com.au	HTTPS://WWW.AMAZON.COM.AU/HARNNHALO-CARRIER-MONTHS-KG-44-TURQUOISE/DP/B07FXDW3Q1
HAUTZADO	HAUTZADO	amazon.com.au	HTTPS://WWW.AMAZON.COM.AU/DP/B09JLY96C2/?TAG=BRACELETS-22
HAWMOW	HAWMOW	amazon.com.au	HTTPS://WWW.AMAZON.COM.AU/HAWMOW-PROFESSIONAL-TRANSPORTING-AACCESSORIES-GRBAG55/DP/B0CS37DG8P
HCBZVV	HCBZVV	amazon.com.au	HTTPS://WWW.AMAZON.COM.AU/HCBZVV-SOCCER-BALL-GAME-MAT/DP/B0CQWFHBHW
HCSUNFLY	HCSUNFLY	amazon.com.au	HTTPS://WWW.AMAZON.COM.AU/HCSUNFLY-EXTERNAL-ULTRA-SLIM-PORTABLE-COMPATIBLE/DP/B0BXSZ2WS4
HCYHNB	HCYHNB	amazon.com.au	HTTPS://WWW.AMAZON.COM.AU/HCYHNB-WINDSHIELD-23-PROGRAMMABLE-LED-WINDSHIELD/DP/B0F6LTSRQY
HDLIV	HDLIV	amazon.com.au	HTTPS://WWW.AMAZON.COM.AU/HDLIV-20PACK-SQUEEZE-DISPENSING-BOTTLES/DP/B0BSC2M7D4
HDLIV	HDLIV	amazon.com.au	HTTPS://WWW.AMAZON.COM.AU/HDLIV-DYNAMOMETER-STRENGTH-286LBS-CAPACITY/DP/B0B6NCSH5B
HDLMDFNN	HDLMDFNN	amazon.com.au	HTTPS://WWW.AMAZON.COM.AU/HDLMDFNN-WOMENS-SHIRTS-PROTECTION-LIGHTWEIGHT/DP/B0BLSRSNB3
HDONGANY	HDONGANY	amazon.com.au	HTTPS://WWW.AMAZON.COM.AU/HDONGANY-COLUMNAR-TUMBLING-NON-ABRASIVE-COMPATIBLE/DP/B0BD4ZGP3N
HEEHIPOO	HEEHIPOO	amazon.com.au	HTTPS://WWW.AMAZON.COM.AU/HEEHIPOO-WOMEN-FISHING-COVER-FLAP/DP/B0B28WLLNC
HEFFISO	HEFFISO	amazon.com.au	HTTPS://WWW.AMAZON.COM.AU/SILICONE-RUBBER-SPATULA-SPOON-COMMERCIAL/DP/B0D7TD5S5H
HEILAIYI	HEILAIYI	amazon.com.au	HTTPS://WWW.AMAZON.COM.AU/CLOTHES-RETRACTABLE-COLLAPSIBLE-CLOTHING-THREE-POLES/DP/B09KNHZGKT
HELOMOR	HELOMOR	amazon.com.au	HTTPS://WWW.AMAZON.COM.AU/HELOMOR/B/REF=BL_DP_S_MW_13632023051?IE=UTF8&NODE=13632023051&FIELD-LBR_BRANDS_BROWSE-BIN=HELOMOR
