13PEAS	13PEAS	cherrypicksreviews.com	HTTPS://WWW.CHERRYPICKSREVIEWS.COM/SELLERS/AMAZON/13PEAS
21ERSHIYI	ERSHIQI	cherrypicksreviews.com	HTTPS://WWW.CHERRYPICKSREVIEWS.COM/BRAND/ERSHIQI
21SUPPLY	21SUPPLY	cherrypicksreviews.com	HTTPS://WWW.CHERRYPICKSREVIEWS.COM/SELLERS/AMAZON/21SUPPLY
2TWENTYTWOSTEELDESIGNS	2TWENTYTWOSTEELDESIGNS	cherrypicksreviews.com	HTTPS://WWW.CHERRYPICKSREVIEWS.COM/SELLERS/AMAZON/2TWENTYTWO-STEEL-DESIGNS
4ALLMEMORY	4ALLMEMORY	cherrypicksreviews.com	HTTPS://WWW.CHERRYPICKSREVIEWS.COM/BRAND/4ALLMEMORY
69BOURBONS	69BOURBONS	cherrypicksreviews.com	HTTPS://WWW.CHERRYPICKSREVIEWS.COM/SELLERS/AMAZON/69-BOURBONS
6AMLIFESTYLE	6AMLIFESTYLE	cherrypicksreviews.com	HTTPS://WWW.CHERRYPICKSREVIEWS.COM/SELLERS/AMAZON/6AMLIFESTYLE
7PM	7PM	cherrypicksreviews.com	HTTPS://WWW.CHERRYPICKSREVIEWS.COM/BRAND/7PM
AAINAVI	AAINAVI	cherrypicksreviews.com	HTTPS://WWW.CHERRYPICKSREVIEWS.COM/BRAND/A-AINAVI
ABAKAN	ABAKAN	cherrypicksreviews.com	HTTPS://WWW.CHERRYPICKSREVIEWS.COM/SELLERS/AMAZON/ABAKAN
ABCCORK	ABCCORKCO	cherrypicksreviews.com	HTTPS://WWW.CHERRYPICKSREVIEWS.COM/BRAND/ABC-CORK-CO-AA88C0ED-6B88-4331-A3DB-54F1D5128EA1
ABCPOW	ABCPOW	cherrypicksreviews.com	HTTPS://WWW.CHERRYPICKSREVIEWS.COM/BRAND/ABCPOW
ABCZOK	ABCZOK	cherrypicksreviews.com	HTTPS://WWW.CHERRYPICKSREVIEWS.COM/BRAND/ABCZOK
ABHILWY	ABHILWYMIKE	cherrypicksreviews.com	HTTPS://WWW.CHERRYPICKSREVIEWS.COM/SELLERS/AMAZON/ABHILWY-MIKE
ABLELIFECOMFORTABLYINDEPENDENT	ABLELIFECOMFORTABLYINDEPENDENT	cherrypicksreviews.com	HTTPS://WWW.CHERRYPICKSREVIEWS.COM/BRAND/ABLE-LIFE-COMFORTABLY-INDEPENDENT
ABOKNEY	ABOKNEY	cherrypicksreviews.com	HTTPS://WWW.CHERRYPICKSREVIEWS.COM/SELLERS/AMAZON/ABOKNEY
ABOUTBIT	ABOUTBIT	cherrypicksreviews.com	HTTPS://WWW.CHERRYPICKSREVIEWS.COM/BRAND/ABOUTBIT
ABSOK	ABSOK	cherrypicksreviews.com	HTTPS://WWW.CHERRYPICKSREVIEWS.COM/BRAND/ABSOK
ABUDDER	ABUDDER	cherrypicksreviews.com	HTTPS://WWW.CHERRYPICKSREVIEWS.COM/SELLERS/AMAZON/ABUDDER
ACCUHR	ACCUHR	cherrypicksreviews.com	HTTPS://WWW.CHERRYPICKSREVIEWS.COM/SELLERS/AMAZON/ACCUHR
ACEKAR	ACEKAR	cherrypicksreviews.com	HTTPS://WWW.CHERRYPICKSREVIEWS.COM/SELLERS/AMAZON/ACEKAR
ACELANE	ACELANE	cherrypicksreviews.com	HTTPS://WWW.CHERRYPICKSREVIEWS.COM/BRAND/ACELANE
ACKITRY	ACKITRY	cherrypicksreviews.com	HTTPS://WWW.CHERRYPICKSREVIEWS.COM/SELLERS/AMAZON/ACKITRY
ADIGOW	ADIGOW	cherrypicksreviews.com	HTTPS://WWW.CHERRYPICKSREVIEWS.COM/BRAND/ADIGOW
ADIGOW	ADIGOW	cherrypicksreviews.com	HTTPS://WWW.CHERRYPICKSREVIEWS.COM/BRAND/ADIGOW/CLOTHING-SHOES-AND-JEWELRY
ADIOFFROAD	ADIOFFROAD	cherrypicksreviews.com	HTTPS://WWW.CHERRYPICKSREVIEWS.COM/BRAND/ADI-OFF-ROAD
ADIOFFROAD	ADIOFFROAD	cherrypicksreviews.com	HTTPS://WWW.CHERRYPICKSREVIEWS.COM/SELLERS/AMAZON/ADI-OFF-ROAD
ADOREEN	ADOREENUSA	cherrypicksreviews.com	HTTPS://WWW.CHERRYPICKSREVIEWS.COM/SELLERS/AMAZON/ADOREEN-USA
ADULOVE	ADULOVE	cherrypicksreviews.com	HTTPS://WWW.CHERRYPICKSREVIEWS.COM/BRAND/ADULOVE
AETOO	AETOO	cherrypicksreviews.com	HTTPS://WWW.CHERRYPICKSREVIEWS.COM/BRAND/AETOO
AFSTEE	AFSTEE	cherrypicksreviews.com	HTTPS://WWW.CHERRYPICKSREVIEWS.COM/BRAND/AFSTEE
AFTERMARKETFILTRATIONEXPERTS	AFTERMARKETFILTRATIONEXPERTS	cherrypicksreviews.com	HTTPS://WWW.CHERRYPICKSREVIEWS.COM/BRAND/AFTERMARKET-FILTRATION-EXPERTS
AGEMORE	AGEMORE	cherrypicksreviews.com	HTTPS://WWW.CHERRYPICKSREVIEWS.COM/BRAND/AGEMORE
AGESE	AGESE	cherrypicksreviews.com	HTTPS://WWW.CHERRYPICKSREVIEWS.COM/BRAND/AGESE
AGESE	AGESE	cherrypicksreviews.com	HTTPS://WWW.CHERRYPICKSREVIEWS.COM/SELLERS/AMAZON/AGESE
AGIRLGLE	AGIRLGLE	cherrypicksreviews.com	HTTPS://WWW.CHERRYPICKSREVIEWS.COM/BRAND/AGIRLGLE
AIFEIVICO	AIFEIVICO	cherrypicksreviews.com	HTTPS://WWW.CHERRYPICKSREVIEWS.COM/SELLERS/AMAZON/AIFEIVICO
AIFUSI	AIFUSI	cherrypicksreviews.com	HTTPS://WWW.CHERRYPICKSREVIEWS.COM/BRAND/AIFUSI
AIGREAT	AIGREATELECTRONIC	cherrypicksreviews.com	HTTPS://WWW.CHERRYPICKSREVIEWS.COM/SELLERS/AMAZON/AIGREAT-ELECTRONIC
AILUER	AILUER	cherrypicksreviews.com	HTTPS://WWW.CHERRYPICKSREVIEWS.COM/BRAND/AILUER
AILUER	AILUER	cherrypicksreviews.com	HTTPS://WWW.CHERRYPICKSREVIEWS.COM/BRAND/AILUER/INDUSTRIAL-AND-SCIENTIFIC
AIMAY	AIMAY	cherrypicksreviews.com	HTTPS://WWW.CHERRYPICKSREVIEWS.COM/BRAND/AIMAY
AINAVI	AAINAVI	cherrypicksreviews.com	HTTPS://WWW.CHERRYPICKSREVIEWS.COM/BRAND/A-AINAVI
AIROGYM	AIROGYM	cherrypicksreviews.com	HTTPS://WWW.CHERRYPICKSREVIEWS.COM/SELLERS/AMAZON/AIROGYM
AIRYMIUM	AIRYMIUM	cherrypicksreviews.com	HTTPS://WWW.CHERRYPICKSREVIEWS.COM/BRAND/AIRYMIUM
AIRYOYO	AIRYOYO	cherrypicksreviews.com	HTTPS://WWW.CHERRYPICKSREVIEWS.COM/BRAND/AIRYOYO
AISBUGUR	AISBUGUR	cherrypicksreviews.com	HTTPS://WWW.CHERRYPICKSREVIEWS.COM/BRAND/AISBUGUR
AISIJIE	AISIJIESTORE	cherrypicksreviews.com	HTTPS://WWW.CHERRYPICKSREVIEWS.COM/SELLERS/AMAZON/AISIJIE-STORE
AKAVO	AKAVO	cherrypicksreviews.com	HTTPS://WWW.CHERRYPICKSREVIEWS.COM/BRAND/AKAVO
AKBESTORE	AKSTORE	cherrypicksreviews.com	HTTPS://WWW.CHERRYPICKSREVIEWS.COM/BRAND/AKSTORE
AKKSTORE	AKSTORE	cherrypicksreviews.com	HTTPS://WWW.CHERRYPICKSREVIEWS.COM/BRAND/AKSTORE
AKLIMIDA	AIKELIDA	cherrypicksreviews.com	HTTPS://WWW.CHERRYPICKSREVIEWS.COM/SELLERS/AMAZON/AIKELIDA
AKWH	AKWH	cherrypicksreviews.com	HTTPS://WWW.CHERRYPICKSREVIEWS.COM/BRAND/AKWH
ALEFAR	ALEFAR	cherrypicksreviews.com	HTTPS://WWW.CHERRYPICKSREVIEWS.COM/BRAND/ALEFAR
ALITAMEI	ALITAMEI	cherrypicksreviews.com	HTTPS://WWW.CHERRYPICKSREVIEWS.COM/BRAND/ALITAMEI
ALLSUM	ALLSUM	cherrypicksreviews.com	HTTPS://WWW.CHERRYPICKSREVIEWS.COM/BRAND/ALLSUM
ALOVEXIONG	ALOVEXIONG	cherrypicksreviews.com	HTTPS://WWW.CHERRYPICKSREVIEWS.COM/BRAND/ALOVEXIONG
AMALPHAMOUNT	AMALPHAMOUNT	cherrypicksreviews.com	HTTPS://WWW.CHERRYPICKSREVIEWS.COM/SELLERS/AMAZON/AM-ALPHAMOUNT
AMEESI	AMEESI	cherrypicksreviews.com	HTTPS://WWW.CHERRYPICKSREVIEWS.COM/BRAND/AMEESI
AMEESI	AMEESI	cherrypicksreviews.com	HTTPS://WWW.CHERRYPICKSREVIEWS.COM/BRAND/AMEESI/HOME-AND-KITCHEN
AMERDECO	AMERDECO	cherrypicksreviews.com	HTTPS://WWW.CHERRYPICKSREVIEWS.COM/SELLERS/AMAZON/AMERDECO
AMPEO	AMPEO	cherrypicksreviews.com	HTTPS://WWW.CHERRYPICKSREVIEWS.COM/BRAND/AMPEO
AMPEO	AMPEO	cherrypicksreviews.com	HTTPS://WWW.CHERRYPICKSREVIEWS.COM/SELLERS/AMAZON/AMPEO
AMZTIME	AMZTIME	cherrypicksreviews.com	HTTPS://WWW.CHERRYPICKSREVIEWS.COM/BRAND/AMZTIME
ANACCI	ANACCISTORE	cherrypicksreviews.com	HTTPS://WWW.CHERRYPICKSREVIEWS.COM/SELLERS/AMAZON/ANACCI-STORE
ANDALSO	ANDALSO	cherrypicksreviews.com	HTTPS://WWW.CHERRYPICKSREVIEWS.COM/SELLERS/AMAZON/ANDALSO
ANEXLINEN	ANEXLINEN	cherrypicksreviews.com	HTTPS://WWW.CHERRYPICKSREVIEWS.COM/SELLERS/AMAZON/ANEX-LINEN
ANFILANK	ANFILANK	cherrypicksreviews.com	HTTPS://WWW.CHERRYPICKSREVIEWS.COM/SELLERS/AMAZON/ANFILANK
ANFILANK	ANFILANK	cherrypicksreviews.com	HTTPS://WWW.CHERRYPICKSREVIEWS.COM/BRAND/ANFILANK
ANGVEIRT	ANGVEIRT	cherrypicksreviews.com	HTTPS://WWW.CHERRYPICKSREVIEWS.COM/BRAND/ANGVEIRT
ANJANAPUBLISHING	ANJANAPUBLISHING	cherrypicksreviews.com	HTTPS://WWW.CHERRYPICKSREVIEWS.COM/BRAND/ANJANA-PUBLISHING
ANKHOH	ANKHOH	cherrypicksreviews.com	HTTPS://WWW.CHERRYPICKSREVIEWS.COM/SELLERS/AMAZON/ANKHOH
ANLEIJUR	ANLEIJUR	cherrypicksreviews.com	HTTPS://WWW.CHERRYPICKSREVIEWS.COM/SELLERS/AMAZON/ANLEIJUR
ANRDDO	ANRDDO	cherrypicksreviews.com	HTTPS://WWW.CHERRYPICKSREVIEWS.COM/SELLERS/AMAZON/ANRDDO
ANTSKY	ANTSKY	cherrypicksreviews.com	HTTPS://WWW.CHERRYPICKSREVIEWS.COM/SELLERS/AMAZON/ANTSKY
ANXINGOU	ANXINGO	cherrypicksreviews.com	HTTPS://WWW.CHERRYPICKSREVIEWS.COM/SELLERS/AMAZON/ANXINGO
AOESPY	AOESPY	cherrypicksreviews.com	HTTPS://WWW.CHERRYPICKSREVIEWS.COM/BRAND/AOESPY
AOGLLATI	AOGLLATI	cherrypicksreviews.com	HTTPS://WWW.CHERRYPICKSREVIEWS.COM/BRAND/AOGLLATI/HOME-AND-KITCHEN
AOJIA	AOJIA	cherrypicksreviews.com	HTTPS://WWW.CHERRYPICKSREVIEWS.COM/BRAND/AOJIA
AOJOYS	AOJOYS	cherrypicksreviews.com	HTTPS://WWW.CHERRYPICKSREVIEWS.COM/BRAND/AOJOYS
AONBOY	AONBOY	cherrypicksreviews.com	HTTPS://WWW.CHERRYPICKSREVIEWS.COM/BRAND/AONBOY
AONECER	AONECER	cherrypicksreviews.com	HTTPS://WWW.CHERRYPICKSREVIEWS.COM/SELLERS/AMAZON/AONECER
AOOCOO	AOOCOO	cherrypicksreviews.com	HTTPS://WWW.CHERRYPICKSREVIEWS.COM/BRAND/AOOCOO
AOREMON	AOREMON	cherrypicksreviews.com	HTTPS://WWW.CHERRYPICKSREVIEWS.COM/BRAND/AOREMON
AOSUNKY	AOSKY	cherrypicksreviews.com	HTTPS://WWW.CHERRYPICKSREVIEWS.COM/BRAND/AOSKY
AOUCE	AOUCE	cherrypicksreviews.com	HTTPS://WWW.CHERRYPICKSREVIEWS.COM/BRAND/AOUCE
APLUSONE	APLUSONE	cherrypicksreviews.com	HTTPS://WWW.CHERRYPICKSREVIEWS.COM/SELLERS/AMAZON/APLUSONE
APPHOME	APPHOME	cherrypicksreviews.com	HTTPS://WWW.CHERRYPICKSREVIEWS.COM/BRAND/APPHOME
APPLIAFIT	APPLIAFIT	cherrypicksreviews.com	HTTPS://WWW.CHERRYPICKSREVIEWS.COM/BRAND/APPLIAFIT/
APPLIANCEMATE	APPLIANCEMATE	cherrypicksreviews.com	HTTPS://WWW.CHERRYPICKSREVIEWS.COM/SELLERS/AMAZON/APPLIANCEMATE
APREUTY	APREUTY	cherrypicksreviews.com	HTTPS://WWW.CHERRYPICKSREVIEWS.COM/BRAND/APREUTY
APUDARMIS	APUDARMIS	cherrypicksreviews.com	HTTPS://WWW.CHERRYPICKSREVIEWS.COM/BRAND/APUDARMIS
AQOOL	AQOOLUS	cherrypicksreviews.com	HTTPS://WWW.CHERRYPICKSREVIEWS.COM/SELLERS/AMAZON/AQOOL-US
AQUANIQUE	AQUANIQUE	cherrypicksreviews.com	HTTPS://WWW.CHERRYPICKSREVIEWS.COM/BRAND/AQUANIQUE
ARCOMEAD	ARCOMEAD	cherrypicksreviews.com	HTTPS://WWW.CHERRYPICKSREVIEWS.COM/BRAND/ARCOMEAD
ARRADEN	ARRADEN	cherrypicksreviews.com	HTTPS://WWW.CHERRYPICKSREVIEWS.COM/BRAND/ARRADEN
ARSTER	ARSTER	cherrypicksreviews.com	HTTPS://WWW.CHERRYPICKSREVIEWS.COM/BRAND/ARSTER
ARTESTIA	ARTESTIA	cherrypicksreviews.com	HTTPS://WWW.CHERRYPICKSREVIEWS.COM/BRAND/ARTESTIA
ARTISANATES	ARTISANATES	cherrypicksreviews.com	HTTPS://WWW.CHERRYPICKSREVIEWS.COM/SELLERS/AMAZON/ARTISANATES
ARTMEER	AREER	cherrypicksreviews.com	HTTPS://WWW.CHERRYPICKSREVIEWS.COM/SELLERS/AMAZON/ARTMEER
ARVESA	ARVESA	cherrypicksreviews.com	HTTPS://WWW.CHERRYPICKSREVIEWS.COM/BRAND/ARVESA
ASAPOFFICEPRODUCTS	ASAPOFFICEPRODUCTS	cherrypicksreviews.com	HTTPS://WWW.CHERRYPICKSREVIEWS.COM/SELLERS/AMAZON/ASAP-OFFICE-PRODUCTS
ASCHEF	ASCHEF	cherrypicksreviews.com	HTTPS://WWW.CHERRYPICKSREVIEWS.COM/BRAND/ASCHEF
ASERSON	ASERSON	cherrypicksreviews.com	HTTPS://WWW.CHERRYPICKSREVIEWS.COM/SELLERS/AMAZON/ASERSON
ASIEGTOOL	ASIEGTOOL	cherrypicksreviews.com	HTTPS://WWW.CHERRYPICKSREVIEWS.COM/BRAND/ASIEG-TOOL
ASIEGTOOL	ASIEGTOOL	cherrypicksreviews.com	HTTPS://WWW.CHERRYPICKSREVIEWS.COM/SELLERS/AMAZON/ASIEG-TOOL
ASNOMY	ASNOMY	cherrypicksreviews.com	HTTPS://WWW.CHERRYPICKSREVIEWS.COM/SELLERS/AMAZON/ASNOMY/
ASOMI	ASOMI	cherrypicksreviews.com	HTTPS://WWW.CHERRYPICKSREVIEWS.COM/BRAND/ASOMI
ASONPAO	ASONPAO	cherrypicksreviews.com	HTTPS://WWW.CHERRYPICKSREVIEWS.COM/BRAND/ASONPAO
ATRACYPART	ATRACYPART	cherrypicksreviews.com	HTTPS://WWW.CHERRYPICKSREVIEWS.COM/SELLERS/AMAZON/ATRACYPART
ATRILLY	ATRILLY	cherrypicksreviews.com	HTTPS://WWW.CHERRYPICKSREVIEWS.COM/BRAND/ATRILLY
ATSAMFR	ATSAMFRDIRECT	cherrypicksreviews.com	HTTPS://WWW.CHERRYPICKSREVIEWS.COM/SELLERS/AMAZON/ATSAMFR-DIRECT
AUBEY	AUBEY	cherrypicksreviews.com	HTTPS://WWW.CHERRYPICKSREVIEWS.COM/BRAND/AUBEY
AUELIFE	AUELIFE	cherrypicksreviews.com	HTTPS://WWW.CHERRYPICKSREVIEWS.COM/BRAND/AUELIFE
AUGOLA	AUGOLA	cherrypicksreviews.com	HTTPS://WWW.CHERRYPICKSREVIEWS.COM/SELLERS/AMAZON/AUGOLA
AUKVI	AUKVI	cherrypicksreviews.com	HTTPS://WWW.CHERRYPICKSREVIEWS.COM/BRAND/AUKVI
AUMATE	AUMATE	cherrypicksreviews.com	HTTPS://WWW.CHERRYPICKSREVIEWS.COM/BRAND/AUMATE
AUOPRO	AUOPRO	cherrypicksreviews.com	HTTPS://WWW.CHERRYPICKSREVIEWS.COM/BRAND/AUOPRO
AUPEKRO	AUPEKRO	cherrypicksreviews.com	HTTPS://WWW.CHERRYPICKSREVIEWS.COM/BRAND/AUPEKRO/HOME-AND-KITCHEN
AURIVER	AURIVER	cherrypicksreviews.com	HTTPS://WWW.CHERRYPICKSREVIEWS.COM/BRAND/AURIVER
AUROLUXE	AUROLUXE	cherrypicksreviews.com	HTTPS://WWW.CHERRYPICKSREVIEWS.COM/BRAND/AUROLUXE
AUSTINAVENUEACCENTS	AUSTINAVENUEACCENTS	cherrypicksreviews.com	HTTPS://WWW.CHERRYPICKSREVIEWS.COM/SELLERS/AMAZON/AUSTIN-AVENUE-ACCENTS
AUTELO	AUTELO	cherrypicksreviews.com	HTTPS://WWW.CHERRYPICKSREVIEWS.COM/SELLERS/AMAZON/AUTELO
AUTOBIG	AUTOBIG	cherrypicksreviews.com	HTTPS://WWW.CHERRYPICKSREVIEWS.COM/BRAND/AUTOBIG
AUTOBIG	AUTOBIG	cherrypicksreviews.com	HTTPS://WWW.CHERRYPICKSREVIEWS.COM/SELLERS/AMAZON/AUTOBIG
AUTOMANPRO	AUTOMANPRO	cherrypicksreviews.com	HTTPS://WWW.CHERRYPICKSREVIEWS.COM/SELLERS/AMAZON/AUTOMAN-PRO
AUXLINK	AUXLINK	cherrypicksreviews.com	HTTPS://WWW.CHERRYPICKSREVIEWS.COM/SELLERS/AMAZON/AUXLINK
AVENTIKEUPHENG	AVENTIKEUPHENG	cherrypicksreviews.com	HTTPS://WWW.CHERRYPICKSREVIEWS.COM/BRAND/AVENTIK-EUPHENG
AVFABUL	AVFABUL	cherrypicksreviews.com	HTTPS://WWW.CHERRYPICKSREVIEWS.COM/SELLERS/AMAZON/AVFABUL
AXAAXCESSABLES	AXAAXCESSABLES	cherrypicksreviews.com	HTTPS://WWW.CHERRYPICKSREVIEWS.COM/BRAND/AXA-AXCESSABLES
AYAFATO	AYAFATO	cherrypicksreviews.com	HTTPS://WWW.CHERRYPICKSREVIEWS.COM/BRAND/AYAFATO
AYL	AYL	cherrypicksreviews.com	HTTPS://WWW.CHERRYPICKSREVIEWS.COM/BRAND/AYL
AZUNO	AZUNOTOOLS	cherrypicksreviews.com	HTTPS://WWW.CHERRYPICKSREVIEWS.COM/SELLERS/AMAZON/AZUNO-TOOLS
BACKBAYAUDIO	BACKBAYAUDIO	cherrypicksreviews.com	HTTPS://WWW.CHERRYPICKSREVIEWS.COM/BRAND/BACK-BAY-AUDIO
BACKNETS	BACKNETS	cherrypicksreviews.com	HTTPS://WWW.CHERRYPICKSREVIEWS.COM/SELLERS/AMAZON/BACKNETS
BAERFO	BAERFO	cherrypicksreviews.com	HTTPS://WWW.CHERRYPICKSREVIEWS.COM/BRAND/BAERFO
BAIMAHUI	BAIMAHUI	cherrypicksreviews.com	HTTPS://WWW.CHERRYPICKSREVIEWS.COM/SELLERS/AMAZON/BAIMAHUI
BAKERANDBOLT	BAKERANDBOLT	cherrypicksreviews.com	HTTPS://WWW.CHERRYPICKSREVIEWS.COM/BRAND/BAKER-AND-BOLT
BALAPET	BALAPET	cherrypicksreviews.com	HTTPS://WWW.CHERRYPICKSREVIEWS.COM/BRAND/BALAPET
BALOBOO	BALOBOO	cherrypicksreviews.com	HTTPS://WWW.CHERRYPICKSREVIEWS.COM/BRAND/BALOBOO
BAMTALK	BAMTALK	cherrypicksreviews.com	HTTPS://WWW.CHERRYPICKSREVIEWS.COM/BRAND/BAMTALK
BAMTALK	BAMTALK	cherrypicksreviews.com	HTTPS://WWW.CHERRYPICKSREVIEWS.COM/SELLERS/AMAZON/BAMTALK
BANOMII	BANOMII	cherrypicksreviews.com	HTTPS://WWW.CHERRYPICKSREVIEWS.COM/BRAND/BANOMII
BARCHRONS	BARCHRONS	cherrypicksreviews.com	HTTPS://WWW.CHERRYPICKSREVIEWS.COM/SELLERS/AMAZON/BARCHRONS
BASHPACKAGING	BASHPACKAGING	cherrypicksreviews.com	HTTPS://WWW.CHERRYPICKSREVIEWS.COM/SELLERS/AMAZON/BASH-PACKAGING
BASMILE	BASMILE	cherrypicksreviews.com	HTTPS://WWW.CHERRYPICKSREVIEWS.COM/SELLERS/AMAZON/BASMILE
BASRDIS	BASRDIS	cherrypicksreviews.com	HTTPS://WWW.CHERRYPICKSREVIEWS.COM/BRAND/BASRDIS
BASTWE	BASTWE	cherrypicksreviews.com	HTTPS://WWW.CHERRYPICKSREVIEWS.COM/BRAND/BASTWE
BATTIFE	BATTIFE	cherrypicksreviews.com	HTTPS://WWW.CHERRYPICKSREVIEWS.COM/BRAND/BATTIFE
BAXENDALEANDCO	BAXENDALEANDCO	cherrypicksreviews.com	HTTPS://WWW.CHERRYPICKSREVIEWS.COM/SELLERS/AMAZON/BAXENDALE-AND-CO
BBXWANG	BBXWANGZZ	cherrypicksreviews.com	HTTPS://WWW.CHERRYPICKSREVIEWS.COM/SELLERS/AMAZON/BBXWANG-ZZ
BEAUTIFIVE	BEAUTIFIVE	cherrypicksreviews.com	HTTPS://WWW.CHERRYPICKSREVIEWS.COM/BRAND/BEAUTIFIVE
BEAUTYFACIALEXTREME	BEAUTYFACIALEXTREME	cherrypicksreviews.com	HTTPS://WWW.CHERRYPICKSREVIEWS.COM/SELLERS/AMAZON/BEAUTY-FACIAL-EXTREME
BEAUTYMADEEASY	BEAUTYMADEEASY	cherrypicksreviews.com	HTTPS://WWW.CHERRYPICKSREVIEWS.COM/BRAND/BEAUTY-MADE-EASY
BEEBEL	BEEBEL	cherrypicksreviews.com	HTTPS://WWW.CHERRYPICKSREVIEWS.COM/BRAND/BEEBEL
BEICARIN	BEICARINUS	cherrypicksreviews.com	HTTPS://WWW.CHERRYPICKSREVIEWS.COM/SELLERS/AMAZON/BEICARIN-US
BEINGNATURALS	BEINGNATURALS	cherrypicksreviews.com	HTTPS://WWW.CHERRYPICKSREVIEWS.COM/BRAND/BEING-NATURALS
BELLSAL	BELLSAL	cherrypicksreviews.com	HTTPS://WWW.CHERRYPICKSREVIEWS.COM/SELLERS/AMAZON/BELLSAL
BENERAY	BENERAY	cherrypicksreviews.com	HTTPS://WWW.CHERRYPICKSREVIEWS.COM/SELLERS/AMAZON/BENERAY
BENEWY	BENEWY	cherrypicksreviews.com	HTTPS://WWW.CHERRYPICKSREVIEWS.COM/BRAND/BENEWY
BEON	BEON	cherrypicksreviews.com	HTTPS://WWW.CHERRYPICKSREVIEWS.COM/BRAND/BEON
BESSWIN	BESSWINUS	cherrypicksreviews.com	HTTPS://WWW.CHERRYPICKSREVIEWS.COM/SELLERS/AMAZON/BESSWIN-US
BESTBUYDAMASCUS1	BESTBUYDAMASCUS1	cherrypicksreviews.com	HTTPS://WWW.CHERRYPICKSREVIEWS.COM/SELLERS/AMAZON/BEST-BUY-DAMASCUS1
BESTDEALEVER	BESTDEALEVER	cherrypicksreviews.com	HTTPS://WWW.CHERRYPICKSREVIEWS.COM/SELLERS/AMAZON/BESTDEALEVER
BESTOMZ	BESTOMZ	cherrypicksreviews.com	HTTPS://WWW.CHERRYPICKSREVIEWS.COM/SELLERS/AMAZON/BESTOMZ
BESTPARTSCOM	BESTPARTSCOM	cherrypicksreviews.com	HTTPS://WWW.CHERRYPICKSREVIEWS.COM/SELLERS/AMAZON/BESTPARTSCOM
BESTYLEZ	BESTYLEZ	cherrypicksreviews.com	HTTPS://WWW.CHERRYPICKSREVIEWS.COM/BRAND/BESTYLEZ
BESWIT	BESWIT	cherrypicksreviews.com	HTTPS://WWW.CHERRYPICKSREVIEWS.COM/BRAND/BESWIT
BETTERFUTUREGLASS	BETTERFUTUREGLASS	cherrypicksreviews.com	HTTPS://WWW.CHERRYPICKSREVIEWS.COM/SELLERS/AMAZON/BETTER-FUTURE-GLASS
BETYHOM	BETYHOMART	cherrypicksreviews.com	HTTPS://WWW.CHERRYPICKSREVIEWS.COM/SELLERS/AMAZON/BETYHOM-ART
BEVILIU	BEVILIUUS	cherrypicksreviews.com	HTTPS://WWW.CHERRYPICKSREVIEWS.COM/SELLERS/AMAZON/BEVILIU-US
BEWINNER	BEWINNER	cherrypicksreviews.com	HTTPS://WWW.CHERRYPICKSREVIEWS.COM/BRAND/BEWINNER
BGOVERSS	BGOVERSS	cherrypicksreviews.com	HTTPS://WWW.CHERRYPICKSREVIEWS.COM/BRAND/BGOVERSS
BIAOGE	BIAOGERUNNING	cherrypicksreviews.com	HTTPS://WWW.CHERRYPICKSREVIEWS.COM/SELLERS/AMAZON/BIAOGE-RUNNING
BICASTER	BICASTER	cherrypicksreviews.com	HTTPS://WWW.CHERRYPICKSREVIEWS.COM/BRAND/BICASTER
BICEDO	BICEDO	cherrypicksreviews.com	HTTPS://WWW.CHERRYPICKSREVIEWS.COM/BRAND/BICEDO
BICROPS	BICROPS	cherrypicksreviews.com	HTTPS://WWW.CHERRYPICKSREVIEWS.COM/SELLERS/AMAZON/BICROPS
BILITOOLS	BILITOOLS	cherrypicksreviews.com	HTTPS://WWW.CHERRYPICKSREVIEWS.COM/BRAND/BILITOOLS
BINFU	BINFU	cherrypicksreviews.com	HTTPS://WWW.CHERRYPICKSREVIEWS.COM/BRAND/BINFU
BINGBRUSH	BINGBRUSH	cherrypicksreviews.com	HTTPS://WWW.CHERRYPICKSREVIEWS.COM/BRAND/BINGBRUSH
BINGGOGO	BINGGOGO	cherrypicksreviews.com	HTTPS://WWW.CHERRYPICKSREVIEWS.COM/SELLERS/AMAZON/BINGGOGO
BININBOX	BININBOX	cherrypicksreviews.com	HTTPS://WWW.CHERRYPICKSREVIEWS.COM/BRAND/BININBOX
BISLINKS	BISLINKS	cherrypicksreviews.com	HTTPS://WWW.CHERRYPICKSREVIEWS.COM/SELLERS/AMAZON/BISLINKS
BISTEE	BISTEE	cherrypicksreviews.com	HTTPS://WWW.CHERRYPICKSREVIEWS.COM/BRAND/BISTEE
BIUZKO	BIUZKO	cherrypicksreviews.com	HTTPS://WWW.CHERRYPICKSREVIEWS.COM/BRAND/BIUZKO
BIXME	BIXME	cherrypicksreviews.com	HTTPS://WWW.CHERRYPICKSREVIEWS.COM/SELLERS/AMAZON/BIXME
BKISY	BKISY	cherrypicksreviews.com	HTTPS://WWW.CHERRYPICKSREVIEWS.COM/SELLERS/AMAZON/BKISY
BKPPLZP	BKPPLZP	cherrypicksreviews.com	HTTPS://WWW.CHERRYPICKSREVIEWS.COM/BRAND/BKPPLZP
BLACKSMITHFAMILY	BLACKSMITHFAMILY	cherrypicksreviews.com	HTTPS://WWW.CHERRYPICKSREVIEWS.COM/BRAND/BLACKSMITH-FAMILY
BLAOICNI	BLAOICNI	cherrypicksreviews.com	HTTPS://WWW.CHERRYPICKSREVIEWS.COM/BRAND/BLAOICNI
BLISSVENT	HYGIERINSEBLISSVENT	cherrypicksreviews.com	HTTPS://WWW.CHERRYPICKSREVIEWS.COM/BRAND/HYGIE-RINSE-BLISSVENT
BLOGGERLOVE	BLOGGERLOVE	cherrypicksreviews.com	HTTPS://WWW.CHERRYPICKSREVIEWS.COM/SELLERS/AMAZON/BLOGGERLOVE
BLUELAKEPERFORMANCE	BLUELAKEPERFORMANCE	cherrypicksreviews.com	HTTPS://WWW.CHERRYPICKSREVIEWS.COM/BRAND/BLUE-LAKE-PERFORMANCE
BLUTOGET	BLUTOGET	cherrypicksreviews.com	HTTPS://WWW.CHERRYPICKSREVIEWS.COM/BRAND/BLUTOGET
BMVINVOL	BMVINVOL	cherrypicksreviews.com	HTTPS://WWW.CHERRYPICKSREVIEWS.COM/SELLERS/AMAZON/BMVINVOL
BNUNWISH	BNUNWISH	cherrypicksreviews.com	HTTPS://WWW.CHERRYPICKSREVIEWS.COM/BRAND/BNUNWISH
BOBIKUKE	BOBIKUKE	cherrypicksreviews.com	HTTPS://WWW.CHERRYPICKSREVIEWS.COM/BRAND/BOBIKUKE
BOCBCO	BOCBCO	cherrypicksreviews.com	HTTPS://WWW.CHERRYPICKSREVIEWS.COM/BRAND/BOCBCO
BOCID	BOCID	cherrypicksreviews.com	HTTPS://WWW.CHERRYPICKSREVIEWS.COM/BRAND/BOCID
BOMCOSY	BOMCOSY	cherrypicksreviews.com	HTTPS://WWW.CHERRYPICKSREVIEWS.COM/BRAND/BOMCOSY
BOMEIJIA	BOMEIJIA	cherrypicksreviews.com	HTTPS://WWW.CHERRYPICKSREVIEWS.COM/BRAND/BOMEIJIA
BONCERA	BONCERA	cherrypicksreviews.com	HTTPS://WWW.CHERRYPICKSREVIEWS.COM/BRAND/BONCERA
BONEW	BONEW	cherrypicksreviews.com	HTTPS://WWW.CHERRYPICKSREVIEWS.COM/BRAND/BONEW
BONIKLUBA	BONIKLUBA	cherrypicksreviews.com	HTTPS://WWW.CHERRYPICKSREVIEWS.COM/BRAND/BONIKLUBA
BONNIESTORE	BONNIESTORE	cherrypicksreviews.com	HTTPS://WWW.CHERRYPICKSREVIEWS.COM/SELLERS/AMAZON/BONNIESTORE
BONYTEK	BONYTEK	cherrypicksreviews.com	HTTPS://WWW.CHERRYPICKSREVIEWS.COM/SELLERS/AMAZON/BONYTEK
BOOPH	BOOPH	cherrypicksreviews.com	HTTPS://WWW.CHERRYPICKSREVIEWS.COM/BRAND/BOOPH
BORACELL	BORACELL	cherrypicksreviews.com	HTTPS://WWW.CHERRYPICKSREVIEWS.COM/BRAND/BORACELL
BORHOOD	BORHOOD	cherrypicksreviews.com	HTTPS://WWW.CHERRYPICKSREVIEWS.COM/SELLERS/AMAZON/BORHOOD
BORYILI	BORYLILIGHTING	cherrypicksreviews.com	HTTPS://WWW.CHERRYPICKSREVIEWS.COM/SELLERS/AMAZON/BORYLI-LIGHTING
BOVICKEP	BOVKE	cherrypicksreviews.com	HTTPS://WWW.CHERRYPICKSREVIEWS.COM/BRAND/BOVKE
BOXWAVECORPORATION	BOXWAVECORPORATION	cherrypicksreviews.com	HTTPS://WWW.CHERRYPICKSREVIEWS.COM/BRAND/BOXWAVE-CORPORATION
BOYAN	BOYAN	cherrypicksreviews.com	HTTPS://WWW.CHERRYPICKSREVIEWS.COM/BRAND/BOYAN
BOYAZIQI	BOYAZIQI	cherrypicksreviews.com	HTTPS://WWW.CHERRYPICKSREVIEWS.COM/BRAND/BOYA-ZIQI
BOYAZIQI	BOYAZIQIUS	cherrypicksreviews.com	HTTPS://WWW.CHERRYPICKSREVIEWS.COM/SELLERS/AMAZON/BOYA-ZIQI-US
BQKOZFIN	BQKOZFINUS	cherrypicksreviews.com	HTTPS://WWW.CHERRYPICKSREVIEWS.COM/SELLERS/AMAZON/BQKOZFIN-US
BRAVEWAY	BRAVEWAY	cherrypicksreviews.com	HTTPS://WWW.CHERRYPICKSREVIEWS.COM/BRAND/BRAVEWAY
BRIGIC	BRIGIC	cherrypicksreviews.com	HTTPS://WWW.CHERRYPICKSREVIEWS.COM/BRAND/BRIGIC
BRITIMES	BRITIMES	cherrypicksreviews.com	HTTPS://WWW.CHERRYPICKSREVIEWS.COM/BRAND/BRITIMES
BROSHAN	BROSHAN	cherrypicksreviews.com	HTTPS://WWW.CHERRYPICKSREVIEWS.COM/BRAND/BROSHAN
BROUYOUE	BROUYOUE	cherrypicksreviews.com	HTTPS://WWW.CHERRYPICKSREVIEWS.COM/SELLERS/AMAZON/BROUYOUE
BSISME	BSISME	cherrypicksreviews.com	HTTPS://WWW.CHERRYPICKSREVIEWS.COM/SELLERS/AMAZON/BSISME
BUANIIH	BUANIIH	cherrypicksreviews.com	HTTPS://WWW.CHERRYPICKSREVIEWS.COM/BRAND/BUANIIH
BUBBACARE	BUBBACARE	cherrypicksreviews.com	HTTPS://WWW.CHERRYPICKSREVIEWS.COM/BRAND/BUBBACARE
BUKM	BUKM	cherrypicksreviews.com	HTTPS://WWW.CHERRYPICKSREVIEWS.COM/BRAND/BUKM
BULLTOOLS	BULLTOOLS	cherrypicksreviews.com	HTTPS://WWW.CHERRYPICKSREVIEWS.COM/BRAND/BULLTOOLS
BURDURRY	BURDURRY	cherrypicksreviews.com	HTTPS://WWW.CHERRYPICKSREVIEWS.COM/SELLERS/AMAZON/BURDURRY
BURYEAH	BURYEAH	cherrypicksreviews.com	HTTPS://WWW.CHERRYPICKSREVIEWS.COM/BRAND/BURYEAH
BUSAMEDO	BUSAMEDO	cherrypicksreviews.com	HTTPS://WWW.CHERRYPICKSREVIEWS.COM/BRAND/BUSAMEDO
BUTTERFOX	BUTTERFOX	cherrypicksreviews.com	HTTPS://WWW.CHERRYPICKSREVIEWS.COM/BRAND/BUTTERFOX
CAIUL	CAIUL	cherrypicksreviews.com	HTTPS://WWW.CHERRYPICKSREVIEWS.COM/BRAND/CAIUL
CAKA	CAKA	cherrypicksreviews.com	HTTPS://WWW.CHERRYPICKSREVIEWS.COM/BRAND/CAKA
CAKCTON	CAKCTON	cherrypicksreviews.com	HTTPS://WWW.CHERRYPICKSREVIEWS.COM/BRAND/CAKCTON
CAMBASE	CAMBASE	cherrypicksreviews.com	HTTPS://WWW.CHERRYPICKSREVIEWS.COM/BRAND/CAMBASE
CANDIKO	CANDIKO	cherrypicksreviews.com	HTTPS://WWW.CHERRYPICKSREVIEWS.COM/SELLERS/AMAZON/CANDIKO
CAOXIONG	CAOXIONG	cherrypicksreviews.com	HTTPS://WWW.CHERRYPICKSREVIEWS.COM/SELLERS/AMAZON/CAOXIONG
CARANTEE	CARANTEE	cherrypicksreviews.com	HTTPS://WWW.CHERRYPICKSREVIEWS.COM/BRAND/CARANTEE
CAREFREEFISH	CAREFREEFISH	cherrypicksreviews.com	HTTPS://WWW.CHERRYPICKSREVIEWS.COM/BRAND/CAREFREE-FISH
CARTENER	CARTENER	cherrypicksreviews.com	HTTPS://WWW.CHERRYPICKSREVIEWS.COM/SELLERS/AMAZON/CARTENER
CCBEAUTY	CCBEAUTY	cherrypicksreviews.com	HTTPS://WWW.CHERRYPICKSREVIEWS.COM/BRAND/CCBEAUTY
CEDARSPACE	CEDARSPACE	cherrypicksreviews.com	HTTPS://WWW.CHERRYPICKSREVIEWS.COM/BRAND/CEDAR-SPACE
CENIPAR	CENIPAR	cherrypicksreviews.com	HTTPS://WWW.CHERRYPICKSREVIEWS.COM/BRAND/CENIPAR
CEOIGHE	CEOIGHE	cherrypicksreviews.com	HTTPS://WWW.CHERRYPICKSREVIEWS.COM/BRAND/CEOIGHE
CERTUSGLOBAL	CERTUSGLOBAL	cherrypicksreviews.com	HTTPS://WWW.CHERRYPICKSREVIEWS.COM/BRAND/CERTUS-GLOBAL
CESIMAGING	CESIMAGING	cherrypicksreviews.com	HTTPS://WWW.CHERRYPICKSREVIEWS.COM/SELLERS/AMAZON/CES-IMAGING
CESTMALL	CESALL	cherrypicksreviews.com	HTTPS://WWW.CHERRYPICKSREVIEWS.COM/SELLERS/AMAZON/CESTMALL
CFADVANCE	CFADVANCE	cherrypicksreviews.com	HTTPS://WWW.CHERRYPICKSREVIEWS.COM/SELLERS/AMAZON/CF-ADVANCE
CFKJ	CFKJ	cherrypicksreviews.com	HTTPS://WWW.CHERRYPICKSREVIEWS.COM/BRAND/CFKJ
CGELE	CGELEOFFICIALSTORE	cherrypicksreviews.com	HTTPS://WWW.CHERRYPICKSREVIEWS.COM/SELLERS/AMAZON/CGELE-OFFICIAL-STORE
CHANGUAN	CHANGUAN	cherrypicksreviews.com	HTTPS://WWW.CHERRYPICKSREVIEWS.COM/BRAND/CHANGUAN
CHARMCODE	CHARMCODE	cherrypicksreviews.com	HTTPS://WWW.CHERRYPICKSREVIEWS.COM/BRAND/CHARMCODE
CHERRYSEA	CHERRYSEA	cherrypicksreviews.com	HTTPS://WWW.CHERRYPICKSREVIEWS.COM/BRAND/CHERRYSEA
CHIRONAL	CHIRONAL	cherrypicksreviews.com	HTTPS://WWW.CHERRYPICKSREVIEWS.COM/BRAND/CHIRONAL
CHMETE	CHMETE	cherrypicksreviews.com	HTTPS://WWW.CHERRYPICKSREVIEWS.COM/BRAND/CHMETE
CHNEE	CHNEEDIRECT	cherrypicksreviews.com	HTTPS://WWW.CHERRYPICKSREVIEWS.COM/SELLERS/AMAZON/CHNEE-DIRECT
CHOOBA	CHOOBA	cherrypicksreviews.com	HTTPS://WWW.CHERRYPICKSREVIEWS.COM/SELLERS/AMAZON/CHOOBA
CHUNLE	CHUNLE	cherrypicksreviews.com	HTTPS://WWW.CHERRYPICKSREVIEWS.COM/SELLERS/AMAZON/CHUNLE
CIAYS	CIAYS	cherrypicksreviews.com	HTTPS://WWW.CHERRYPICKSREVIEWS.COM/BRAND/CIAYS
CIGOTU	CIGOTU	cherrypicksreviews.com	HTTPS://WWW.CHERRYPICKSREVIEWS.COM/SELLERS/AMAZON/CIGOTU
CINCHDONE	CINCHDONE	cherrypicksreviews.com	HTTPS://WWW.CHERRYPICKSREVIEWS.COM/SELLERS/AMAZON/CINCHDONE
CIPOTAL	CIPOTAL	cherrypicksreviews.com	HTTPS://WWW.CHERRYPICKSREVIEWS.COM/BRAND/CIPOTAL
CJOY	CJOY	cherrypicksreviews.com	HTTPS://WWW.CHERRYPICKSREVIEWS.COM/BRAND/CJOY
CKNY	CKNY	cherrypicksreviews.com	HTTPS://WWW.CHERRYPICKSREVIEWS.COM/SELLERS/AMAZON/CKNY
CKOFGDSUE	CKOFGDSUE	cherrypicksreviews.com	HTTPS://WWW.CHERRYPICKSREVIEWS.COM/BRAND/CKOFGDSUE
CLEANTT	CLEANTT	cherrypicksreviews.com	HTTPS://WWW.CHERRYPICKSREVIEWS.COM/SELLERS/AMAZON/CLEANTT
CLEVERBRAND	CLEVERBRAND	cherrypicksreviews.com	HTTPS://WWW.CHERRYPICKSREVIEWS.COM/BRAND/CLEVERBRAND
CLEVERBRAND	CLEVERBRAND	cherrypicksreviews.com	HTTPS://WWW.CHERRYPICKSREVIEWS.COM/BRAND/CLEVERBRAND-INC
CLOTHFUN	CLOTHFUN	cherrypicksreviews.com	HTTPS://WWW.CHERRYPICKSREVIEWS.COM/SELLERS/AMAZON/CLOTHFUN
CLOTHGENIUS	CLOTHGENIUS	cherrypicksreviews.com	HTTPS://WWW.CHERRYPICKSREVIEWS.COM/SELLERS/AMAZON/CLOTH-GENIUS
CLOTHKNOW	CLOTHKNOW	cherrypicksreviews.com	HTTPS://WWW.CHERRYPICKSREVIEWS.COM/SELLERS/AMAZON/CLOTHKNOW
CLOUDTRIP	CLOUDTRIP	cherrypicksreviews.com	HTTPS://WWW.CHERRYPICKSREVIEWS.COM/SELLERS/AMAZON/CLOUDTRIP
CLYROOM	CLYROOM	cherrypicksreviews.com	HTTPS://WWW.CHERRYPICKSREVIEWS.COM/BRAND/CLYROOM
CMLHARDWARE	CMLHARDWARE	cherrypicksreviews.com	HTTPS://WWW.CHERRYPICKSREVIEWS.COM/SELLERS/AMAZON/CML-HARDWARE
CNAIYUNPIN	CNAIYUNPIN	cherrypicksreviews.com	HTTPS://WWW.CHERRYPICKSREVIEWS.COM/BRAND/CNAIYUNPIN
CNWOOAIVE	CNWOOAIVE	cherrypicksreviews.com	HTTPS://WWW.CHERRYPICKSREVIEWS.COM/BRAND/CNWOOAIVE
COCECA	COCECA	cherrypicksreviews.com	HTTPS://WWW.CHERRYPICKSREVIEWS.COM/BRAND/COCECA
COINKOLY	COINKOLY	cherrypicksreviews.com	HTTPS://WWW.CHERRYPICKSREVIEWS.COM/SELLERS/AMAZON/COINKOLY
COKUNST	COKUNST	cherrypicksreviews.com	HTTPS://WWW.CHERRYPICKSREVIEWS.COM/BRAND/COKUNST
COLEEY	COLEEYDEALS	cherrypicksreviews.com	HTTPS://WWW.CHERRYPICKSREVIEWS.COM/SELLERS/AMAZON/COLEEY-DEALS
COLORFULCHILDHOOD	COLORFULCHILDHOOD	cherrypicksreviews.com	HTTPS://WWW.CHERRYPICKSREVIEWS.COM/SELLERS/AMAZON/COLORFUL-CHILDHOOD
COMMCLAD	COMMCLAD	cherrypicksreviews.com	HTTPS://WWW.CHERRYPICKSREVIEWS.COM/BRAND/COMMCLAD
COMMCLADS	COMMCLAD	cherrypicksreviews.com	HTTPS://WWW.CHERRYPICKSREVIEWS.COM/BRAND/COMMCLAD
CONHENCI	CONHENCI	cherrypicksreviews.com	HTTPS://WWW.CHERRYPICKSREVIEWS.COM/BRAND/CONHENCI
COOKMAX	COOKMAX	cherrypicksreviews.com	HTTPS://WWW.CHERRYPICKSREVIEWS.COM/BRAND/COOKMAX
CORCUP	CORCUP	cherrypicksreviews.com	HTTPS://WWW.CHERRYPICKSREVIEWS.COM/SELLERS/AMAZON/CORCUP
COSBAY	COSBAY	cherrypicksreviews.com	HTTPS://WWW.CHERRYPICKSREVIEWS.COM/BRAND/COSBAY
COSIBELL	COSIBELL	cherrypicksreviews.com	HTTPS://WWW.CHERRYPICKSREVIEWS.COM/BRAND/COSIBELL
COSPLAYDIY	COSPLAYDIY	cherrypicksreviews.com	HTTPS://WWW.CHERRYPICKSREVIEWS.COM/BRAND/COSPLAYDIY
COTTINGTONLANE	COTTINGTONLANE	cherrypicksreviews.com	HTTPS://WWW.CHERRYPICKSREVIEWS.COM/SELLERS/AMAZON/COTTINGTON-LANE
COYAHO	COYAHO	cherrypicksreviews.com	HTTPS://WWW.CHERRYPICKSREVIEWS.COM/SELLERS/AMAZON/COYAHO
COZEEMAX	COZEEMAX	cherrypicksreviews.com	HTTPS://WWW.CHERRYPICKSREVIEWS.COM/BRAND/COZEEMAX/KITCHEN-AND-DINING
COZYPLANET	COZYPLANET	cherrypicksreviews.com	HTTPS://WWW.CHERRYPICKSREVIEWS.COM/SELLERS/AMAZON/COZY-PLANET
CRAFTERSMARK	CRAFTERSMARK	cherrypicksreviews.com	HTTPS://WWW.CHERRYPICKSREVIEWS.COM/BRAND/CRAFTERSMARK
CREATECHY	CREATEY	cherrypicksreviews.com	HTTPS://WWW.CHERRYPICKSREVIEWS.COM/SELLERS/AMAZON/CREATEY
CREATEY	CREATEY	cherrypicksreviews.com	HTTPS://WWW.CHERRYPICKSREVIEWS.COM/SELLERS/AMAZON/CREATEY
CRETEE	CRETEE	cherrypicksreviews.com	HTTPS://WWW.CHERRYPICKSREVIEWS.COM/SELLERS/AMAZON/CRETEE
CROMONCENT	CROMONCENT	cherrypicksreviews.com	HTTPS://WWW.CHERRYPICKSREVIEWS.COM/BRAND/CROMONCENT
CSASAN	CSASAN	cherrypicksreviews.com	HTTPS://WWW.CHERRYPICKSREVIEWS.COM/BRAND/CSASAN
CTCOPPERTAILOR	CTCOPPERTAILOR	cherrypicksreviews.com	HTTPS://WWW.CHERRYPICKSREVIEWS.COM/SELLERS/AMAZON/CT-COPPER-TAILOR
CTOMOA	CTOMOA	cherrypicksreviews.com	HTTPS://WWW.CHERRYPICKSREVIEWS.COM/BRAND/CTOMOA
CTOMOA	CTOMOABIGHOUSE	cherrypicksreviews.com	HTTPS://WWW.CHERRYPICKSREVIEWS.COM/SELLERS/AMAZON/CTOMOA-BIG-HOUSE
CUILVU	CUILVU	cherrypicksreviews.com	HTTPS://WWW.CHERRYPICKSREVIEWS.COM/SELLERS/AMAZON/CUILVU
CULIPPA	CULIPPA	cherrypicksreviews.com	HTTPS://WWW.CHERRYPICKSREVIEWS.COM/BRAND/CULIPPA
CUNHILL	CUNHILL	cherrypicksreviews.com	HTTPS://WWW.CHERRYPICKSREVIEWS.COM/BRAND/CUNHILL
CUQUE	CUQUE	cherrypicksreviews.com	HTTPS://WWW.CHERRYPICKSREVIEWS.COM/BRAND/CUQUE
CURVELAND	CURVELAND	cherrypicksreviews.com	HTTPS://WWW.CHERRYPICKSREVIEWS.COM/BRAND/CURVELAND
CUSINAID	CUSINAID	cherrypicksreviews.com	HTTPS://WWW.CHERRYPICKSREVIEWS.COM/BRAND/CUSINAID
CUWINY	CUWINY	cherrypicksreviews.com	HTTPS://WWW.CHERRYPICKSREVIEWS.COM/SELLERS/AMAZON/CUWINY
CVNDKN	CVNDKN	cherrypicksreviews.com	HTTPS://WWW.CHERRYPICKSREVIEWS.COM/SELLERS/AMAZON/CVNDKN
CWATCUN	CWATCUN	cherrypicksreviews.com	HTTPS://WWW.CHERRYPICKSREVIEWS.COM/BRAND/CWATCUN
CWATCUN	CWATCUNOFFICIALSTORE	cherrypicksreviews.com	HTTPS://WWW.CHERRYPICKSREVIEWS.COM/SELLERS/AMAZON/CWATCUN-OFFICIAL-STORE
CYCLYSIO	CYCLYSIO	cherrypicksreviews.com	HTTPS://WWW.CHERRYPICKSREVIEWS.COM/BRAND/CYCLYSIO
CYSKY	CYSKY	cherrypicksreviews.com	HTTPS://WWW.CHERRYPICKSREVIEWS.COM/BRAND/CYSKY
DABOGOSA	DABOGOSA	cherrypicksreviews.com	HTTPS://WWW.CHERRYPICKSREVIEWS.COM/BRAND/DABOGOSA
DAEYEGIM	DAEYEGIM	cherrypicksreviews.com	HTTPS://WWW.CHERRYPICKSREVIEWS.COM/SELLERS/AMAZON/DAEYEGIM
DAJUNGUO	DAJUNGUO	cherrypicksreviews.com	HTTPS://WWW.CHERRYPICKSREVIEWS.COM/BRAND/DAJUNGUO
DAKCOS	DAKCOSUS	cherrypicksreviews.com	HTTPS://WWW.CHERRYPICKSREVIEWS.COM/SELLERS/AMAZON/DAKCOS-US
DAMHOSBYY	DAMOHONY	cherrypicksreviews.com	HTTPS://WWW.CHERRYPICKSREVIEWS.COM/BRAND/DAMOHONY
DAMOHONY	DAMOHONY	cherrypicksreviews.com	HTTPS://WWW.CHERRYPICKSREVIEWS.COM/BRAND/DAMOHONY
DANDYDECORBYKOCO	DANDYDECORBYKOCO	cherrypicksreviews.com	HTTPS://WWW.CHERRYPICKSREVIEWS.COM/SELLERS/AMAZON/DANDY-DECOR-BY-KO-CO
DARKAWAY	DARKAWAY	cherrypicksreviews.com	HTTPS://WWW.CHERRYPICKSREVIEWS.COM/SELLERS/AMAZON/DARKAWAY
DAVIVY	DAVIVY	cherrypicksreviews.com	HTTPS://WWW.CHERRYPICKSREVIEWS.COM/BRAND/DAVIVY
DAYSKY	DAYSKYOFFICIALSTORE	cherrypicksreviews.com	HTTPS://WWW.CHERRYPICKSREVIEWS.COM/SELLERS/AMAZON/DAYSKY-OFFICIAL-STORE
DBDPET	DBDPET	cherrypicksreviews.com	HTTPS://WWW.CHERRYPICKSREVIEWS.COM/BRAND/DBDPET
DBTACDOMOREBEMORE	DBTACDOMOREBEMORE	cherrypicksreviews.com	HTTPS://WWW.CHERRYPICKSREVIEWS.COM/BRAND/DBTAC-DO-MORE-BE-MORE
DEALPEAK	DEALPEAK	cherrypicksreviews.com	HTTPS://WWW.CHERRYPICKSREVIEWS.COM/SELLERS/AMAZON/DEALPEAK
DEARGOODAY	DEARGOODAY	cherrypicksreviews.com	HTTPS://WWW.CHERRYPICKSREVIEWS.COM/BRAND/DEARGOODAY
DEARHOUSEDEARHOUSE	DEARHOUSE	cherrypicksreviews.com	HTTPS://WWW.CHERRYPICKSREVIEWS.COM/SELLERS/AMAZON/DEARHOUSE
DECAKILA	DECAKILA	cherrypicksreviews.com	HTTPS://WWW.CHERRYPICKSREVIEWS.COM/BRAND/DECAKILA
DEFEAN	DEFEAN	cherrypicksreviews.com	HTTPS://WWW.CHERRYPICKSREVIEWS.COM/BRAND/DEFEAN
DELICITALYPUREITALIANFOOD	DELICITALYPUREITALIANFOOD	cherrypicksreviews.com	HTTPS://WWW.CHERRYPICKSREVIEWS.COM/BRAND/DELICITALY-PURE-ITALIAN-FOOD
DELSBBQ	DELSBBQ	cherrypicksreviews.com	HTTPS://WWW.CHERRYPICKSREVIEWS.COM/SELLERS/AMAZON/DELSBBQ
DERMUM	DERMUM	cherrypicksreviews.com	HTTPS://WWW.CHERRYPICKSREVIEWS.COM/BRAND/DERMUM
DEVALOOKHAIREXTENSIONS	DEVALOOKHAIREXTENSION	cherrypicksreviews.com	HTTPS://WWW.CHERRYPICKSREVIEWS.COM/BRAND/DEVALOOK-HAIR-EXTENSION
DEWHEL	DEWHEL	cherrypicksreviews.com	HTTPS://WWW.CHERRYPICKSREVIEWS.COM/BRAND/DEWHEL
DEWSHRIMP	DEWSHRIMP	cherrypicksreviews.com	HTTPS://WWW.CHERRYPICKSREVIEWS.COM/SELLERS/AMAZON/DEWSHRIMP
DFMICRO	DFMICRO	cherrypicksreviews.com	HTTPS://WWW.CHERRYPICKSREVIEWS.COM/SELLERS/AMAZON/DFMICRO
DFUGUO	DFUGUO	cherrypicksreviews.com	HTTPS://WWW.CHERRYPICKSREVIEWS.COM/SELLERS/AMAZON/DFUGUO
DIDOYA	DIDOYA	cherrypicksreviews.com	HTTPS://WWW.CHERRYPICKSREVIEWS.COM/BRAND/DIDOYA
DIGITHARBOR	DIGITHARBOR	cherrypicksreviews.com	HTTPS://WWW.CHERRYPICKSREVIEWS.COM/BRAND/DIGITHARBOR
DIGUO	DIGUO	cherrypicksreviews.com	HTTPS://WWW.CHERRYPICKSREVIEWS.COM/BRAND/DIGUO
DININES	DININES	cherrypicksreviews.com	HTTPS://WWW.CHERRYPICKSREVIEWS.COM/BRAND/DININES
DISCOUNTCENTRALONLINE	DISCOUNTCENTRALONLINE	cherrypicksreviews.com	HTTPS://WWW.CHERRYPICKSREVIEWS.COM/SELLERS/AMAZON/DISCOUNTCENTRALONLINE
DIWUER	DIWUER	cherrypicksreviews.com	HTTPS://WWW.CHERRYPICKSREVIEWS.COM/SELLERS/AMAZON/DIWUER
DIYHZ	DIYHZ	cherrypicksreviews.com	HTTPS://WWW.CHERRYPICKSREVIEWS.COM/BRAND/DIYHZ
DNSLY	DNSLY	cherrypicksreviews.com	HTTPS://WWW.CHERRYPICKSREVIEWS.COM/BRAND/DNSLY
DNYSYSJ	DNYSYSJ	cherrypicksreviews.com	HTTPS://WWW.CHERRYPICKSREVIEWS.COM/SELLERS/AMAZON/DNYSYSJ
DOBEFOMISELECTRONICS	DOBEFOMISELECTRONICS	cherrypicksreviews.com	HTTPS://WWW.CHERRYPICKSREVIEWS.COM/BRAND/DOBE-FOMIS-ELECTRONICS
DOCKTECKEXPAND	DOCKTECKEXPAND	cherrypicksreviews.com	HTTPS://WWW.CHERRYPICKSREVIEWS.COM/BRAND/DOCKTECKEXPAND
DOMALLK	DOMALLK	cherrypicksreviews.com	HTTPS://WWW.CHERRYPICKSREVIEWS.COM/SELLERS/AMAZON/DOMALLK-INC
DONWORD	DONWORD	cherrypicksreviews.com	HTTPS://WWW.CHERRYPICKSREVIEWS.COM/SELLERS/AMAZON/DONWORD
DONYER	DONYERPOWER	cherrypicksreviews.com	HTTPS://WWW.CHERRYPICKSREVIEWS.COM/BRAND/DONYER-POWER
DOOHOEEK	DOOHOEEK	cherrypicksreviews.com	HTTPS://WWW.CHERRYPICKSREVIEWS.COM/BRAND/DOOHOEEK
DOUSY	DOUSY	cherrypicksreviews.com	HTTPS://WWW.CHERRYPICKSREVIEWS.COM/SELLERS/AMAZON/DOUSY
DREAMOSA	DREAMOSA	cherrypicksreviews.com	HTTPS://WWW.CHERRYPICKSREVIEWS.COM/BRAND/DREAMOSA
DREAMSLIM	DREAMSLIM	cherrypicksreviews.com	HTTPS://WWW.CHERRYPICKSREVIEWS.COM/BRAND/DREAM-SLIM
DRELD	DRELD	cherrypicksreviews.com	HTTPS://WWW.CHERRYPICKSREVIEWS.COM/SELLERS/AMAZON/DRELD
DRETTYER	DRETTYER	cherrypicksreviews.com	HTTPS://WWW.CHERRYPICKSREVIEWS.COM/SELLERS/AMAZON/DRETTYER
DRGSKL	DRGSKL	cherrypicksreviews.com	HTTPS://WWW.CHERRYPICKSREVIEWS.COM/BRAND/DRGSKL
DRGSKL	DRGSKL	cherrypicksreviews.com	HTTPS://WWW.CHERRYPICKSREVIEWS.COM/SELLERS/AMAZON/DRGSKL
DRILLHULK	DRILLHULK	cherrypicksreviews.com	HTTPS://WWW.CHERRYPICKSREVIEWS.COM/BRAND/DRILL-HULK
DRMILLS	DRMILLS	cherrypicksreviews.com	HTTPS://WWW.CHERRYPICKSREVIEWS.COM/BRAND/DR-MILLS
DRSN	DRSN	cherrypicksreviews.com	HTTPS://WWW.CHERRYPICKSREVIEWS.COM/BRAND/DRSN
DTJYRT	DTJYRT	cherrypicksreviews.com	HTTPS://WWW.CHERRYPICKSREVIEWS.COM/BRAND/DTJYRT
DUALPOW	DUALPOW	cherrypicksreviews.com	HTTPS://WWW.CHERRYPICKSREVIEWS.COM/BRAND/DUALPOW
DULAYAMEMORIES	DULAYAMEMORIESINART	cherrypicksreviews.com	HTTPS://WWW.CHERRYPICKSREVIEWS.COM/BRAND/DULAYA-MEMORIES-IN-ART
DUOAN	DUOAN	cherrypicksreviews.com	HTTPS://WWW.CHERRYPICKSREVIEWS.COM/SELLERS/AMAZON/DUOAN
DXFWYTZQ	DXFWZQ	cherrypicksreviews.com	HTTPS://WWW.CHERRYPICKSREVIEWS.COM/BRAND/DXFWZQ
DYKAY	DYKAY	cherrypicksreviews.com	HTTPS://WWW.CHERRYPICKSREVIEWS.COM/SELLERS/AMAZON/DYKAY
DZG	DZG	cherrypicksreviews.com	HTTPS://WWW.CHERRYPICKSREVIEWS.COM/BRAND/DZG
DZHOT51	DZHOT51	cherrypicksreviews.com	HTTPS://WWW.CHERRYPICKSREVIEWS.COM/SELLERS/AMAZON/DZHOT51
EAGLEGGO	EAGLEGGO	cherrypicksreviews.com	HTTPS://WWW.CHERRYPICKSREVIEWS.COM/SELLERS/AMAZON/EAGLEGGO
EARTHHUGGER	EARTHHUGGER	cherrypicksreviews.com	HTTPS://WWW.CHERRYPICKSREVIEWS.COM/BRAND/EARTH-HUGGER
EASTYLISH	ASTYLISH	cherrypicksreviews.com	HTTPS://WWW.CHERRYPICKSREVIEWS.COM/SELLERS/AMAZON/ASTYLISH
EBARGAINWORLD	EBARGAINWORLD	cherrypicksreviews.com	HTTPS://WWW.CHERRYPICKSREVIEWS.COM/SELLERS/AMAZON/EBARGAINWORLD
ECHALLENGE	ECHALLENGE	cherrypicksreviews.com	HTTPS://WWW.CHERRYPICKSREVIEWS.COM/SELLERS/AMAZON/ECHALLENGE
ECHOSEREIN	ECHOSEREIN	cherrypicksreviews.com	HTTPS://WWW.CHERRYPICKSREVIEWS.COM/BRAND/ECHOSEREIN
ECONAVA	ECONAVA	cherrypicksreviews.com	HTTPS://WWW.CHERRYPICKSREVIEWS.COM/SELLERS/AMAZON/ECONAVA
EDEARKAR	EDEARKAR	cherrypicksreviews.com	HTTPS://WWW.CHERRYPICKSREVIEWS.COM/SELLERS/AMAZON/EDEARKAR
EDOSTORY	EDOSTORY	cherrypicksreviews.com	HTTPS://WWW.CHERRYPICKSREVIEWS.COM/SELLERS/AMAZON/EDOSTORY
EDOTFISH	EDOTFISH	cherrypicksreviews.com	HTTPS://WWW.CHERRYPICKSREVIEWS.COM/SELLERS/AMAZON/EDOTFISH
EEYAD	EEYAD	cherrypicksreviews.com	HTTPS://WWW.CHERRYPICKSREVIEWS.COM/SELLERS/AMAZON/EEYAD
EGANGAUTO	EGANGAUTO	cherrypicksreviews.com	HTTPS://WWW.CHERRYPICKSREVIEWS.COM/SELLERS/AMAZON/EGANG-AUTO
EIDEARAY	EIDEARAY	cherrypicksreviews.com	HTTPS://WWW.CHERRYPICKSREVIEWS.COM/BRAND/EIDEARAY
EIGRAMSET	EIGRAMSET	cherrypicksreviews.com	HTTPS://WWW.CHERRYPICKSREVIEWS.COM/BRAND/EIGRAMSET
EINFAGOOD	EINFAGOOD	cherrypicksreviews.com	HTTPS://WWW.CHERRYPICKSREVIEWS.COM/BRAND/EINFAGOOD
EINMAIQI	EINMAIQISTORE	cherrypicksreviews.com	HTTPS://WWW.CHERRYPICKSREVIEWS.COM/SELLERS/AMAZON/EINMAIQI-STORE
EJGNA	EJGNA	cherrypicksreviews.com	HTTPS://WWW.CHERRYPICKSREVIEWS.COM/BRAND/EJGNA
EKACO	EKACO	cherrypicksreviews.com	HTTPS://WWW.CHERRYPICKSREVIEWS.COM/SELLERS/AMAZON/EKACO
EKAT	EKAT	cherrypicksreviews.com	HTTPS://WWW.CHERRYPICKSREVIEWS.COM/BRAND/EKAT
EKKHYSIS	EKKHYSIS	cherrypicksreviews.com	HTTPS://WWW.CHERRYPICKSREVIEWS.COM/SELLERS/AMAZON/EKKHYSIS
EKRIST	EKRIST	cherrypicksreviews.com	HTTPS://WWW.CHERRYPICKSREVIEWS.COM/BRAND/EKRIST
ELEGANTDISPOSABLES	ELEGANTDISPOSABLES	cherrypicksreviews.com	HTTPS://WWW.CHERRYPICKSREVIEWS.COM/SELLERS/AMAZON/ELEGANT-DISPOSABLES
ELISWEEN	ELISWEEN	cherrypicksreviews.com	HTTPS://WWW.CHERRYPICKSREVIEWS.COM/BRAND/ELISWEEN
ELITEHOOD	ELITEHOOD	cherrypicksreviews.com	HTTPS://WWW.CHERRYPICKSREVIEWS.COM/SELLERS/AMAZON/ELITEHOOD
ELLEWINS	ELLEWIN	cherrypicksreviews.com	HTTPS://WWW.CHERRYPICKSREVIEWS.COM/BRAND/ELLEWIN
ELLIGHT	ELLIGHT	cherrypicksreviews.com	HTTPS://WWW.CHERRYPICKSREVIEWS.COM/BRAND/ELLIGHT
ELMISH	ELMISH	cherrypicksreviews.com	HTTPS://WWW.CHERRYPICKSREVIEWS.COM/BRAND/ELMISH
ELVASEN	ELVASEN	cherrypicksreviews.com	HTTPS://WWW.CHERRYPICKSREVIEWS.COM/SELLERS/AMAZON/ELVASEN
ELYSEOUL	ELYSEOUL	cherrypicksreviews.com	HTTPS://WWW.CHERRYPICKSREVIEWS.COM/BRAND/ELYSEOUL
ELYUM	ELYUMDIRECT	cherrypicksreviews.com	HTTPS://WWW.CHERRYPICKSREVIEWS.COM/SELLERS/AMAZON/ELYUM-DIRECT
EMANJOR	EMANJOR	cherrypicksreviews.com	HTTPS://WWW.CHERRYPICKSREVIEWS.COM/BRAND/EMANJOR
EMMANDSOPHIE	EMMANDSOPHIE	cherrypicksreviews.com	HTTPS://WWW.CHERRYPICKSREVIEWS.COM/SELLERS/AMAZON/EMMANDSOPHIE
EMUST	EMUST	cherrypicksreviews.com	HTTPS://WWW.CHERRYPICKSREVIEWS.COM/BRAND/EMUST
ENGERWALL	ENGERWALL	cherrypicksreviews.com	HTTPS://WWW.CHERRYPICKSREVIEWS.COM/SELLERS/AMAZON/ENGERWALL
ENGINDOT	ENGINDOTDIRECT	cherrypicksreviews.com	HTTPS://WWW.CHERRYPICKSREVIEWS.COM/SELLERS/AMAZON/ENGINDOT-DIRECT
ENHON	ENHON	cherrypicksreviews.com	HTTPS://WWW.CHERRYPICKSREVIEWS.COM/BRAND/ENHON
ENJOYIST	ENJOYIST	cherrypicksreviews.com	HTTPS://WWW.CHERRYPICKSREVIEWS.COM/SELLERS/AMAZON/ENJOYIST
ENKUODE	ENKUODE	cherrypicksreviews.com	HTTPS://WWW.CHERRYPICKSREVIEWS.COM/SELLERS/AMAZON/ENKUODE
ENSLI	ENSLILIGHTING	cherrypicksreviews.com	HTTPS://WWW.CHERRYPICKSREVIEWS.COM/SELLERS/AMAZON/ENSLI-LIGHTING
ENTSPORT	ENTSPORT	cherrypicksreviews.com	HTTPS://WWW.CHERRYPICKSREVIEWS.COM/BRAND/ENTSPORT
EPAKH	EPAKH	cherrypicksreviews.com	HTTPS://WWW.CHERRYPICKSREVIEWS.COM/BRAND/EPAKH
EPARTSOLUTION	EPARTSOLUTION	cherrypicksreviews.com	HTTPS://WWW.CHERRYPICKSREVIEWS.COM/BRAND/EPARTSOLUTION
EPICORGANICUM	EPICORGANICUM	cherrypicksreviews.com	HTTPS://WWW.CHERRYPICKSREVIEWS.COM/SELLERS/AMAZON/EPICORGANICUM
EPSKY	EPSKY	cherrypicksreviews.com	HTTPS://WWW.CHERRYPICKSREVIEWS.COM/SELLERS/AMAZON/EPSKY
ERJIGO9	ERJIGO	cherrypicksreviews.com	HTTPS://WWW.CHERRYPICKSREVIEWS.COM/BRAND/ERJIGO
ERKWEI	ERKWEI	cherrypicksreviews.com	HTTPS://WWW.CHERRYPICKSREVIEWS.COM/BRAND/ERKWEI
ESENLONG	ESENLONG	cherrypicksreviews.com	HTTPS://WWW.CHERRYPICKSREVIEWS.COM/BRAND/ESENLONG
ESISSENILS	ESISSENILS	cherrypicksreviews.com	HTTPS://WWW.CHERRYPICKSREVIEWS.COM/BRAND/ESISSENILS
ESISSENILS	ESISSENILSOFFICIALSTORE	cherrypicksreviews.com	HTTPS://WWW.CHERRYPICKSREVIEWS.COM/SELLERS/AMAZON/ESISSENILS-OFFICIAL-STORE
ESSENSON	ESSENSON	cherrypicksreviews.com	HTTPS://WWW.CHERRYPICKSREVIEWS.COM/BRAND/ESSENSON
ESSENTIALSBYSEVENAPPAREL	ESSENTIALSBYSEVENAPPAREL	cherrypicksreviews.com	HTTPS://WWW.CHERRYPICKSREVIEWS.COM/BRAND/ESSENTIALS-BY-SEVEN-APPAREL
ESUPEREGROW	ESUPEREGROW	cherrypicksreviews.com	HTTPS://WWW.CHERRYPICKSREVIEWS.COM/BRAND/E-SUPEREGROW
ETERISH	ETERISH	cherrypicksreviews.com	HTTPS://WWW.CHERRYPICKSREVIEWS.COM/SELLERS/AMAZON/ETERISH
ETEVON	ETEVON	cherrypicksreviews.com	HTTPS://WWW.CHERRYPICKSREVIEWS.COM/BRAND/ETEVON
ETGUUDS	ETGUUDS	cherrypicksreviews.com	HTTPS://WWW.CHERRYPICKSREVIEWS.COM/SELLERS/AMAZON/ETGUUDS
ETONE	ETONE	cherrypicksreviews.com	HTTPS://WWW.CHERRYPICKSREVIEWS.COM/BRAND/ETONE
ETOOLCITY	ETOOLCITY	cherrypicksreviews.com	HTTPS://WWW.CHERRYPICKSREVIEWS.COM/SELLERS/AMAZON/ETOOLCITY
EUWAY	EUWAY	cherrypicksreviews.com	HTTPS://WWW.CHERRYPICKSREVIEWS.COM/SELLERS/AMAZON/EUWAY
EVERELECTRIX	EVERELECTRIX	cherrypicksreviews.com	HTTPS://WWW.CHERRYPICKSREVIEWS.COM/BRAND/EVERELECTRIX/TOOLS-AND-HOME-IMPROVEMENT
EVERNARY	EVERNARY	cherrypicksreviews.com	HTTPS://WWW.CHERRYPICKSREVIEWS.COM/BRAND/EVERNARY
EVONECY	EVONECY	cherrypicksreviews.com	HTTPS://WWW.CHERRYPICKSREVIEWS.COM/BRAND/EVONECY
EVOVEE	EVOVEE	cherrypicksreviews.com	HTTPS://WWW.CHERRYPICKSREVIEWS.COM/SELLERS/AMAZON/EVOVEE
EWANYO	EWANYO	cherrypicksreviews.com	HTTPS://WWW.CHERRYPICKSREVIEWS.COM/BRAND/EWANYO
EWETON	EWETON	cherrypicksreviews.com	HTTPS://WWW.CHERRYPICKSREVIEWS.COM/BRAND/EWETON
EWETON	EWETON	cherrypicksreviews.com	HTTPS://WWW.CHERRYPICKSREVIEWS.COM/SELLERS/AMAZON/EWETON
EWONICE	EWONICE	cherrypicksreviews.com	HTTPS://WWW.CHERRYPICKSREVIEWS.COM/SELLERS/AMAZON/EWONICE
EXMATE	EXMATE	cherrypicksreviews.com	HTTPS://WWW.CHERRYPICKSREVIEWS.COM/BRAND/EXMATE/HOME-AND-KITCHEN
EYESEN	EYESEN	cherrypicksreviews.com	HTTPS://WWW.CHERRYPICKSREVIEWS.COM/BRAND/EYESEN
FACHLICH	FACHLICH	cherrypicksreviews.com	HTTPS://WWW.CHERRYPICKSREVIEWS.COM/BRAND/FACHLICH/TOOLS-AND-HOME-IMPROVEMENT
FACTORYSPEC	FACTORYSPEC	cherrypicksreviews.com	HTTPS://WWW.CHERRYPICKSREVIEWS.COM/BRAND/FACTORY-SPEC
FAHREN	FAHREN	cherrypicksreviews.com	HTTPS://WWW.CHERRYPICKSREVIEWS.COM/BRAND/FAHREN
FAHXNVB	FAHXNVB	cherrypicksreviews.com	HTTPS://WWW.CHERRYPICKSREVIEWS.COM/BRAND/FAHXNVB/HEALTH-AND-HOUSEHOLD
FAKUGO	FAKUGO	cherrypicksreviews.com	HTTPS://WWW.CHERRYPICKSREVIEWS.COM/SELLERS/AMAZON/FAKUGO
FANCOLE	FANCOLE	cherrypicksreviews.com	HTTPS://WWW.CHERRYPICKSREVIEWS.COM/BRAND/FANCOLE
FANCYBUYINGCO	FANCYBUYING	cherrypicksreviews.com	HTTPS://WWW.CHERRYPICKSREVIEWS.COM/SELLERS/AMAZON/FANCY-BUYING
FANKIWAY	FANKIWAY	cherrypicksreviews.com	HTTPS://WWW.CHERRYPICKSREVIEWS.COM/BRAND/FANKIWAY
FANLORY	FANLORY	cherrypicksreviews.com	HTTPS://WWW.CHERRYPICKSREVIEWS.COM/SELLERS/AMAZON/FANLORY
FANTASEAL	FANTASEAL	cherrypicksreviews.com	HTTPS://WWW.CHERRYPICKSREVIEWS.COM/BRAND/FANTASEAL
FARAER	FARAER	cherrypicksreviews.com	HTTPS://WWW.CHERRYPICKSREVIEWS.COM/SELLERS/AMAZON/FARAER
FASHIONPIPES	FASHIONPIPES	cherrypicksreviews.com	HTTPS://WWW.CHERRYPICKSREVIEWS.COM/BRAND/FASHION-PIPES
FASHOME	FASHOME	cherrypicksreviews.com	HTTPS://WWW.CHERRYPICKSREVIEWS.COM/BRAND/FASHOME
FASKUNOIE	FASKUNOIE	cherrypicksreviews.com	HTTPS://WWW.CHERRYPICKSREVIEWS.COM/BRAND/FASKUNOIE
FATEXPRESS	FATEXPRESS	cherrypicksreviews.com	HTTPS://WWW.CHERRYPICKSREVIEWS.COM/SELLERS/AMAZON/FATEXPRESS
FAWLES	FAWLES	cherrypicksreviews.com	HTTPS://WWW.CHERRYPICKSREVIEWS.COM/BRAND/FAWLES
FAZMOSS	FAZMOSS	cherrypicksreviews.com	HTTPS://WWW.CHERRYPICKSREVIEWS.COM/BRAND/FAZMOSS
FDMGEL	FDMGELUSA	cherrypicksreviews.com	HTTPS://WWW.CHERRYPICKSREVIEWS.COM/SELLERS/AMAZON/FDMGEL-USA
FEATHERLILY	FEATHERLILY	cherrypicksreviews.com	HTTPS://WWW.CHERRYPICKSREVIEWS.COM/BRAND/FEATHER-LILY
FECIHOR	FECIHOR	cherrypicksreviews.com	HTTPS://WWW.CHERRYPICKSREVIEWS.COM/BRAND/FECIHOR
FEDICELLY	FEDICELLY	cherrypicksreviews.com	HTTPS://WWW.CHERRYPICKSREVIEWS.COM/BRAND/FEDICELLY
FEDOUR	FEDOUR	cherrypicksreviews.com	HTTPS://WWW.CHERRYPICKSREVIEWS.COM/BRAND/FEDOUR
FEEL2NICE	FEEL2NICE	cherrypicksreviews.com	HTTPS://WWW.CHERRYPICKSREVIEWS.COM/BRAND/FEEL2NICE
FELICITYSIMPLICITY	FELICITYSIMPLICITY	cherrypicksreviews.com	HTTPS://WWW.CHERRYPICKSREVIEWS.COM/SELLERS/AMAZON/FELICITY-SIMPLICITY
FENGYING	FENGYING	cherrypicksreviews.com	HTTPS://WWW.CHERRYPICKSREVIEWS.COM/SELLERS/AMAZON/FENGYING
FEOB	FEOBDIRECT	cherrypicksreviews.com	HTTPS://WWW.CHERRYPICKSREVIEWS.COM/SELLERS/AMAZON/FEOB-DIRECT
FEOMOS	FEOMOS	cherrypicksreviews.com	HTTPS://WWW.CHERRYPICKSREVIEWS.COM/BRAND/FEOMOS
FESCIORY	FESCIORY	cherrypicksreviews.com	HTTPS://WWW.CHERRYPICKSREVIEWS.COM/BRAND/FESCIORY
FESCIORY	FESCIORY	cherrypicksreviews.com	HTTPS://WWW.CHERRYPICKSREVIEWS.COM/SELLERS/AMAZON/FESCIORY
FETEULO	FETEULO	cherrypicksreviews.com	HTTPS://WWW.CHERRYPICKSREVIEWS.COM/SELLERS/AMAZON/FETEULO
FFOOYY	FOOYOO	cherrypicksreviews.com	HTTPS://WWW.CHERRYPICKSREVIEWS.COM/BRAND/FOOYOO
FGBNM	FGBNMSTORE	cherrypicksreviews.com	HTTPS://WWW.CHERRYPICKSREVIEWS.COM/SELLERS/AMAZON/FGBNM-STORE
FGDFGDG	FGDFGDG	cherrypicksreviews.com	HTTPS://WWW.CHERRYPICKSREVIEWS.COM/BRAND/FGDFGDG
FIFCHALL	FIFCHALL	cherrypicksreviews.com	HTTPS://WWW.CHERRYPICKSREVIEWS.COM/BRAND/FIFCHALL
FIFCHALL	FIFCHALL	cherrypicksreviews.com	HTTPS://WWW.CHERRYPICKSREVIEWS.COM/BRAND/FIFCHALL/PATIO-LAWN-AND-GARDEN
FILMEXT	FILMEXT	cherrypicksreviews.com	HTTPS://WWW.CHERRYPICKSREVIEWS.COM/BRAND/FILMEXT
FINDCHIC	FINDCHIC	cherrypicksreviews.com	HTTPS://WWW.CHERRYPICKSREVIEWS.COM/BRAND/FINDCHIC
FINDWORLD	FINDWORLD	cherrypicksreviews.com	HTTPS://WWW.CHERRYPICKSREVIEWS.COM/BRAND/FINDWORLD
FINDWORLD	FINDWORLD	cherrypicksreviews.com	HTTPS://WWW.CHERRYPICKSREVIEWS.COM/SELLERS/AMAZON/FINDWORLD
FIRDNYOHS	FIRDNYOHS	cherrypicksreviews.com	HTTPS://WWW.CHERRYPICKSREVIEWS.COM/SELLERS/AMAZON/FIRDNYOHS
FIREGAS	FIREGAS	cherrypicksreviews.com	HTTPS://WWW.CHERRYPICKSREVIEWS.COM/BRAND/FIREGAS
FIXCRACKED	FIXCRACKED	cherrypicksreviews.com	HTTPS://WWW.CHERRYPICKSREVIEWS.COM/SELLERS/AMAZON/FIXCRACKED
FIXXPERTISE	FIXXPERTISE	cherrypicksreviews.com	HTTPS://WWW.CHERRYPICKSREVIEWS.COM/BRAND/FIXXPERTISE
FLIEKS	FLIEKS	cherrypicksreviews.com	HTTPS://WWW.CHERRYPICKSREVIEWS.COM/BRAND/FLIEKS
FLOATIDEA	FLOATIDEA	cherrypicksreviews.com	HTTPS://WWW.CHERRYPICKSREVIEWS.COM/BRAND/FLOATIDEA
FLORALEAF	FLORALEAF	cherrypicksreviews.com	HTTPS://WWW.CHERRYPICKSREVIEWS.COM/BRAND/FLORALEAF/PATIO-LAWN-AND-GARDEN
FLUNYINA	FLUNYINA	cherrypicksreviews.com	HTTPS://WWW.CHERRYPICKSREVIEWS.COM/SELLERS/AMAZON/FLUNYINA
FLUTESAN	FLUTESAN	cherrypicksreviews.com	HTTPS://WWW.CHERRYPICKSREVIEWS.COM/BRAND/FLUTESAN
FLYONSEA	FLYONSEA	cherrypicksreviews.com	HTTPS://WWW.CHERRYPICKSREVIEWS.COM/SELLERS/AMAZON/FLYONSEA
FOANRIY	FOANRIY	cherrypicksreviews.com	HTTPS://WWW.CHERRYPICKSREVIEWS.COM/BRAND/FOANRIY
FOCUSFOTO	FOCUSFOTO	cherrypicksreviews.com	HTTPS://WWW.CHERRYPICKSREVIEWS.COM/SELLERS/AMAZON/FOCUSFOTO
FOEVAFLO	FOEVAFLO	cherrypicksreviews.com	HTTPS://WWW.CHERRYPICKSREVIEWS.COM/BRAND/FOEVAFLO/HOME-AND-KITCHEN
FOLANDA	FOLANDAUS	cherrypicksreviews.com	HTTPS://WWW.CHERRYPICKSREVIEWS.COM/SELLERS/AMAZON/FOLANDA-US
FOMANSH	FOMANSH	cherrypicksreviews.com	HTTPS://WWW.CHERRYPICKSREVIEWS.COM/BRAND/FOMANSH
FONYVE	FONYVE	cherrypicksreviews.com	HTTPS://WWW.CHERRYPICKSREVIEWS.COM/BRAND/FONYVE
FOOYOO	FOOYOO	cherrypicksreviews.com	HTTPS://WWW.CHERRYPICKSREVIEWS.COM/BRAND/FOOYOO
FORCENTER	FORCENTER	cherrypicksreviews.com	HTTPS://WWW.CHERRYPICKSREVIEWS.COM/BRAND/FORCENTER
FOREGOER	FOREGOER	cherrypicksreviews.com	HTTPS://WWW.CHERRYPICKSREVIEWS.COM/BRAND/FOREGOER
FORTUNATEVER	FORTUNATEVER	cherrypicksreviews.com	HTTPS://WWW.CHERRYPICKSREVIEWS.COM/BRAND/FORTUNATEVER
FORTUNINGSJDS	FORTUNINGSJDS	cherrypicksreviews.com	HTTPS://WWW.CHERRYPICKSREVIEWS.COM/BRAND/FORTUNING-S-JDS
FRAGRAIM	FRAGRAIM	cherrypicksreviews.com	HTTPS://WWW.CHERRYPICKSREVIEWS.COM/BRAND/FRAGRAIM
FRAGRAIM	FRAGRAIM	cherrypicksreviews.com	HTTPS://WWW.CHERRYPICKSREVIEWS.COM/SELLERS/AMAZON/FRAGRAIM
FRESHFINEST	FRESHFINEST	cherrypicksreviews.com	HTTPS://WWW.CHERRYPICKSREVIEWS.COM/SELLERS/AMAZON/FRESH-FINEST
FRESHTOUR	FRESHTOURTECHNOLOGYLIMITED	cherrypicksreviews.com	HTTPS://WWW.CHERRYPICKSREVIEWS.COM/SELLERS/AMAZON/FRESHTOUR-TECHNOLOGY-LIMITED
FRIEYSS	FRIEYSS	cherrypicksreviews.com	HTTPS://WWW.CHERRYPICKSREVIEWS.COM/SELLERS/AMAZON/FRIEYSS
FRTKK	FRTKK	cherrypicksreviews.com	HTTPS://WWW.CHERRYPICKSREVIEWS.COM/BRAND/FRTKK
FSTCRT	FSTCRT	cherrypicksreviews.com	HTTPS://WWW.CHERRYPICKSREVIEWS.COM/BRAND/FSTCRT
FTCAYANZ	FTCAYANZ	cherrypicksreviews.com	HTTPS://WWW.CHERRYPICKSREVIEWS.COM/SELLERS/AMAZON/FTCAYANZ
FUDULE	FUDULE	cherrypicksreviews.com	HTTPS://WWW.CHERRYPICKSREVIEWS.COM/SELLERS/AMAZON/FUDULE
FUJICOM	FUJICOM	cherrypicksreviews.com	HTTPS://WWW.CHERRYPICKSREVIEWS.COM/BRAND/FUJICOM
FULLCOMTECH	FULLCOMTECH	cherrypicksreviews.com	HTTPS://WWW.CHERRYPICKSREVIEWS.COM/SELLERS/AMAZON/FULLCOM-TECH
FULUODE	FULUODE	cherrypicksreviews.com	HTTPS://WWW.CHERRYPICKSREVIEWS.COM/BRAND/FULUODE
FULUODE	FULUODEEXCLUSIVESTORE	cherrypicksreviews.com	HTTPS://WWW.CHERRYPICKSREVIEWS.COM/SELLERS/AMAZON/FULUODE-EXCLUSIVE-STORE
FUNDRO	FUNDROONLINE	cherrypicksreviews.com	HTTPS://WWW.CHERRYPICKSREVIEWS.COM/SELLERS/AMAZON/FUNDRO-ONLINE
FUNMIT	FUNMIT	cherrypicksreviews.com	HTTPS://WWW.CHERRYPICKSREVIEWS.COM/SELLERS/AMAZON/FUNMIT
FUNNFROLICUSA	FUNNFROLICUSA	cherrypicksreviews.com	HTTPS://WWW.CHERRYPICKSREVIEWS.COM/SELLERS/AMAZON/FUNN-FROLIC-USA
FUNNYWHALE	FUNNYWHALE	cherrypicksreviews.com	HTTPS://WWW.CHERRYPICKSREVIEWS.COM/BRAND/FUNNYWHALE
FUNOMO	FUNOMO	cherrypicksreviews.com	HTTPS://WWW.CHERRYPICKSREVIEWS.COM/SELLERS/AMAZON/FUNOMO
FUNTELL	FUNTELL	cherrypicksreviews.com	HTTPS://WWW.CHERRYPICKSREVIEWS.COM/SELLERS/AMAZON/FUNTELL
FUNTO	FUNTO	cherrypicksreviews.com	HTTPS://WWW.CHERRYPICKSREVIEWS.COM/BRAND/FUNTO
FUZMONOERE	FUZMONOERE	cherrypicksreviews.com	HTTPS://WWW.CHERRYPICKSREVIEWS.COM/SELLERS/AMAZON/FUZMONOERE
FWPP	FWPP	cherrypicksreviews.com	HTTPS://WWW.CHERRYPICKSREVIEWS.COM/SELLERS/AMAZON/FWPP
FXYXGYC	FXYXGYC	cherrypicksreviews.com	HTTPS://WWW.CHERRYPICKSREVIEWS.COM/BRAND/FXYXGYC
FYSMY	FYSMY	cherrypicksreviews.com	HTTPS://WWW.CHERRYPICKSREVIEWS.COM/SELLERS/AMAZON/FYSMY
G4S3	G4S3	cherrypicksreviews.com	HTTPS://WWW.CHERRYPICKSREVIEWS.COM/BRAND/G4S3
G4S3	G4S3	cherrypicksreviews.com	HTTPS://WWW.CHERRYPICKSREVIEWS.COM/BRAND/G4S3/HOME-AND-KITCHEN
GADE10	GDAE10	cherrypicksreviews.com	HTTPS://WWW.CHERRYPICKSREVIEWS.COM/SELLERS/AMAZON/GDAE10
GAGSU	GAGSU	cherrypicksreviews.com	HTTPS://WWW.CHERRYPICKSREVIEWS.COM/SELLERS/AMAZON/GAGSU
GANGMUTEC	GANGMUTECCOLTD	cherrypicksreviews.com	HTTPS://WWW.CHERRYPICKSREVIEWS.COM/SELLERS/AMAZON/GANGMU-TEC-CO-LTD
GAOS	GAOS	cherrypicksreviews.com	HTTPS://WWW.CHERRYPICKSREVIEWS.COM/SELLERS/AMAZON/GAOS
GARDENMATE	GARDENMATE	cherrypicksreviews.com	HTTPS://WWW.CHERRYPICKSREVIEWS.COM/BRAND/GARDENMATE
GAXCOO	GAXCOO	cherrypicksreviews.com	HTTPS://WWW.CHERRYPICKSREVIEWS.COM/BRAND/GAXCOO
GBJ1	GBJ1	cherrypicksreviews.com	HTTPS://WWW.CHERRYPICKSREVIEWS.COM/SELLERS/AMAZON/GBJ-1
GDFB	GDFB	cherrypicksreviews.com	HTTPS://WWW.CHERRYPICKSREVIEWS.COM/BRAND/GDFB
GDNZDUTS	GDNZDUTS	cherrypicksreviews.com	HTTPS://WWW.CHERRYPICKSREVIEWS.COM/BRAND/GDNZDUTS/TOOLS-AND-HOME-IMPROVEMENT
GDRASUYA	GDRASUYA10	cherrypicksreviews.com	HTTPS://WWW.CHERRYPICKSREVIEWS.COM/BRAND/GDRASUYA10
GEEKSTORY	GEEKSTORY	cherrypicksreviews.com	HTTPS://WWW.CHERRYPICKSREVIEWS.COM/BRAND/GEEKSTORY
GEINDUS	GEINDUS	cherrypicksreviews.com	HTTPS://WWW.CHERRYPICKSREVIEWS.COM/SELLERS/AMAZON/GEINDUS
GELINTO	GELINTO	cherrypicksreviews.com	HTTPS://WWW.CHERRYPICKSREVIEWS.COM/SELLERS/AMAZON/GELINTO
GELLWHU	GELLWHU	cherrypicksreviews.com	HTTPS://WWW.CHERRYPICKSREVIEWS.COM/SELLERS/AMAZON/GELLWHU
GENIBOOM	GENIBOOMTOYSTORE	cherrypicksreviews.com	HTTPS://WWW.CHERRYPICKSREVIEWS.COM/SELLERS/AMAZON/GENIBOOM-TOY-STORE
GENTAP	GENTAP	cherrypicksreviews.com	HTTPS://WWW.CHERRYPICKSREVIEWS.COM/SELLERS/AMAZON/GENTAP
GEOATON	GEOATON	cherrypicksreviews.com	HTTPS://WWW.CHERRYPICKSREVIEWS.COM/SELLERS/AMAZON/GEOATON
GERCHWAY	GERCHWAY	cherrypicksreviews.com	HTTPS://WWW.CHERRYPICKSREVIEWS.COM/BRAND/GERCHWAY
GIBELLE	GIBELLE	cherrypicksreviews.com	HTTPS://WWW.CHERRYPICKSREVIEWS.COM/BRAND/GIBELLE
GILEOOPARL	GILEOOPARL	cherrypicksreviews.com	HTTPS://WWW.CHERRYPICKSREVIEWS.COM/SELLERS/AMAZON/GILEOOPARL
GINGPAIBOXING	GINGPAIBOXING	cherrypicksreviews.com	HTTPS://WWW.CHERRYPICKSREVIEWS.COM/BRAND/GINGPAI-BOXING
GINSCO	GINSCO	cherrypicksreviews.com	HTTPS://WWW.CHERRYPICKSREVIEWS.COM/BRAND/GINSCO
GIRNOOR	GIRNOORUS	cherrypicksreviews.com	HTTPS://WWW.CHERRYPICKSREVIEWS.COM/SELLERS/AMAZON/GIRNOOR-US
GIVEORBUY	GIVEORBUY	cherrypicksreviews.com	HTTPS://WWW.CHERRYPICKSREVIEWS.COM/BRAND/GIVEORBUY
GKK	GKK	cherrypicksreviews.com	HTTPS://WWW.CHERRYPICKSREVIEWS.COM/BRAND/GKK
GKKUSA	GKK	cherrypicksreviews.com	HTTPS://WWW.CHERRYPICKSREVIEWS.COM/BRAND/GKK
GLAMHOBBY	GLAMHOBBY	cherrypicksreviews.com	HTTPS://WWW.CHERRYPICKSREVIEWS.COM/SELLERS/AMAZON/GLAM-HOBBY
GLATCOBERRY	GLATCOBERRY	cherrypicksreviews.com	HTTPS://WWW.CHERRYPICKSREVIEWS.COM/SELLERS/AMAZON/GLAT-COBERRY
GLBSUNION	GLBSUNION	cherrypicksreviews.com	HTTPS://WWW.CHERRYPICKSREVIEWS.COM/BRAND/GLBSUNION
GLEEBEE	GLEEBEE	cherrypicksreviews.com	HTTPS://WWW.CHERRYPICKSREVIEWS.COM/BRAND/GLEEBEE
GLEIVEN	GLEDEWEN	cherrypicksreviews.com	HTTPS://WWW.CHERRYPICKSREVIEWS.COM/BRAND/GLEDEWEN
GLENSAM	GLENSAM	cherrypicksreviews.com	HTTPS://WWW.CHERRYPICKSREVIEWS.COM/SELLERS/AMAZON/GLENSAM
GLIXAL	GLIXAL	cherrypicksreviews.com	HTTPS://WWW.CHERRYPICKSREVIEWS.COM/SELLERS/AMAZON/GLIXAL
GLORIASARAH	GLORIASARAH	cherrypicksreviews.com	HTTPS://WWW.CHERRYPICKSREVIEWS.COM/BRAND/GLORIA-SARAH
GLORICH	GLORICH	cherrypicksreviews.com	HTTPS://WWW.CHERRYPICKSREVIEWS.COM/BRAND/GLORICH
GLOWEEN	GLOWEEN	cherrypicksreviews.com	HTTPS://WWW.CHERRYPICKSREVIEWS.COM/BRAND/GLOWEEN
GO2BUY	GO2BUY	cherrypicksreviews.com	HTTPS://WWW.CHERRYPICKSREVIEWS.COM/BRAND/GO2BUY
GO2HOME	GO2HOME	cherrypicksreviews.com	HTTPS://WWW.CHERRYPICKSREVIEWS.COM/SELLERS/AMAZON/GO2HOME
GOAHKE	GOOKET	cherrypicksreviews.com	HTTPS://WWW.CHERRYPICKSREVIEWS.COM/BRAND/GOOKET
GOFORWILD	GOFORWILD	cherrypicksreviews.com	HTTPS://WWW.CHERRYPICKSREVIEWS.COM/BRAND/GOFORWILD
GOFULY	GOFULY	cherrypicksreviews.com	HTTPS://WWW.CHERRYPICKSREVIEWS.COM/BRAND/GOFULY
GOHONOR	GOHONOR	cherrypicksreviews.com	HTTPS://WWW.CHERRYPICKSREVIEWS.COM/SELLERS/AMAZON/GOHONOR
GOKNU	GOKNU	cherrypicksreviews.com	HTTPS://WWW.CHERRYPICKSREVIEWS.COM/SELLERS/AMAZON/GOKNU
GOLDCHAMP	GOLDCHAMP	cherrypicksreviews.com	HTTPS://WWW.CHERRYPICKSREVIEWS.COM/BRAND/GOLDCHAMP
GOLDCHAMP	GOLDCHAMP	cherrypicksreviews.com	HTTPS://WWW.CHERRYPICKSREVIEWS.COM/SELLERS/AMAZON/GOLDCHAMP
GOLDENSELECTIONAUTOPARTS	GOLDENSELECTIONAUTOPARTS	cherrypicksreviews.com	HTTPS://WWW.CHERRYPICKSREVIEWS.COM/BRAND/GOLDEN-SELECTION-AUTO-PARTS
GOLFUPP	GOLFUPP	cherrypicksreviews.com	HTTPS://WWW.CHERRYPICKSREVIEWS.COM/SELLERS/AMAZON/GOLFUPP
GOLLNWE	GOLLNWE	cherrypicksreviews.com	HTTPS://WWW.CHERRYPICKSREVIEWS.COM/SELLERS/AMAZON/GOLLNWE
GOODAAA	GOODAAA	cherrypicksreviews.com	HTTPS://WWW.CHERRYPICKSREVIEWS.COM/BRAND/GOODAAA
GOODSCIOUS	GOODSCIOUS	cherrypicksreviews.com	HTTPS://WWW.CHERRYPICKSREVIEWS.COM/BRAND/GOODSCIOUS
GOODTRADE8	GOODTRADE8	cherrypicksreviews.com	HTTPS://WWW.CHERRYPICKSREVIEWS.COM/BRAND/GOODTRADE8
GOODWORKER	GOODWORKER	cherrypicksreviews.com	HTTPS://WWW.CHERRYPICKSREVIEWS.COM/BRAND/GOOD-WORKER
GOOIDEA	GOOIDEA	cherrypicksreviews.com	HTTPS://WWW.CHERRYPICKSREVIEWS.COM/BRAND/GOOIDEA
GOPRETTY	GOPRETTY	cherrypicksreviews.com	HTTPS://WWW.CHERRYPICKSREVIEWS.COM/BRAND/GOPRETTY
GORILLABABO	GORILLABABO	cherrypicksreviews.com	HTTPS://WWW.CHERRYPICKSREVIEWS.COM/BRAND/GORILLA-BABO
GOSCIEN	GOSCIEN	cherrypicksreviews.com	HTTPS://WWW.CHERRYPICKSREVIEWS.COM/BRAND/GOSCIEN
GOTOUR	GOTOUR	cherrypicksreviews.com	HTTPS://WWW.CHERRYPICKSREVIEWS.COM/BRAND/GOTOUR
GOVNDVN	GOVNDVN	cherrypicksreviews.com	HTTPS://WWW.CHERRYPICKSREVIEWS.COM/BRAND/GOVNDVN
GOWENIC	GOWENIC	cherrypicksreviews.com	HTTPS://WWW.CHERRYPICKSREVIEWS.COM/BRAND/GOWENIC
GOWIZDREAM	GOWIZDREAM	cherrypicksreviews.com	HTTPS://WWW.CHERRYPICKSREVIEWS.COM/SELLERS/AMAZON/GOWIZDREAM
GPYG	GPYG	cherrypicksreviews.com	HTTPS://WWW.CHERRYPICKSREVIEWS.COM/SELLERS/AMAZON/GPYG
GRAPELET	GRAPELET	cherrypicksreviews.com	HTTPS://WWW.CHERRYPICKSREVIEWS.COM/BRAND/GRAPELET
GRAPHICDUST	GRAPHICDUST	cherrypicksreviews.com	HTTPS://WWW.CHERRYPICKSREVIEWS.COM/SELLERS/AMAZON/GRAPHIC-DUST
GRESUR	GRESUR	cherrypicksreviews.com	HTTPS://WWW.CHERRYPICKSREVIEWS.COM/SELLERS/AMAZON/GRESUR
GRIFILZERO	GRIFILZERO	cherrypicksreviews.com	HTTPS://WWW.CHERRYPICKSREVIEWS.COM/BRAND/GRIFIL-ZERO
GRILLJOB	GRILLJOB	cherrypicksreviews.com	HTTPS://WWW.CHERRYPICKSREVIEWS.COM/SELLERS/AMAZON/GRILLJOB
GROWSUN	GROWSUN	cherrypicksreviews.com	HTTPS://WWW.CHERRYPICKSREVIEWS.COM/BRAND/GROWSUN
GRUNENWOLKEN	GRUNENWOLKEN	cherrypicksreviews.com	HTTPS://WWW.CHERRYPICKSREVIEWS.COM/BRAND/GRUNEN-WOLKEN
GTGETCOTECH	GTGETCOTECH	cherrypicksreviews.com	HTTPS://WWW.CHERRYPICKSREVIEWS.COM/BRAND/GT-GETCO-TECH
GTGR	GTGR	cherrypicksreviews.com	HTTPS://WWW.CHERRYPICKSREVIEWS.COM/BRAND/GTGR
GUANFU	GUANFU	cherrypicksreviews.com	HTTPS://WWW.CHERRYPICKSREVIEWS.COM/SELLERS/AMAZON/GUANFU
GUANGFAN	GUANGFAN	cherrypicksreviews.com	HTTPS://WWW.CHERRYPICKSREVIEWS.COM/SELLERS/AMAZON/GUANGFAN
GUGXIOM	GUGXIOM	cherrypicksreviews.com	HTTPS://WWW.CHERRYPICKSREVIEWS.COM/BRAND/GUGXIOM
GUKASXI	GUKASXI	cherrypicksreviews.com	HTTPS://WWW.CHERRYPICKSREVIEWS.COM/SELLERS/AMAZON/GUKASXI
GUMPSGROCERY	GUMPSGROCERY	cherrypicksreviews.com	HTTPS://WWW.CHERRYPICKSREVIEWS.COM/SELLERS/AMAZON/GUMP-S-GROCERY
GUROBUST	GUROBUST	cherrypicksreviews.com	HTTPS://WWW.CHERRYPICKSREVIEWS.COM/SELLERS/AMAZON/GUROBUST
GUUDSOUD	GUUDSOUDDIRECT	cherrypicksreviews.com	HTTPS://WWW.CHERRYPICKSREVIEWS.COM/SELLERS/AMAZON/GUUDSOUD-DIRECT
GWENCY	GWENCY	cherrypicksreviews.com	HTTPS://WWW.CHERRYPICKSREVIEWS.COM/SELLERS/AMAZON/GWENCY
GWENCYDESIGN	GWENCY	cherrypicksreviews.com	HTTPS://WWW.CHERRYPICKSREVIEWS.COM/SELLERS/AMAZON/GWENCY
GZCZ	GZCZUS	cherrypicksreviews.com	HTTPS://WWW.CHERRYPICKSREVIEWS.COM/SELLERS/AMAZON/GZCZ-US
GZESZT	GZESZT	cherrypicksreviews.com	HTTPS://WWW.CHERRYPICKSREVIEWS.COM/BRAND/GZESZT
GZSBABY	GZSBABY	cherrypicksreviews.com	HTTPS://WWW.CHERRYPICKSREVIEWS.COM/SELLERS/AMAZON/GZSBABY
GZVXUNY	GZVXUNY	cherrypicksreviews.com	HTTPS://WWW.CHERRYPICKSREVIEWS.COM/SELLERS/AMAZON/GZVXUNY
HADSKISS	HADSKISS	cherrypicksreviews.com	HTTPS://WWW.CHERRYPICKSREVIEWS.COM/SELLERS/AMAZON/HADSKISS
HAMILYLIGHTING	HAMILYLIGHTING	cherrypicksreviews.com	HTTPS://WWW.CHERRYPICKSREVIEWS.COM/SELLERS/AMAZON/HAMILY-LIGHTING
HANSGO	HANSGO	cherrypicksreviews.com	HTTPS://WWW.CHERRYPICKSREVIEWS.COM/BRAND/HANSGO
HAOGUO	HAOGUO	cherrypicksreviews.com	HTTPS://WWW.CHERRYPICKSREVIEWS.COM/BRAND/HAOGUO
HAOVM	HAOVM	cherrypicksreviews.com	HTTPS://WWW.CHERRYPICKSREVIEWS.COM/BRAND/HAOVM
HAPPIBUY	HAPPIBUY	cherrypicksreviews.com	HTTPS://WWW.CHERRYPICKSREVIEWS.COM/SELLERS/AMAZON/HAPPIBUY
HAPPINTER	HAPPINTER	cherrypicksreviews.com	HTTPS://WWW.CHERRYPICKSREVIEWS.COM/BRAND/HAPPINTER
HAUSMEISTER	HAUSMEISTER	cherrypicksreviews.com	HTTPS://WWW.CHERRYPICKSREVIEWS.COM/BRAND/HAUSMEISTER
HAWAIIWILLALWAYSBEHOME	HAWAIIWILLALWAYSBEHOME	cherrypicksreviews.com	HTTPS://WWW.CHERRYPICKSREVIEWS.COM/BRAND/HAWAII-WILL-ALWAYS-BE-HOME
HAWCAFU	HAWCAFU	cherrypicksreviews.com	HTTPS://WWW.CHERRYPICKSREVIEWS.COM/BRAND/HAWCAFU
HCISZL	HCISZLCOMMERCE	cherrypicksreviews.com	HTTPS://WWW.CHERRYPICKSREVIEWS.COM/SELLERS/AMAZON/HCISZL-COMMERCE
HCLHERBALCODELABS	HCLHERBALCODELABS	cherrypicksreviews.com	HTTPS://WWW.CHERRYPICKSREVIEWS.COM/SELLERS/AMAZON/HCL-HERBAL-CODE-LABS
HDSTHOME	HDSTHOME	cherrypicksreviews.com	HTTPS://WWW.CHERRYPICKSREVIEWS.COM/BRAND/HDST-HOME
HDSTHOME	HDSTHOME	cherrypicksreviews.com	HTTPS://WWW.CHERRYPICKSREVIEWS.COM/SELLERS/AMAZON/HDST-HOME
HDTIME	HDTIME	cherrypicksreviews.com	HTTPS://WWW.CHERRYPICKSREVIEWS.COM/BRAND/HDTIME
HEALOV	HEALOV	cherrypicksreviews.com	HTTPS://WWW.CHERRYPICKSREVIEWS.COM/BRAND/HEALOV
HEALTHGOODSIN	HEALTHGOODSIN	cherrypicksreviews.com	HTTPS://WWW.CHERRYPICKSREVIEWS.COM/BRAND/HEALTHGOODSIN
HEATHYBABY	HEATHYBABY	cherrypicksreviews.com	HTTPS://WWW.CHERRYPICKSREVIEWS.COM/SELLERS/AMAZON/HEATHYBABY
HEECHOO	HEECHOOOUTLET	cherrypicksreviews.com	HTTPS://WWW.CHERRYPICKSREVIEWS.COM/SELLERS/AMAZON/HEECHOO-OUTLET
HEGEBECK	HEGEBECK	cherrypicksreviews.com	HTTPS://WWW.CHERRYPICKSREVIEWS.COM/BRAND/HEGEBECK
HEGEBECK	HEGEBECKUS	cherrypicksreviews.com	HTTPS://WWW.CHERRYPICKSREVIEWS.COM/SELLERS/AMAZON/HEGEBECK-US
HEIKIO	HEIKIO	cherrypicksreviews.com	HTTPS://WWW.CHERRYPICKSREVIEWS.COM/SELLERS/AMAZON/HEIKIO
HEMLI	HEMLIPRODUCTS	cherrypicksreviews.com	HTTPS://WWW.CHERRYPICKSREVIEWS.COM/SELLERS/AMAZON/HEMLI-PRODUCTS
