2HOUNDS	2HOUNDSDESIGN	chewy.com	HTTPS://WWW.CHEWY.COM/BRANDS/2-HOUNDS-DESIGN-6391
2HOUNDSDESIGN	2HOUNDSDESIGN	chewy.com	HTTPS://WWW.CHEWY.COM/BRANDS/2-HOUNDS-DESIGN-6391
360PETNUTRITION	360PETNUTRITION	chewy.com	HTTPS://WWW.CHEWY.COM/BRANDS/360-PET-NUTRITION-145190
4KNINES	4KNINES	chewy.com	HTTPS://WWW.CHEWY.COM/BRANDS/4KNINES-8753
4PAWSSTUFF	FOURPAWS	chewy.com	HTTPS://WWW.CHEWY.COM/BRANDS/FOUR-PAWS-6763
9LIVES	9LIVES	chewy.com	HTTPS://WWW.CHEWY.COM/BRANDS/9-LIVES-6395
ABLEPET	PETABLE	chewy.com	HTTPS://WWW.CHEWY.COM/BRANDS/PETABLE-13651
ACANA	ACANA	chewy.com	HTTPS://WWW.CHEWY.COM/BRANDS/ACANA-8755
ADDICTIONPETFOODS	ADDICTION	chewy.com	HTTPS://WWW.CHEWY.COM/BRANDS/ADDICTION-8271
ADVANTAGE	ADVANTAGE	chewy.com	HTTPS://WWW.CHEWY.COM/BRANDS/ADVANTAGE-6488
ADVANTAGEBARGAIN	ADVANTAGE	chewy.com	HTTPS://WWW.CHEWY.COM/BRANDS/ADVANTAGE-6488
ADVANTAGEII	ADVANTAGEII	chewy.com	HTTPS://WWW.CHEWY.COM/BRANDS/ADVANTAGE-II-6489
ADVANTAGEII	ADVANTAGEII	chewy.com	HTTPS://WWW.CHEWY.COM/BRANDS/ADVANTAGE-II-6489
ADVANTAGEONLINEPRODUCTS	ADVANTAGE	chewy.com	HTTPS://WWW.CHEWY.COM/BRANDS/ADVANTAGE-6488
ADVANTIX	K9ADVANTIXII	chewy.com	HTTPS://WWW.CHEWY.COM/BRANDS/K9-ADVANTIX-II-6500
ADVANTIX	K9ADVANTIXII	chewy.com	HTTPS://WWW.CHEWY.COM/BRANDS/K9-ADVANTIX-II-6500
AFRESCHISRL	AFRESCHI	chewy.com	HTTPS://WWW.CHEWY.COM/BRANDS/AFRESCHI-141758
ALLERPET	ALLERPET	chewy.com	HTTPS://WWW.CHEWY.COM/BRANDS/ALLERPET-6415
ALLFOURPAWS	ALLFOURPAWS	chewy.com	HTTPS://WWW.CHEWY.COM/BRANDS/ALL-FOUR-PAWS-6414
ALLHILL	HILLS	chewy.com	HTTPS://WWW.CHEWY.COM/BRANDS/HILLS-6874
ALMO	ALMONATURE	chewy.com	HTTPS://WWW.CHEWY.COM/BRANDS/ALMO-NATURE-6416
ALMONATURE	ALMONATURE	chewy.com	HTTPS://WWW.CHEWY.COM/BRANDS/ALMO-NATURE-6416
ALPHATRAK	ALPHATRAK	chewy.com	HTTPS://WWW.CHEWY.COM/BRANDS/ALPHATRAK-7783
AMERICANJOURNEY	AMERICANJOURNEY	chewy.com	HTTPS://WWW.CHEWY.COM/BRANDS/AMERICAN-JOURNEY-6422
AMERICANJOURNEY	AMERICANJOURNEY	chewy.com	HTTPS://WWW.CHEWY.COM/BRANDS/AMERICAN-JOURNEY-6422
AMERICANKENNEL	AMERICANKENNELCLUB	chewy.com	HTTPS://WWW.CHEWY.COM/BRANDS/AMERICAN-KENNEL-CLUB-6427
AMERICANKENNELCLUB	AMERICANKENNELCLUB	chewy.com	HTTPS://WWW.CHEWY.COM/BRANDS/AMERICAN-KENNEL-CLUB-6427
AMERICANNATURALPREMIUM	AMERICANNATURALPREMIUM	chewy.com	HTTPS://WWW.CHEWY.COM/BRANDS/AMERICAN-NATURAL-PREMIUM-6428
ANGELSEYES	ANGELSEYES	chewy.com	HTTPS://WWW.CHEWY.COM/BRANDS/ANGELS-EYES-6435
ANIMALESSENTIALS	ANIMALESSENTIALS	chewy.com	HTTPS://WWW.CHEWY.COM/BRANDS/ANIMAL-ESSENTIALS-6440
ANNAMAET	ANNAMAET	chewy.com	HTTPS://WWW.CHEWY.COM/BRANDS/ANNAMAET-6444
APPLAWS	APPLAWS	chewy.com	HTTPS://WWW.CHEWY.COM/BRANDS/APPLAWS-14903
APPLAWS	WETFOOD	chewy.com	HTTPS://WWW.CHEWY.COM/BRANDS/WET-FOOD-14905
AQUACLEAR	AQUACLEAR	chewy.com	HTTPS://WWW.CHEWY.COM/BRANDS/AQUACLEAR-6824
AQUAPAW	AQUAPAW	chewy.com	HTTPS://WWW.CHEWY.COM/BRANDS/AQUAPAW-6446
AQUEON	AQUEON	chewy.com	HTTPS://WWW.CHEWY.COM/BRANDS/AQUEON-6447
AQUUEN	AQUEON	chewy.com	HTTPS://WWW.CHEWY.COM/BRANDS/AQUEON-6447
ARKNATURALS	ARKNATURALS	chewy.com	HTTPS://WWW.CHEWY.COM/BRANDS/ARK-NATURALS-6448
ARMARKAT	ARMARKAT	chewy.com	HTTPS://WWW.CHEWY.COM/BRANDS/ARMARKAT-6465
ASPENPET	ASPENPET	chewy.com	HTTPS://WWW.CHEWY.COM/BRANDS/ASPEN-PET-6466
AVODERM	AVODERM	chewy.com	HTTPS://WWW.CHEWY.COM/BRANDS/AVODERM-6479
AWOOF	WOOF	chewy.com	HTTPS://WWW.CHEWY.COM/BRANDS/WOOF-136430
BANZHENCAIUS	BANIXX	chewy.com	HTTPS://WWW.CHEWY.COM/BRANDS/BANIXX-6485
BARKBOX	BARK	chewy.com	HTTPS://WWW.CHEWY.COM/BRANDS/BARK-140366
BARKBOXBITSNPIECES	BARK	chewy.com	HTTPS://WWW.CHEWY.COM/BRANDS/BARK-140366
BARKSBAR	BARKSBAR	chewy.com	HTTPS://WWW.CHEWY.COM/BRANDS/BARKSBAR-13163
BARKSCAPE	BARK	chewy.com	HTTPS://WWW.CHEWY.COM/BRANDS/BARK-140366
BARKWORTHIES	BARKWORTHIES	chewy.com	HTTPS://WWW.CHEWY.COM/BRANDS/BARKWORTHIES-6486
BARKWORTHIES	BARKWORTHIES	chewy.com	HTTPS://WWW.CHEWY.COM/BRANDS/BARKWORTHIES-6486
BASKERVILLEMUZZLES	BASKERVILLE	chewy.com	HTTPS://WWW.CHEWY.COM/BRANDS/BASKERVILLE-7586
BAYWOOFPETPRODUCTS	WOOF	chewy.com	HTTPS://WWW.CHEWY.COM/BRANDS/WOOF-136430
BENEBONE	BENEBONE	chewy.com	HTTPS://WWW.CHEWY.COM/BRANDS/BENEBONE-6513
BENEFUL	PURINABENEFUL	chewy.com	HTTPS://WWW.CHEWY.COM/BRANDS/PURINA-BENEFUL-7396
BERRYPET	BLUEBERRYPET	chewy.com	HTTPS://WWW.CHEWY.COM/BRANDS/BLUEBERRY-PET-6534
BESTBREED	DRGARYSBESTBREED	chewy.com	HTTPS://WWW.CHEWY.COM/BRANDS/DR-GARYS-BEST-BREED-6693
BESTBULLYSTICKS	BESTBULLYSTICKS	chewy.com	HTTPS://WWW.CHEWY.COM/BRANDS/BEST-BULLY-STICKS-6514
BESTBULLYSTICKS	BESTBULLYSTICKS	chewy.com	HTTPS://WWW.CHEWY.COM/BRANDS/BEST-BULLY-STICKS-6514
BESTFRIENDSBYSHERI	BESTFRIENDSBYSHERI	chewy.com	HTTPS://WWW.CHEWY.COM/BRANDS/BEST-FRIENDS-BY-SHERI-6515
BESTFRIENDSBYSHERILUX	BESTFRIENDSBYSHERI	chewy.com	HTTPS://WWW.CHEWY.COM/BRANDS/BEST-FRIENDS-BY-SHERI-6515
BESTFRIENDSBYSHERIOO	BESTFRIENDSBYSHERI	chewy.com	HTTPS://WWW.CHEWY.COM/BRANDS/BEST-FRIENDS-BY-SHERI-6515
BESTFRIENDSBYSHERISTORE	BESTFRIENDSBYSHERI	chewy.com	HTTPS://WWW.CHEWY.COM/BRANDS/BEST-FRIENDS-BY-SHERI-6515
BESTPETSUPPLIES	BESTPETSUPPLIES	chewy.com	HTTPS://WWW.CHEWY.COM/BRANDS/BEST-PET-SUPPLIES-6516
BETTERBELLY	BETTERBELLY	chewy.com	HTTPS://WWW.CHEWY.COM/BRANDS/BETTER-BELLY-168158
BIGBARKER	BIGBARKER	chewy.com	HTTPS://WWW.CHEWY.COM/BRANDS/BIG-BARKER-6517
BIGBARKERDOGBEDS	BIGBARKER	chewy.com	HTTPS://WWW.CHEWY.COM/BRANDS/BIG-BARKER-6517
BILJAC	BILJAC	chewy.com	HTTPS://WWW.CHEWY.COM/BRANDS/BIL-JAC-6518
BIXBI	BIXBI	chewy.com	HTTPS://WWW.CHEWY.COM/BRANDS/BIXBI-12611
BIXBIPET	BIXBI	chewy.com	HTTPS://WWW.CHEWY.COM/BRANDS/BIXBI-12611
BLACKWOODPETFOOD	BLACKWOOD	chewy.com	HTTPS://WWW.CHEWY.COM/BRANDS/BLACKWOOD-6525
BLUEBASICS	BLUEBASICS	chewy.com	HTTPS://WWW.CHEWY.COM/BRANDS/BLUE-BASICS-6527
BLUEBASICS	BLUEBASICS	chewy.com	HTTPS://WWW.CHEWY.COM/BRANDS/BLUE-BASICS-6527
BLUEBERRYPET	BLUEBERRYPET	chewy.com	HTTPS://WWW.CHEWY.COM/BRANDS/BLUEBERRY-PET-6534
BLUEBUFFALO	BLUEBUFFALO	chewy.com	HTTPS://WWW.CHEWY.COM/BRANDS/BLUE-BUFFALO-6526
BLUEBUFFALO	BLUEBUFFALO	chewy.com	HTTPS://WWW.CHEWY.COM/BRANDS/BLUE-BUFFALO-6526
BLUEBUFFALOCOMPANY	BLUEBUFFALO	chewy.com	HTTPS://WWW.CHEWY.COM/BRANDS/BLUE-BUFFALO-6526
BLUEBUFFALOCOMPANY	BLUEBUFFALO	chewy.com	HTTPS://WWW.CHEWY.COM/BRANDS/BLUE-BUFFALO-6526
BLUEBUFFALONATURALVETERINARYDIET	BLUEBUFFALONATURALVETERINARYDIET	chewy.com	HTTPS://WWW.CHEWY.COM/BRANDS/BLUE-BUFFALO-NATURAL-VETERINARY-DIET-6530
BLUEDOGBAKERY	BLUEDOGBAKERY	chewy.com	HTTPS://WWW.CHEWY.COM/BRANDS/BLUE-DOG-BAKERY-6532
BLUEFREEDOM	BLUEFREEDOM	chewy.com	HTTPS://WWW.CHEWY.COM/BRANDS/BLUE-FREEDOM-6528
BLUERIDGENATURALS	BLUERIDGENATURALS	chewy.com	HTTPS://WWW.CHEWY.COM/BRANDS/BLUE-RIDGE-NATURALS-6533
BLUEWILDERNESS	BLUEWILDERNESS	chewy.com	HTTPS://WWW.CHEWY.COM/BRANDS/BLUE-WILDERNESS-6531
BLUEWILDERNESS	BLUEWILDERNESS	chewy.com	HTTPS://WWW.CHEWY.COM/BRANDS/BLUE-WILDERNESS-6531
BOWWOWLABS	BOWWOWLABS	chewy.com	HTTPS://WWW.CHEWY.COM/BRANDS/BOW-WOW-LABS-156046
BOXIECAT	BOXIECAT	chewy.com	HTTPS://WWW.CHEWY.COM/BRANDS/BOXIECAT-6553
BRUTUSBARNABY	BRUTUSBARNABY	chewy.com	HTTPS://WWW.CHEWY.COM/BRANDS/BRUTUS-BARNABY-140822
BUCKLEDOWN	BUCKLEDOWN	chewy.com	HTTPS://WWW.CHEWY.COM/BRANDS/BUCKLE-DOWN-13246
BUDDYBELT	BUDDYBELTS	chewy.com	HTTPS://WWW.CHEWY.COM/BRANDS/BUDDY-BELTS-6570
BUDDYBELTS	BUDDYBELTS	chewy.com	HTTPS://WWW.CHEWY.COM/BRANDS/BUDDY-BELTS-6570
BUDDYBISCUITS	BUDDYBISCUITS	chewy.com	HTTPS://WWW.CHEWY.COM/BRANDS/BUDDY-BISCUITS-6571
BURTSBEESFORDOGS	BURTSBEES	chewy.com	HTTPS://WWW.CHEWY.COM/BRANDS/BURTS-BEES-6575
BURTSBEESFORPETS	BURTSBEES	chewy.com	HTTPS://WWW.CHEWY.COM/BRANDS/BURTS-BEES-6575
BURTSBEESNATURALPETCARE	BURTSBEES	chewy.com	HTTPS://WWW.CHEWY.COM/BRANDS/BURTS-BEES-6575
BUTCHERSNATURALS	BUTCHERSNATURALS	chewy.com	HTTPS://WWW.CHEWY.COM/BRANDS/BUTCHERS-NATURALS-143790
CAICAITEX	CAITEC	chewy.com	HTTPS://WWW.CHEWY.COM/BRANDS/CAITEC-125470
CAIGENTEQ	CAITEC	chewy.com	HTTPS://WWW.CHEWY.COM/BRANDS/CAITEC-125470
CAITEC	CAITEC	chewy.com	HTTPS://WWW.CHEWY.COM/BRANDS/CAITEC-125470
CALMPAWS	CALMPAWS	chewy.com	HTTPS://WWW.CHEWY.COM/BRANDS/CALM-PAWS-141286
CALMPAWS	CALMPAWS	chewy.com	HTTPS://WWW.CHEWY.COM/BRANDS/CALM-PAWS-141286
CALMPAWSBEHAVIORSUPPORT	CALMPAWS	chewy.com	HTTPS://WWW.CHEWY.COM/BRANDS/CALM-PAWS-141286
CANADAPOOCH	CANADAPOOCH	chewy.com	HTTPS://WWW.CHEWY.COM/BRANDS/CANADA-POOCH-8126
CANADAPOOCH	CANADAPOOCH	chewy.com	HTTPS://WWW.CHEWY.COM/BRANDS/CANADA-POOCH-8126
CANIDAE	CANIDAE	chewy.com	HTTPS://WWW.CHEWY.COM/BRANDS/CANIDAE-6579
CANIDEA	CANIDAE	chewy.com	HTTPS://WWW.CHEWY.COM/BRANDS/CANIDAE-6579
CANINECARRYOUTS	CANINECARRYOUTS	chewy.com	HTTPS://WWW.CHEWY.COM/BRANDS/CANINE-CARRY-OUTS-6582
CANINECAVIAR	CANINECAVIAR	chewy.com	HTTPS://WWW.CHEWY.COM/BRANDS/CANINE-CAVIAR-6583
CAREFRESH	CAREFRESH	chewy.com	HTTPS://WWW.CHEWY.COM/BRANDS/CAREFRESH-6584
CAREFRESH	CAREFRESH	chewy.com	HTTPS://WWW.CHEWY.COM/BRANDS/CAREFRESH-6584
CARLSONPET	CARLSONPETPRODUCTS	chewy.com	HTTPS://WWW.CHEWY.COM/BRANDS/CARLSON-PET-PRODUCTS-6585
CARLSONPETPRODUCTS	CARLSONPETPRODUCTS	chewy.com	HTTPS://WWW.CHEWY.COM/BRANDS/CARLSON-PET-PRODUCTS-6585
CARU	CARU	chewy.com	HTTPS://WWW.CHEWY.COM/BRANDS/CARU-6586
CATCHOW	CATCHOW	chewy.com	HTTPS://WWW.CHEWY.COM/BRANDS/CAT-CHOW-7343
CATCHOW	CATCHOW	chewy.com	HTTPS://WWW.CHEWY.COM/BRANDS/CAT-CHOW-7343
CATIT	CATIT	chewy.com	HTTPS://WWW.CHEWY.COM/BRANDS/CATIT-6825
CATIT	CATIT	chewy.com	HTTPS://WWW.CHEWY.COM/BRANDS/CATIT-6825
CATMATE	CATMATE	chewy.com	HTTPS://WWW.CHEWY.COM/BRANDS/CAT-MATE-6437
CATPRIDE	CATSPRIDE	chewy.com	HTTPS://WWW.CHEWY.COM/BRANDS/CATS-PRIDE-6596
CATSPRIDE	CATSPRIDE	chewy.com	HTTPS://WWW.CHEWY.COM/BRANDS/CATS-PRIDE-6596
CATSTAGES	CATSTAGES	chewy.com	HTTPS://WWW.CHEWY.COM/BRANDS/CATSTAGES-124646
CAYTIIY	CAITEC	chewy.com	HTTPS://WWW.CHEWY.COM/BRANDS/CAITEC-125470
CEBERNIA	CERENIA	chewy.com	HTTPS://WWW.CHEWY.COM/BRANDS/CERENIA-7790
CEDOLIO	CREDELIO	chewy.com	HTTPS://WWW.CHEWY.COM/BRANDS/CREDELIO-6713
CENTRALKAYTEEPRODUCTS	KAYTEE	chewy.com	HTTPS://WWW.CHEWY.COM/BRANDS/KAYTEE-6965
CHARLEEBEAR	CHARLEEBEAR	chewy.com	HTTPS://WWW.CHEWY.COM/BRANDS/CHARLEE-BEAR-6619
CHENGSPARKLYDOT	KONG	chewy.com	HTTPS://WWW.CHEWY.COM/BRANDS/KONG-6981
CHERISTIN	CHERISTIN	chewy.com	HTTPS://WWW.CHEWY.COM/BRANDS/CHERISTIN-6710
CHEWOOF	WOOF	chewy.com	HTTPS://WWW.CHEWY.COM/BRANDS/WOOF-136430
CHICKENSOUPFORTHESOUL	CHICKENSOUPSOUL	chewy.com	HTTPS://WWW.CHEWY.COM/BRANDS/CHICKEN-SOUP-SOUL-6620
CHICKENSOUPFORTHESOULPETFOOD	CHICKENSOUPSOUL	chewy.com	HTTPS://WWW.CHEWY.COM/BRANDS/CHICKEN-SOUP-SOUL-6620
CHILLITSBYERGODYNE	CHILLYDOG	chewy.com	HTTPS://WWW.CHEWY.COM/BRANDS/CHILLY-DOG-8139
CHILLYDOG	CHILLYDOG	chewy.com	HTTPS://WWW.CHEWY.COM/BRANDS/CHILLY-DOG-8139
CHUCKIT	CHUCKIT	chewy.com	HTTPS://WWW.CHEWY.COM/BRANDS/CHUCKIT-6621
CLOUDSTAR	CLOUDSTAR	chewy.com	HTTPS://WWW.CHEWY.COM/BRANDS/CLOUD-STAR-6623
COASTALPET	COASTALPETPRODUCTS	chewy.com	HTTPS://WWW.CHEWY.COM/BRANDS/COASTAL-PET-PRODUCTS-6629
COASTALPETPRODUCTS	COASTALPETPRODUCTS	chewy.com	HTTPS://WWW.CHEWY.COM/BRANDS/COASTAL-PET-PRODUCTS-6629
COASTALPETPRODUCTSCOHA7	COASTALPETPRODUCTS	chewy.com	HTTPS://WWW.CHEWY.COM/BRANDS/COASTAL-PET-PRODUCTS-6629
COASTALPETS	COASTALPETPRODUCTS	chewy.com	HTTPS://WWW.CHEWY.COM/BRANDS/COASTAL-PET-PRODUCTS-6629
COBALTAQUATICS	COBALTAQUATICS	chewy.com	HTTPS://WWW.CHEWY.COM/BRANDS/COBALT-AQUATICS-12519
COBALTAQUATICS	COBALTAQUATICS	chewy.com	HTTPS://WWW.CHEWY.COM/BRANDS/COBALT-AQUATICS-12519
COMFORTBYCONFORMAX	COMFORTIS	chewy.com	HTTPS://WWW.CHEWY.COM/BRANDS/COMFORTIS-6712
COMPANYOFANIMALS	COMPANYANIMALS	chewy.com	HTTPS://WWW.CHEWY.COM/BRANDS/COMPANY-ANIMALS-7584
COOLPETZONE	PETZONE	chewy.com	HTTPS://WWW.CHEWY.COM/BRANDS/PET-ZONE-8276
COSEQUIN	COSEQUIN	chewy.com	HTTPS://WWW.CHEWY.COM/BRANDS/COSEQUIN-7126
COSEQUINDS	COSEQUIN	chewy.com	HTTPS://WWW.CHEWY.COM/BRANDS/COSEQUIN-7126
COUNTRYBROOKDESIGN	COUNTRYBROOKDESIGN	chewy.com	HTTPS://WWW.CHEWY.COM/BRANDS/COUNTRY-BROOK-DESIGN-13630
DARFORD	DARFORD	chewy.com	HTTPS://WWW.CHEWY.COM/BRANDS/DARFORD-6649
DASUQUIN	DASUQUIN	chewy.com	HTTPS://WWW.CHEWY.COM/BRANDS/DASUQUIN-7129
DAVESPETFOOD	DAVESPETFOOD	chewy.com	HTTPS://WWW.CHEWY.COM/BRANDS/DAVES-PET-FOOD-6650
DECHRA	DECHRA	chewy.com	HTTPS://WWW.CHEWY.COM/BRANDS/DECHRA-6657
DENTALFRESH	DENTALFRESH	chewy.com	HTTPS://WWW.CHEWY.COM/BRANDS/DENTAL-FRESH-7568
DENTALIFE	DENTALIFE	chewy.com	HTTPS://WWW.CHEWY.COM/BRANDS/DENTALIFE-7345
DENTASTIC	DENTASTIX	chewy.com	HTTPS://WWW.CHEWY.COM/BRANDS/DENTASTIX-7217
DIAMONDPETFOODS	DIAMOND	chewy.com	HTTPS://WWW.CHEWY.COM/BRANDS/DIAMOND-6674
DOGCATLIFE	PETLIFE	chewy.com	HTTPS://WWW.CHEWY.COM/BRANDS/PET-LIFE-7247
DOGCHOW	DOGCHOW	chewy.com	HTTPS://WWW.CHEWY.COM/BRANDS/DOG-CHOW-7346
DOGGIEDESIGN	DOGGIEDESIGN	chewy.com	HTTPS://WWW.CHEWY.COM/BRANDS/DOGGIE-DESIGN-6682
DOGGONESMART	DOGGONESMART	chewy.com	HTTPS://WWW.CHEWY.COM/BRANDS/DOG-GONE-SMART-6680
DOGGONESMARTPETPRODUCTS	DOGGONESMART	chewy.com	HTTPS://WWW.CHEWY.COM/BRANDS/DOG-GONE-SMART-6680
DOGHELIOS	DOGHELIOS	chewy.com	HTTPS://WWW.CHEWY.COM/BRANDS/DOG-HELIOS-8283
DOGIT	DOGIT	chewy.com	HTTPS://WWW.CHEWY.COM/BRANDS/DOGIT-6830
DOGITBYHAGEN	DOGIT	chewy.com	HTTPS://WWW.CHEWY.COM/BRANDS/DOGIT-6830
DOGNESS	DOGNESS	chewy.com	HTTPS://WWW.CHEWY.COM/BRANDS/DOGNESS-100694
DOGSWELL	DOGSWELL	chewy.com	HTTPS://WWW.CHEWY.COM/BRANDS/DOGSWELL-6686
DOGZILLA	DOGZILLA	chewy.com	HTTPS://WWW.CHEWY.COM/BRANDS/DOGZILLA-6689
DOUEXIO	DOUXOS3	chewy.com	HTTPS://WWW.CHEWY.COM/BRANDS/DOUXO-S3-6613
DOUXO	DOUXOS3	chewy.com	HTTPS://WWW.CHEWY.COM/BRANDS/DOUXO-S3-6613
DOVIBE	DOUXOS3	chewy.com	HTTPS://WWW.CHEWY.COM/BRANDS/DOUXO-S3-6613
DREAMBONE	DREAMBONE	chewy.com	HTTPS://WWW.CHEWY.COM/BRANDS/DREAMBONE-8127
DRELSEY	DRELSEYS	chewy.com	HTTPS://WWW.CHEWY.COM/BRANDS/DR-ELSEYS-6690
DRELSEYS	DRELSEYS	chewy.com	HTTPS://WWW.CHEWY.COM/BRANDS/DR-ELSEYS-6690
DRGARYSBESTBREED	DRGARYSBESTBREED	chewy.com	HTTPS://WWW.CHEWY.COM/BRANDS/DR-GARYS-BEST-BREED-6693
DRINKWELL	DRINKWELL	chewy.com	HTTPS://WWW.CHEWY.COM/BRANDS/DRINKWELL-7279
DRINKWELL	DRINKWELL	chewy.com	HTTPS://WWW.CHEWY.COM/BRANDS/DRINKWELL-7279
DRONTOOON	DRONTAL	chewy.com	HTTPS://WWW.CHEWY.COM/BRANDS/DRONTAL-6495
DRTIMSPETFOODCO	DRTIMS	chewy.com	HTTPS://WWW.CHEWY.COM/BRANDS/DR-TIMS-6697
DUODOYSO	DOUXOS3	chewy.com	HTTPS://WWW.CHEWY.COM/BRANDS/DOUXO-S3-6613
DURALACTIN	DURALACTIN	chewy.com	HTTPS://WWW.CHEWY.COM/BRANDS/DURALACTIN-7313
EARTHANIMAL	EARTHANIMAL	chewy.com	HTTPS://WWW.CHEWY.COM/BRANDS/EARTH-ANIMAL-16699
EARTHANIMAL	EARTHANIMAL	chewy.com	HTTPS://WWW.CHEWY.COM/BRANDS/EARTH-ANIMAL-16699
EARTHANIMALS	EARTHANIMAL	chewy.com	HTTPS://WWW.CHEWY.COM/BRANDS/EARTH-ANIMAL-16699
EARTHANIMALS	EARTHANIMAL	chewy.com	HTTPS://WWW.CHEWY.COM/BRANDS/EARTH-ANIMAL-16699
EARTHBATH	EARTHBATH	chewy.com	HTTPS://WWW.CHEWY.COM/BRANDS/EARTHBATH-6701
EARTHBORNHOLISTIC	EARTHBORNHOLISTIC	chewy.com	HTTPS://WWW.CHEWY.COM/BRANDS/EARTHBORN-HOLISTIC-6702
EARTHRATED	EARTHRATED	chewy.com	HTTPS://WWW.CHEWY.COM/BRANDS/EARTH-RATED-8778
EASYCLEANWATERBOWL	EASYCLEANWATERBOWL	chewy.com	HTTPS://WWW.CHEWY.COM/BRANDS/EASY-CLEAN-WATER-BOWL-13309
ECOKIND	ECOKIND	chewy.com	HTTPS://WWW.CHEWY.COM/BRANDS/ECOKIND-14225
ELITEFIELD	ELITEFIELD	chewy.com	HTTPS://WWW.CHEWY.COM/BRANDS/ELITEFIELD-6729
ELITEFIELDLOCATIONB37	ELITEFIELD	chewy.com	HTTPS://WWW.CHEWY.COM/BRANDS/ELITEFIELD-6729
ELWPET	ALLERPET	chewy.com	HTTPS://WWW.CHEWY.COM/BRANDS/ALLERPET-6415
EQYSS	EQYSSGROOMINGPRODUCTS	chewy.com	HTTPS://WWW.CHEWY.COM/BRANDS/EQYSS-GROOMING-PRODUCTS-6731
ETHICALDOG	ETHICALPET	chewy.com	HTTPS://WWW.CHEWY.COM/BRANDS/ETHICAL-PET-6732
ETHICALPET	ETHICALPET	chewy.com	HTTPS://WWW.CHEWY.COM/BRANDS/ETHICAL-PET-6732
ETHICALPETPRODUCTS	ETHICALPET	chewy.com	HTTPS://WWW.CHEWY.COM/BRANDS/ETHICAL-PET-6732
ETHICALPETPRODUCTSSPOT	ETHICALPET	chewy.com	HTTPS://WWW.CHEWY.COM/BRANDS/ETHICAL-PET-6732
ETHICALPETS	ETHICALPET	chewy.com	HTTPS://WWW.CHEWY.COM/BRANDS/ETHICAL-PET-6732
EUKANUBA	EUKANUBA	chewy.com	HTTPS://WWW.CHEWY.COM/BRANDS/EUKANUBA-6734
EUKANUBADRYDOGFOOD	EUKANUBA	chewy.com	HTTPS://WWW.CHEWY.COM/BRANDS/EUKANUBA-6734
EVANGERS	EVANGERS	chewy.com	HTTPS://WWW.CHEWY.COM/BRANDS/EVANGERS-6737
EVANGERSDOGCATFOOD	EVANGERS	chewy.com	HTTPS://WWW.CHEWY.COM/BRANDS/EVANGERS-6737
EVERROOT	EVERROOT	chewy.com	HTTPS://WWW.CHEWY.COM/BRANDS/EVERROOT-14202
EVOLVEPETFOOD	EVOLVE	chewy.com	HTTPS://WWW.CHEWY.COM/BRANDS/EVOLVE-6745
EXOTICNUTRITION	EXOTICNUTRITION	chewy.com	HTTPS://WWW.CHEWY.COM/BRANDS/EXOTIC-NUTRITION-11239
EZYDOG	EZYDOG	chewy.com	HTTPS://WWW.CHEWY.COM/BRANDS/EZYDOG-6747
FABDOG	FABDOG	chewy.com	HTTPS://WWW.CHEWY.COM/BRANDS/FABDOG-6748
FABDOG	FABDOG	chewy.com	HTTPS://WWW.CHEWY.COM/BRANDS/FAB-DOG-6748
FANCYCAT	FANCYFEAST	chewy.com	HTTPS://WWW.CHEWY.COM/BRANDS/FANCY-FEAST-7347
FANCYFEAST	FANCYFEAST	chewy.com	HTTPS://WWW.CHEWY.COM/BRANDS/FANCY-FEAST-7347
FANCYFEASTCAT	FANCYFEAST	chewy.com	HTTPS://WWW.CHEWY.COM/BRANDS/FANCY-FEAST-7347
FANCYFEASTCAT	FANCYFEAST	chewy.com	HTTPS://WWW.CHEWY.COM/BRANDS/FANCY-FEAST-7347
FARMINA	FARMINA	chewy.com	HTTPS://WWW.CHEWY.COM/BRANDS/FARMINA-6749
FARMINAPETFOODS	FARMINA	chewy.com	HTTPS://WWW.CHEWY.COM/BRANDS/FARMINA-6749
FARMLANDTRADITIONS	FARMLANDTRADITIONS	chewy.com	HTTPS://WWW.CHEWY.COM/BRANDS/FARMLAND-TRADITIONS-6750
FATCAT	FATCAT	chewy.com	HTTPS://WWW.CHEWY.COM/BRANDS/FAT-CAT-6752
FATCATBYGLDPRODUCTS	FATCAT	chewy.com	HTTPS://WWW.CHEWY.COM/BRANDS/FAT-CAT-6752
FATCATJOY	FATCAT	chewy.com	HTTPS://WWW.CHEWY.COM/BRANDS/FAT-CAT-6752
FATCATTIE	FATCAT	chewy.com	HTTPS://WWW.CHEWY.COM/BRANDS/FAT-CAT-6752
FELIEXEZ	FELIWAY	chewy.com	HTTPS://WWW.CHEWY.COM/BRANDS/FELIWAY-6614
FELIEXEZ	FELIWAY	chewy.com	HTTPS://WWW.CHEWY.COM/BRANDS/FELIWAY-6614
FELINENATURAL	FELINENATURAL	chewy.com	HTTPS://WWW.CHEWY.COM/BRANDS/FELINE-NATURAL-12186
FELIWAY	FELIWAY	chewy.com	HTTPS://WWW.CHEWY.COM/BRANDS/FELIWAY-6614
FERAPETORGANICS	FERAPETS	chewy.com	HTTPS://WWW.CHEWY.COM/BRANDS/FERA-PETS-16418
FERPLAST	FERPLAST	chewy.com	HTTPS://WWW.CHEWY.COM/BRANDS/FERPLAST-16471
FFOOYY	FOOEY	chewy.com	HTTPS://WWW.CHEWY.COM/BRANDS/FOOEY-7570
FKLWAY	FELIWAY	chewy.com	HTTPS://WWW.CHEWY.COM/BRANDS/FELIWAY-6614
FLEXIFLEXI	FLEXI	chewy.com	HTTPS://WWW.CHEWY.COM/BRANDS/FLEXI-6759
FLUKERS	FLUKERS	chewy.com	HTTPS://WWW.CHEWY.COM/BRANDS/FLUKERS-6760
FLYINGPIGGROOMING	FLYINGPIGGROOMING	chewy.com	HTTPS://WWW.CHEWY.COM/BRANDS/FLYING-PIG-GROOMING-13243
FOEYESEE	FOOEY	chewy.com	HTTPS://WWW.CHEWY.COM/BRANDS/FOOEY-7570
FOOEY	FOOEY	chewy.com	HTTPS://WWW.CHEWY.COM/BRANDS/FOOEY-7570
FORZA10	FORZA10	chewy.com	HTTPS://WWW.CHEWY.COM/BRANDS/FORZA10-9829
FORZA10USAACTIVELINE	FORZA10	chewy.com	HTTPS://WWW.CHEWY.COM/BRANDS/FORZA10-9829
FOUNDMYANIMAL	FOUNDMYANIMAL	chewy.com	HTTPS://WWW.CHEWY.COM/BRANDS/FOUND-MY-ANIMAL-6762
FOURPAWS	FOURPAWS	chewy.com	HTTPS://WWW.CHEWY.COM/BRANDS/FOUR-PAWS-6763
FOURPAWSCONTAINER	FOURPAWS	chewy.com	HTTPS://WWW.CHEWY.COM/BRANDS/FOUR-PAWS-6763
FOURPAWSPETPRODUCTS	FOURPAWS	chewy.com	HTTPS://WWW.CHEWY.COM/BRANDS/FOUR-PAWS-6763
FOURPAWSPRODUCTS	FOURPAWS	chewy.com	HTTPS://WWW.CHEWY.COM/BRANDS/FOUR-PAWS-6763
FOURPAWSPRODUCTSLTD	FOURPAWS	chewy.com	HTTPS://WWW.CHEWY.COM/BRANDS/FOUR-PAWS-6763
FOYUEH	FOOEY	chewy.com	HTTPS://WWW.CHEWY.COM/BRANDS/FOOEY-7570
FREEDOMBYBLUEBUFFALO	BLUEFREEDOM	chewy.com	HTTPS://WWW.CHEWY.COM/BRANDS/BLUE-FREEDOM-6528
FRESHDENTAL	DENTALFRESH	chewy.com	HTTPS://WWW.CHEWY.COM/BRANDS/DENTAL-FRESH-7568
FRESHNATURAL	NATURALLYFRESH	chewy.com	HTTPS://WWW.CHEWY.COM/BRANDS/NATURALLY-FRESH-8282
FRESHPET	FRESHPET	chewy.com	HTTPS://WWW.CHEWY.COM/BRANDS/FRESHPET-14261
FRESHSTEP	FRESHSTEP	chewy.com	HTTPS://WWW.CHEWY.COM/BRANDS/FRESH-STEP-6765
FRESHSTEPFORPETS	FRESHPET	chewy.com	HTTPS://WWW.CHEWY.COM/BRANDS/FRESHPET-14261
FRESHWHISKER	WHISKER	chewy.com	HTTPS://WWW.CHEWY.COM/BRANDS/WHISKER-14212
FRIENDSBYSHERISTORE	BESTFRIENDSBYSHERI	chewy.com	HTTPS://WWW.CHEWY.COM/BRANDS/BEST-FRIENDS-BY-SHERI-6515
FRISCO	FRISCO	chewy.com	HTTPS://WWW.CHEWY.COM/BRANDS/FRISCO-6767
FRISCOPETPRODUCTS	FRISCO	chewy.com	HTTPS://WWW.CHEWY.COM/BRANDS/FRISCO-6767
FRISKIES	FRISKIES	chewy.com	HTTPS://WWW.CHEWY.COM/BRANDS/FRISKIES-7369
FRISKIESPURINA	FRISKIES	chewy.com	HTTPS://WWW.CHEWY.COM/BRANDS/FRISKIES-7369
FRONTLINE	FRONTLINE	chewy.com	HTTPS://WWW.CHEWY.COM/BRANDS/FRONTLINE-6540
FRONTLINE	FRONTLINEPLUS	chewy.com	HTTPS://WWW.CHEWY.COM/BRANDS/FRONTLINE-PLUS-7968
FRONTLINEINTERNATIONAL	FRONTLINE	chewy.com	HTTPS://WWW.CHEWY.COM/BRANDS/FRONTLINE-6540
FRONTLINEORAL	FRONTLINE	chewy.com	HTTPS://WWW.CHEWY.COM/BRANDS/FRONTLINE-6540
FRONTLINEPLUS	FRONTLINEPLUSDOGS	chewy.com	HTTPS://WWW.CHEWY.COM/BRANDS/FRONTLINE-PLUS-DOGS-171238
FRONTLINEPLUS	FRONTLINE	chewy.com	HTTPS://WWW.CHEWY.COM/BRANDS/FRONTLINE-6540
FRONTLINEPRODUCTS	FRONTLINE	chewy.com	HTTPS://WWW.CHEWY.COM/BRANDS/FRONTLINE-6540
FRONTLINEPRODUCTS	FRONTLINEPLUS	chewy.com	HTTPS://WWW.CHEWY.COM/BRANDS/FRONTLINE-PLUS-7968
FRONTLINEUS	FRONTLINE	chewy.com	HTTPS://WWW.CHEWY.COM/BRANDS/FRONTLINE-6540
FRUITABLES	FRUITABLES	chewy.com	HTTPS://WWW.CHEWY.COM/BRANDS/FRUITABLES-6769
FTTIKI	TIKICAT	chewy.com	HTTPS://WWW.CHEWY.COM/BRANDS/TIKI-CAT-7617
FULLMOON	FULLMOON	chewy.com	HTTPS://WWW.CHEWY.COM/BRANDS/FULL-MOON-6775
FULMOON	FULLMOON	chewy.com	HTTPS://WWW.CHEWY.COM/BRANDS/FULL-MOON-6775
FUREHAVEN	FURHAVEN	chewy.com	HTTPS://WWW.CHEWY.COM/BRANDS/FURHAVEN-6776
FURHAVEN	FURHAVEN	chewy.com	HTTPS://WWW.CHEWY.COM/BRANDS/FURHAVEN-6776
FURHAVEN	FURHAVEN	chewy.com	HTTPS://WWW.CHEWY.COM/BRANDS/FURHAVEN-6776
FURHAVENCAT	FURHAVEN	chewy.com	HTTPS://WWW.CHEWY.COM/BRANDS/FURHAVEN-6776
FURHAVENCAT	FURHAVEN	chewy.com	HTTPS://WWW.CHEWY.COM/BRANDS/FURHAVEN-6776
FURHAVENO	FURHAVEN	chewy.com	HTTPS://WWW.CHEWY.COM/BRANDS/FURHAVEN-6776
FURHAVENO	FURHAVEN	chewy.com	HTTPS://WWW.CHEWY.COM/BRANDS/FURHAVEN-6776
FURHAVENPET	FURHAVEN	chewy.com	HTTPS://WWW.CHEWY.COM/BRANDS/FURHAVEN-6776
FURHAVENPET	FURHAVEN	chewy.com	HTTPS://WWW.CHEWY.COM/BRANDS/FURHAVEN-6776
FURHAVENPETPRODUCTS	FURHAVEN	chewy.com	HTTPS://WWW.CHEWY.COM/BRANDS/FURHAVEN-6776
FURHAVENPETPRODUCTS	FURHAVEN	chewy.com	HTTPS://WWW.CHEWY.COM/BRANDS/FURHAVEN-6776
FURHAVENSTORE	FURHAVEN	chewy.com	HTTPS://WWW.CHEWY.COM/BRANDS/FURHAVEN-6776
FURMINATOR	FURMINATOR	chewy.com	HTTPS://WWW.CHEWY.COM/BRANDS/FURMINATOR-6777
FUSIONPETS	PETFUSION	chewy.com	HTTPS://WWW.CHEWY.COM/BRANDS/PETFUSION-7263
FUSSIE	FUSSIECAT	chewy.com	HTTPS://WWW.CHEWY.COM/BRANDS/FUSSIE-CAT-6778
FUSSIECAT	FUSSIECAT	chewy.com	HTTPS://WWW.CHEWY.COM/BRANDS/FUSSIE-CAT-6778
GAMMA2	GAMMA2	chewy.com	HTTPS://WWW.CHEWY.COM/BRANDS/GAMMA2-6782
GAMMA2INCORPORATED	GAMMA2	chewy.com	HTTPS://WWW.CHEWY.COM/BRANDS/GAMMA2-6782
GAMMA2ORPORATED	GAMMA2	chewy.com	HTTPS://WWW.CHEWY.COM/BRANDS/GAMMA2-6782
GEAR4PETZ	PETGEAR	chewy.com	HTTPS://WWW.CHEWY.COM/BRANDS/PET-GEAR-7233
GEN7PET	GEN7PETS	chewy.com	HTTPS://WWW.CHEWY.COM/BRANDS/GEN7PETS-6785
GEN7PETS	GEN7PETS	chewy.com	HTTPS://WWW.CHEWY.COM/BRANDS/GEN7PETS-6785
GLANRAY	GLANDEX	chewy.com	HTTPS://WWW.CHEWY.COM/BRANDS/GLANDEX-140438
GLOFIRE	GLOFISH	chewy.com	HTTPS://WWW.CHEWY.COM/BRANDS/GLOFISH-8787
GLOFISH	GLOFISH	chewy.com	HTTPS://WWW.CHEWY.COM/BRANDS/GLOFISH-8787
GNAWSOME	GNAWSOME	chewy.com	HTTPS://WWW.CHEWY.COM/BRANDS/GNAWSOME-6789
GNCPETS	GNCPETS	chewy.com	HTTPS://WWW.CHEWY.COM/BRANDS/GNC-PETS-6470
GODGOQGOP	GODOG	chewy.com	HTTPS://WWW.CHEWY.COM/BRANDS/GODOG-6790
GODOG	GODOG	chewy.com	HTTPS://WWW.CHEWY.COM/BRANDS/GODOG-6790
GODOGGIE	GODOG	chewy.com	HTTPS://WWW.CHEWY.COM/BRANDS/GODOG-6790
GODOGGO	GODOG	chewy.com	HTTPS://WWW.CHEWY.COM/BRANDS/GODOG-6790
GOGODOGYA	GODOG	chewy.com	HTTPS://WWW.CHEWY.COM/BRANDS/GODOG-6790
GOODFUN	GOODNFUN	chewy.com	HTTPS://WWW.CHEWY.COM/BRANDS/GOOD-N-FUN-6796
GOODNFUN	GOODNFUN	chewy.com	HTTPS://WWW.CHEWY.COM/BRANDS/GOOD-N-FUN-6796
GOPETCLUB	GOPETCLUB	chewy.com	HTTPS://WWW.CHEWY.COM/BRANDS/GO-PET-CLUB-12906
GOTDAYJOY	GETJOY	chewy.com	HTTPS://WWW.CHEWY.COM/BRANDS/GET-JOY-159062
GOUGHNUTS	GOUGHNUTS	chewy.com	HTTPS://WWW.CHEWY.COM/BRANDS/GOUGHNUTS-6803
GRANDMALUCYS	GRANDMALUCYS	chewy.com	HTTPS://WWW.CHEWY.COM/BRANDS/GRANDMA-LUCYS-6804
GREENIES	GREENIES	chewy.com	HTTPS://WWW.CHEWY.COM/BRANDS/GREENIES-6812
GREENIES	GREENIES	chewy.com	HTTPS://WWW.CHEWY.COM/BRANDS/GREENIES-6812
GREENIRIS	GREENIES	chewy.com	HTTPS://WWW.CHEWY.COM/BRANDS/GREENIES-6812
GREENIRIS	GREENIES	chewy.com	HTTPS://WWW.CHEWY.COM/BRANDS/GREENIES-6812
GREENLOVESPET	GREENPETSHOP	chewy.com	HTTPS://WWW.CHEWY.COM/BRANDS/GREEN-PET-SHOP-13237
GREENSTREETPETBASICS	GREENPETSHOP	chewy.com	HTTPS://WWW.CHEWY.COM/BRANDS/GREEN-PET-SHOP-13237
GRILLERZ	GRILLERZ	chewy.com	HTTPS://WWW.CHEWY.COM/BRANDS/GRILLERZ-7499
GRIZZLYPETPRODUCTS	GRIZZLY	chewy.com	HTTPS://WWW.CHEWY.COM/BRANDS/GRIZZLY-6821
HABITRAIL	HABITRAIL	chewy.com	HTTPS://WWW.CHEWY.COM/BRANDS/HABITRAIL-6833
HAGEN	HAGEN	chewy.com	HTTPS://WWW.CHEWY.COM/BRANDS/HAGEN-6823
HALOPURELYFORPETS	HALO	chewy.com	HTTPS://WWW.CHEWY.COM/BRANDS/HALO-6841
HALTI	HALTI	chewy.com	HTTPS://WWW.CHEWY.COM/BRANDS/HALTI-7587
HARTZ	HARTZ	chewy.com	HTTPS://WWW.CHEWY.COM/BRANDS/HARTZ-6844
HEALTHEXTENSION	HEALTHEXTENSION	chewy.com	HTTPS://WWW.CHEWY.COM/BRANDS/HEALTH-EXTENSION-7680
HEALTHEXTENSIONPETCARE	HEALTHEXTENSION	chewy.com	HTTPS://WWW.CHEWY.COM/BRANDS/HEALTH-EXTENSION-7680
HEALTHYHIDE	GOODNFUN	chewy.com	HTTPS://WWW.CHEWY.COM/BRANDS/GOOD-N-FUN-6796
