1STRESPONSE	FIRSTRESPONSE	cvs.com	HTTPS://WWW.CVS.COM/SHOP/BRAND-SHOP/F/FIRST-RESPONSE
1STRESPONSE	FIRSTRESPONSE	cvs.com	HTTPS://WWW.CVS.COM/SHOP/BRAND-SHOP/F/FIRST-RESPONSE
5GUM	5GUM	cvs.com	HTTPS://WWW.CVS.COM/SHOP/BRAND-SHOP/5/5-GUM
ABBOT	ABBOTT	cvs.com	HTTPS://WWW.CVS.COM/SHOP/BRAND-SHOP/A/ABBOTT
ABBOT	ABBOTT	cvs.com	HTTPS://WWW.CVS.COM/SHOP/BRAND-SHOP/A/ABBOTT
ABBOTT	ABBOTT	cvs.com	HTTPS://WWW.CVS.COM/SHOP/BRAND-SHOP/A/ABBOTT
ABBOTT	ABBOTT	cvs.com	HTTPS://WWW.CVS.COM/SHOP/BRAND-SHOP/A/ABBOTT
ABBOX	ABBOTT	cvs.com	HTTPS://WWW.CVS.COM/SHOP/BRAND-SHOP/A/ABBOTT
ABBOX	ABBOTT	cvs.com	HTTPS://WWW.CVS.COM/SHOP/BRAND-SHOP/A/ABBOTT
ABREVA	ABREVA	cvs.com	HTTPS://WWW.CVS.COM/SHOP/BRAND-SHOP/A/ABREVA
ABREVA	ABREVA	cvs.com	HTTPS://WWW.CVS.COM/SHOP/BRAND-SHOP/A/ABREVA
ABSORBINE	ABSORBINEJR	cvs.com	HTTPS://WWW.CVS.COM/SHOP/BRAND-SHOP/A/ABSORBINE-JR
ACCUCHEK	ACCUCHEK	cvs.com	HTTPS://WWW.CVS.COM/SHOP/BRAND-SHOP/A/ACCU-CHEK
ACCUCHEK	ACCUCHEK	cvs.com	HTTPS://WWW.CVS.COM/SHOP/BRAND-SHOP/A/ACCU-CHEK
ACCUCHEKAVIVAMETER	ACCUCHEK	cvs.com	HTTPS://WWW.CVS.COM/SHOP/BRAND-SHOP/A/ACCU-CHEK
ACE	ACE	cvs.com	HTTPS://WWW.CVS.COM/SHOP/BRAND-SHOP/A/ACE
ACE	ACE	cvs.com	HTTPS://WWW.CVS.COM/SHOP/BRAND-SHOP/A/ACE
ACEDAS	AVEDA	cvs.com	HTTPS://WWW.CVS.COM/SHOP/BRAND-SHOP/A/AVEDA
ACEJUNKY	ACE	cvs.com	HTTPS://WWW.CVS.COM/SHOP/BRAND-SHOP/A/ACE
ACETEC	AZTECSECRET	cvs.com	HTTPS://WWW.CVS.COM/SHOP/BRAND-SHOP/A/AZTEC-SECRET
ADAVERANO	AVEENO	cvs.com	HTTPS://WWW.CVS.COM/SHOP/BRAND-SHOP/A/AVEENO
ADVIL	ADVIL	cvs.com	HTTPS://WWW.CVS.COM/SHOP/BRAND-SHOP/A/ADVIL
AEAFARYNE	AFRIN	cvs.com	HTTPS://WWW.CVS.COM/SHOP/BRAND-SHOP/A/AFRIN
AFAMILYGUARD	FAMILYGUARD	cvs.com	HTTPS://WWW.CVS.COM/SHOP/BRAND-SHOP/F/FAMILYGUARD
AFAMILYGUARD	FAMILYGUARD	cvs.com	HTTPS://WWW.CVS.COM/SHOP/BRAND-SHOP/F/FAMILYGUARD
AFIBI	FITBIT	cvs.com	HTTPS://WWW.CVS.COM/SHOP/BRAND-SHOP/F/FITBIT
AFRIN	AFRIN	cvs.com	HTTPS://WWW.CVS.COM/SHOP/BRAND-SHOP/A/AFRIN
AFRIN	AFRIN	cvs.com	HTTPS://WWW.CVS.COM/SHOP/BRAND-SHOP/A/AFRIN
AFRINE	AFRIN	cvs.com	HTTPS://WWW.CVS.COM/SHOP/BRAND-SHOP/A/AFRIN
AFRINE	AFRIN	cvs.com	HTTPS://WWW.CVS.COM/SHOP/BRAND-SHOP/A/AFRIN
AFRINNODRIP	AFRIN	cvs.com	HTTPS://WWW.CVS.COM/SHOP/BRAND-SHOP/A/AFRIN
AFROUNICORN	AFROUNICORN	cvs.com	HTTPS://WWW.CVS.COM/SHOP/BRAND-SHOP/A/AFRO-UNICORN
AGTRADE	GATORADE	cvs.com	HTTPS://WWW.CVS.COM/SHOP/BRAND-SHOP/G/GATORADE
AGUSTINREYES	AGUSTINREYES	cvs.com	HTTPS://WWW.CVS.COM/SHOP/BRAND-SHOP/A/AGUSTIN-REYES
AHA	AHA	cvs.com	HTTPS://WWW.CVS.COM/SHOP/BRAND-SHOP/A/AHA
AHA	AHA	cvs.com	HTTPS://WWW.CVS.COM/SHOP/BRAND-SHOP/A/AHA
AIRBORNE	AIRBORNE	cvs.com	HTTPS://WWW.CVS.COM/SHOP/BRAND-SHOP/A/AIRBORNE
AIRBORNE	AIRBORNE	cvs.com	HTTPS://WWW.CVS.COM/SHOP/BRAND-SHOP/A/AIRBORNE
AIRBORNEORIGINAL	AIRBORNE	cvs.com	HTTPS://WWW.CVS.COM/SHOP/BRAND-SHOP/A/AIRBORNE
AIRBORNEORIGINAL	AIRBORNE	cvs.com	HTTPS://WWW.CVS.COM/SHOP/BRAND-SHOP/A/AIRBORNE
AIRHEAD	AIRHEADS	cvs.com	HTTPS://WWW.CVS.COM/SHOP/BRAND-SHOP/A/AIRHEADS
AIRHEADS	AIRHEADS	cvs.com	HTTPS://WWW.CVS.COM/SHOP/BRAND-SHOP/A/AIRHEADS
AIRHEADSAIRHEADS	AIRHEADS	cvs.com	HTTPS://WWW.CVS.COM/SHOP/BRAND-SHOP/A/AIRHEADS
AIRPHYSIO	AIRPHYSIO	cvs.com	HTTPS://WWW.CVS.COM/SHOP/BRAND-SHOP/A/AIRPHYSIO
AIRWICK	AIRWICK	cvs.com	HTTPS://WWW.CVS.COM/SHOP/BRAND-SHOP/A/AIR-WICK
AIRWICKAIRWICK	AIRWICK	cvs.com	HTTPS://WWW.CVS.COM/SHOP/BRAND-SHOP/A/AIR-WICK
AJAX	AJAX	cvs.com	HTTPS://WWW.CVS.COM/SHOP/BRAND-SHOP/A/AJAX
AJYCX	AJAX	cvs.com	HTTPS://WWW.CVS.COM/SHOP/BRAND-SHOP/A/AJAX
ALAFFIA	ALAFFIA	cvs.com	HTTPS://WWW.CVS.COM/SHOP/BRAND-SHOP/A/ALAFFIA
ALANI	ALANINU	cvs.com	HTTPS://WWW.CVS.COM/SHOP/BRAND-SHOP/A/ALANI-NU
ALANINU	ALANINU	cvs.com	HTTPS://WWW.CVS.COM/SHOP/BRAND-SHOP/A/ALANI-NU
ALBA	ALBABOTANICA	cvs.com	HTTPS://WWW.CVS.COM/SHOP/BRAND-SHOP/A/ALBA-BOTANICA
ALBABOTANICA	ALBABOTANICA	cvs.com	HTTPS://WWW.CVS.COM/SHOP/BRAND-SHOP/A/ALBA-BOTANICA
ALBANESE	ALBANESE	cvs.com	HTTPS://WWW.CVS.COM/SHOP/BRAND-SHOP/A/ALBANESE
ALBOLENE	ALBOLENE	cvs.com	HTTPS://WWW.CVS.COM/SHOP/BRAND-SHOP/A/ALBOLENE
ALBOLENE	ALBOLENE	cvs.com	HTTPS://WWW.CVS.COM/SHOP/BRAND-SHOP/A/ALBOLENE
ALEVE	ALEVE	cvs.com	HTTPS://WWW.CVS.COM/SHOP/BRAND-SHOP/A/ALEVE
ALFREDSUNG	ALFREDSUNG	cvs.com	HTTPS://WWW.CVS.COM/SHOP/BRAND-SHOP/A/ALFRED-SUNG
ALHARAMAIN	ALHARAMAIN	cvs.com	HTTPS://WWW.CVS.COM/SHOP/BRAND-SHOP/A/AL-HARAMAIN
ALIGN	ALIGN	cvs.com	HTTPS://WWW.CVS.COM/SHOP/BRAND-SHOP/A/ALIGN
ALIVE	ALIVE	cvs.com	HTTPS://WWW.CVS.COM/SHOP/BRAND-SHOP/A/ALIVE
ALIVE	ALIVE	cvs.com	HTTPS://WWW.CVS.COM/SHOP/BRAND-SHOP/A/ALIVE
ALKALOL	ALKALOL	cvs.com	HTTPS://WWW.CVS.COM/SHOP/BRAND-SHOP/A/ALKALOL
ALKASELTZER	ALKASELTZER	cvs.com	HTTPS://WWW.CVS.COM/SHOP/BRAND-SHOP/A/ALKA-SELTZER
ALKASELTZERPLUS	ALKASELTZER	cvs.com	HTTPS://WWW.CVS.COM/SHOP/BRAND-SHOP/A/ALKA-SELTZER
ALLEGRAALLERGY041167412510	ALLEGRA	cvs.com	HTTPS://WWW.CVS.COM/SHOP/BRAND-SHOP/A/ALLEGRA
ALMAY	ALMAY	cvs.com	HTTPS://WWW.CVS.COM/SHOP/BRAND-SHOP/A/ALMAY
ALMAY	ALMAY	cvs.com	HTTPS://WWW.CVS.COM/SHOP/BRAND-SHOP/A/ALMAY/Q/EYELINERS
ALMEBEX	ALMEBEXPLUSB12	cvs.com	HTTPS://WWW.CVS.COM/SHOP/BRAND-SHOP/A/ALMEBEX-PLUS-B12
ALO	ALO	cvs.com	HTTPS://WWW.CVS.COM/SHOP/BRAND-SHOP/A/ALO
ALODIA	ALODIA	cvs.com	HTTPS://WWW.CVS.COM/SHOP/BRAND-SHOP/A/ALODIA
ALOTFS	ALTOIDS	cvs.com	HTTPS://WWW.CVS.COM/SHOP/BRAND-SHOP/A/ALTOIDS
ALTIODS	ALTOIDS	cvs.com	HTTPS://WWW.CVS.COM/SHOP/BRAND-SHOP/A/ALTOIDS
ALTOIDS	ALTOIDS	cvs.com	HTTPS://WWW.CVS.COM/SHOP/BRAND-SHOP/A/ALTOIDS
ALWAY	ALWAYS	cvs.com	HTTPS://WWW.CVS.COM/SHOP/BRAND-SHOP/A/ALWAYS
ALWAYS	ALWAYS	cvs.com	HTTPS://WWW.CVS.COM/SHOP/BRAND-SHOP/A/ALWAYS
ALWAYS23	ALWAYS	cvs.com	HTTPS://WWW.CVS.COM/SHOP/BRAND-SHOP/A/ALWAYS
ALWAYSCAN	ALWAYS	cvs.com	HTTPS://WWW.CVS.COM/SHOP/BRAND-SHOP/A/ALWAYS
ALWAYSCANBYFRANK	ALWAYS	cvs.com	HTTPS://WWW.CVS.COM/SHOP/BRAND-SHOP/A/ALWAYS
ALWAYSDISCEET	ALWAYSDISCREET	cvs.com	HTTPS://WWW.CVS.COM/SHOP/BRAND-SHOP/A/ALWAYS-DISCREET
ALWAYSDISCEET	ALWAYSDISCREET	cvs.com	HTTPS://WWW.CVS.COM/SHOP/BRAND-SHOP/A/ALWAYS-DISCREET
ALWAYSDISCREE	ALWAYSDISCREET	cvs.com	HTTPS://WWW.CVS.COM/SHOP/BRAND-SHOP/A/ALWAYS-DISCREET
ALWAYSDISCREE	ALWAYSDISCREET	cvs.com	HTTPS://WWW.CVS.COM/SHOP/BRAND-SHOP/A/ALWAYS-DISCREET
ALWAYSDISCREET	ALWAYSDISCREET	cvs.com	HTTPS://WWW.CVS.COM/SHOP/BRAND-SHOP/A/ALWAYS-DISCREET
ALWAYSDISCREET	ALWAYSDISCREET	cvs.com	HTTPS://WWW.CVS.COM/SHOP/BRAND-SHOP/A/ALWAYS-DISCREET
ALWAYSDISCREETMAXIMUM	ALWAYSDISCREET	cvs.com	HTTPS://WWW.CVS.COM/SHOP/BRAND-SHOP/A/ALWAYS-DISCREET
ALWAYSGO	ALWAYS	cvs.com	HTTPS://WWW.CVS.COM/SHOP/BRAND-SHOP/A/ALWAYS
ALWAYSIDE	ALWAYS	cvs.com	HTTPS://WWW.CVS.COM/SHOP/BRAND-SHOP/A/ALWAYS
ALWAYSU	ALWAYS	cvs.com	HTTPS://WWW.CVS.COM/SHOP/BRAND-SHOP/A/ALWAYS
ALWAYSUC	ALWAYS	cvs.com	HTTPS://WWW.CVS.COM/SHOP/BRAND-SHOP/A/ALWAYS
AMAMEDIC	AMAMEDIC	cvs.com	HTTPS://WWW.CVS.COM/SHOP/BRAND-SHOP/A/AMAMEDIC
AMAZINGGRASS	AMAZINGGRASS	cvs.com	HTTPS://WWW.CVS.COM/SHOP/BRAND-SHOP/A/AMAZING-GRASS
AMBEREN	AMBEREN	cvs.com	HTTPS://WWW.CVS.COM/SHOP/BRAND-SHOP/A/AMBEREN
AMBERGRON	AMBEREN	cvs.com	HTTPS://WWW.CVS.COM/SHOP/BRAND-SHOP/A/AMBEREN
AMBI	AMBI	cvs.com	HTTPS://WWW.CVS.COM/SHOP/BRAND-SHOP/A/AMBI
AMERICANCREW	AMERICANCREW	cvs.com	HTTPS://WWW.CVS.COM/SHOP/BRAND-SHOP/A/AMERICAN-CREW
AMIPEPE	AMOPE	cvs.com	HTTPS://WWW.CVS.COM/SHOP/BRAND-SHOP/A/AMOPE
AMLACTIN	AMLACTIN	cvs.com	HTTPS://WWW.CVS.COM/SHOP/BRAND-SHOP/A/AMLACTIN
AMOILEOP	AMOPE	cvs.com	HTTPS://WWW.CVS.COM/SHOP/BRAND-SHOP/A/AMOPE
AMOP	AMOPE	cvs.com	HTTPS://WWW.CVS.COM/SHOP/BRAND-SHOP/A/AMOPE
AMOPE	AMOPE	cvs.com	HTTPS://WWW.CVS.COM/SHOP/BRAND-SHOP/A/AMOPE
AMOPRO	AMPRO	cvs.com	HTTPS://WWW.CVS.COM/SHOP/BRAND-SHOP/A/AMPRO
AMPRO	AMPRO	cvs.com	HTTPS://WWW.CVS.COM/SHOP/BRAND-SHOP/A/AMPRO
AMSEJOPS	AMOPE	cvs.com	HTTPS://WWW.CVS.COM/SHOP/BRAND-SHOP/A/AMOPE
AMY	AMYS	cvs.com	HTTPS://WWW.CVS.COM/SHOP/BRAND-SHOP/A/AMYS
AMY	AMYS	cvs.com	HTTPS://WWW.CVS.COM/SHOP/BRAND-SHOP/A/AMYS
AMYALY	AMYS	cvs.com	HTTPS://WWW.CVS.COM/SHOP/BRAND-SHOP/A/AMYS
AMYALY	AMYS	cvs.com	HTTPS://WWW.CVS.COM/SHOP/BRAND-SHOP/A/AMYS
AMYAMY	AMYS	cvs.com	HTTPS://WWW.CVS.COM/SHOP/BRAND-SHOP/A/AMYS
AMYAMY	AMYS	cvs.com	HTTPS://WWW.CVS.COM/SHOP/BRAND-SHOP/A/AMYS
ANATURE	NATUREMADE	cvs.com	HTTPS://WWW.CVS.COM/SHOP/BRAND-SHOP/N/NATURE-MADE
ANCIENTNUTRITION	ANCIENTNUTRITION	cvs.com	HTTPS://WWW.CVS.COM/SHOP/BRAND-SHOP/A/ANCIENT-NUTRITION
ANCRUNCH	CRUNCH	cvs.com	HTTPS://WWW.CVS.COM/SHOP/BRAND-SHOP/C/CRUNCH
ANDES	ANDES	cvs.com	HTTPS://WWW.CVS.COM/SHOP/BRAND-SHOP/A/ANDES
ANDES	ANDES	cvs.com	HTTPS://WWW.CVS.COM/SHOP/BRAND-SHOP/A/ANDES
ANGIESBOOMCHICKAPOP	ANGIESBOOMCHICKAPOP	cvs.com	HTTPS://WWW.CVS.COM/SHOP/BRAND-SHOP/A/ANGIES-BOOMCHICKAPOP
ANGIESBOOMCHICKAPOP	ANGIESBOOMCHICKAPOP	cvs.com	HTTPS://WWW.CVS.COM/SHOP/BRAND-SHOP/A/ANGIES-BOOMCHICKAPOP
ANGISBOOMCHICKAPOP	ANGIESBOOMCHICKAPOP	cvs.com	HTTPS://WWW.CVS.COM/SHOP/BRAND-SHOP/A/ANGIES-BOOMCHICKAPOP
ANNABELLES	ANNABELLES	cvs.com	HTTPS://WWW.CVS.COM/SHOP/BRAND-SHOP/A/ANNABELLES
ANNABELLES	ANNABELLES	cvs.com	HTTPS://WWW.CVS.COM/SHOP/BRAND-SHOP/A/ANNABELLES
ANNCHUNNS	ANNIECHUNS	cvs.com	HTTPS://WWW.CVS.COM/SHOP/BRAND-SHOP/A/ANNIE-CHUNS
ANNIECHUNS	ANNIECHUNS	cvs.com	HTTPS://WWW.CVS.COM/SHOP/BRAND-SHOP/A/ANNIE-CHUNS
ANNIES	ANNIES	cvs.com	HTTPS://WWW.CVS.COM/SHOP/BRAND-SHOP/A/ANNIES
ANNIES	ANNIES	cvs.com	HTTPS://WWW.CVS.COM/SHOP/BRAND-SHOP/A/ANNIES
ANOOVV	AVON	cvs.com	HTTPS://WWW.CVS.COM/SHOP/BRAND-SHOP/A/AVON
ANSVENT	AVENT	cvs.com	HTTPS://WWW.CVS.COM/SHOP/BRAND-SHOP/A/AVENT
ANTONELLA	ANTONELLAS	cvs.com	HTTPS://WWW.CVS.COM/SHOP/BRAND-SHOP/A/ANTONELLAS
ANTONELLA	ANTONELLAS	cvs.com	HTTPS://WWW.CVS.COM/SHOP/BRAND-SHOP/A/ANTONELLAS
ANTONIOPUIG	ANTONIOPUIG	cvs.com	HTTPS://WWW.CVS.COM/SHOP/BRAND-SHOP/A/ANTONIO-PUIG
AOUCOR	UQORA	cvs.com	HTTPS://WWW.CVS.COM/SHOP/BRAND-SHOP/U/UQORA
AOWAYS	ALWAYS	cvs.com	HTTPS://WWW.CVS.COM/SHOP/BRAND-SHOP/A/ALWAYS
APPLIEDNUTRITION	APPLIEDNUTRITION	cvs.com	HTTPS://WWW.CVS.COM/SHOP/BRAND-SHOP/A/APPLIED-NUTRITION
APPLIEDNUTRITION	APPLIEDNUTRITION	cvs.com	HTTPS://WWW.CVS.COM/SHOP/BRAND-SHOP/A/APPLIED-NUTRITION
AQUAPHERE	AQUAPHOR	cvs.com	HTTPS://WWW.CVS.COM/SHOP/BRAND-SHOP/A/AQUAPHOR
AQUAPHERE	AQUAPHOR	cvs.com	HTTPS://WWW.CVS.COM/SHOP/BRAND-SHOP/A/AQUAPHOR
AQUAPHOR	AQUAPHOR	cvs.com	HTTPS://WWW.CVS.COM/SHOP/BRAND-SHOP/A/AQUAPHOR
AQUAPHOR	AQUAPHOR	cvs.com	HTTPS://WWW.CVS.COM/SHOP/BRAND-SHOP/A/AQUAPHOR
AQUAVELVA	AQUAVELVA	cvs.com	HTTPS://WWW.CVS.COM/SHOP/BRAND-SHOP/A/AQUA-VELVA
ARAIOZORA	ARIZONA	cvs.com	HTTPS://WWW.CVS.COM/SHOP/BRAND-SHOP/A/ARIZONA
ARAIOZORA	ARIZONA	cvs.com	HTTPS://WWW.CVS.COM/SHOP/BRAND-SHOP/A/ARIZONA
ARCTICAIR	ARCTICAIR	cvs.com	HTTPS://WWW.CVS.COM/SHOP/BRAND-SHOP/A/ARCTIC-AIR
AREBORN	AIRBORNE	cvs.com	HTTPS://WWW.CVS.COM/SHOP/BRAND-SHOP/A/AIRBORNE
AREBORN	AIRBORNE	cvs.com	HTTPS://WWW.CVS.COM/SHOP/BRAND-SHOP/A/AIRBORNE
ARGANATURAL	ARGANATURAL	cvs.com	HTTPS://WWW.CVS.COM/SHOP/BRAND-SHOP/A/ARGANATURAL
ARGANATURAL	ARGANATURAL	cvs.com	HTTPS://WWW.CVS.COM/SHOP/BRAND-SHOP/A/ARGANATURAL
ARIABEAUTY	ARIABEAUTY	cvs.com	HTTPS://WWW.CVS.COM/SHOP/BRAND-SHOP/A/ARIA-BEAUTY
ARIABEAUTY	ARIABEAUTY	cvs.com	HTTPS://WWW.CVS.COM/SHOP/BRAND-SHOP/A/ARIA-BEAUTY
ARISONHO	ARIZONA	cvs.com	HTTPS://WWW.CVS.COM/SHOP/BRAND-SHOP/A/ARIZONA
ARISONHO	ARIZONA	cvs.com	HTTPS://WWW.CVS.COM/SHOP/BRAND-SHOP/A/ARIZONA
ARIZONA	ARIZONA	cvs.com	HTTPS://WWW.CVS.COM/SHOP/BRAND-SHOP/A/ARIZONA
ARIZONA	ARIZONA	cvs.com	HTTPS://WWW.CVS.COM/SHOP/BRAND-SHOP/A/ARIZONA
ARMAMPHAMMER	ARMHAMMER	cvs.com	HTTPS://WWW.CVS.COM/SHOP/BRAND-SHOP/A/ARM-HAMMER
ARMAMPHAMMER	ARMHAMMER	cvs.com	HTTPS://WWW.CVS.COM/SHOP/BRAND-SHOP/A/ARM-HAMMER
ARMHAMMERARMCW	ARMHAMMER	cvs.com	HTTPS://WWW.CVS.COM/SHOP/BRAND-SHOP/A/ARM-HAMMER
ARMHAMMERARMCW	ARMHAMMER	cvs.com	HTTPS://WWW.CVS.COM/SHOP/BRAND-SHOP/A/ARM-HAMMER
ARMHAMMERFRESHNSOFT	ARMHAMMER	cvs.com	HTTPS://WWW.CVS.COM/SHOP/BRAND-SHOP/A/ARM-HAMMER
ARMHAMMERFRESHNSOFT	ARMHAMMER	cvs.com	HTTPS://WWW.CVS.COM/SHOP/BRAND-SHOP/A/ARM-HAMMER
ARMHAMMERSUAVITEL	ARMHAMMER	cvs.com	HTTPS://WWW.CVS.COM/SHOP/BRAND-SHOP/A/ARM-HAMMER
ARMOR	ARMORALL	cvs.com	HTTPS://WWW.CVS.COM/SHOP/BRAND-SHOP/A/ARMOR-ALL
ARMORALL	ARMORALL	cvs.com	HTTPS://WWW.CVS.COM/SHOP/BRAND-SHOP/A/ARMOR-ALL
ARMORALL	ARMORALL	cvs.com	HTTPS://WWW.CVS.COM/SHOP/BRAND-SHOP/A/ARMOR-ALL
ARMORUP	ARMORALL	cvs.com	HTTPS://WWW.CVS.COM/SHOP/BRAND-SHOP/A/ARMOR-ALL
ARONKID	BRONKAID	cvs.com	HTTPS://WWW.CVS.COM/SHOP/BRAND-SHOP/B/BRONKAID
ARRID	ARRID	cvs.com	HTTPS://WWW.CVS.COM/SHOP/BRAND-SHOP/A/ARRID
ARRIONA	ARIZONA	cvs.com	HTTPS://WWW.CVS.COM/SHOP/BRAND-SHOP/A/ARIZONA
ARRIONA	ARIZONA	cvs.com	HTTPS://WWW.CVS.COM/SHOP/BRAND-SHOP/A/ARIZONA
ARROWSHED	ARROWHEAD	cvs.com	HTTPS://WWW.CVS.COM/SHOP/BRAND-SHOP/A/ARROWHEAD
ARTICAIR	ARCTICAIR	cvs.com	HTTPS://WWW.CVS.COM/SHOP/BRAND-SHOP/A/ARCTIC-AIR
ARTOFSPORT	ARTOFSPORT	cvs.com	HTTPS://WWW.CVS.COM/SHOP/BRAND-SHOP/A/ART-OF-SPORT
ASELINE	VASELINE	cvs.com	HTTPS://WWW.CVS.COM/SHOP/BRAND-SHOP/V/VASELINE
ASEPXIA	ASEPXIA	cvs.com	HTTPS://WWW.CVS.COM/SHOP/BRAND-SHOP/A/ASEPXIA
ASPERCREME	ASPERCREME	cvs.com	HTTPS://WWW.CVS.COM/SHOP/BRAND-SHOP/A/ASPERCREME
ASTROGLIDE	ASTROGLIDE	cvs.com	HTTPS://WWW.CVS.COM/SHOP/BRAND-SHOP/A/ASTROGLIDE
ASTROGLIDE	ASTROGLIDE	cvs.com	HTTPS://WWW.CVS.COM/SHOP/BRAND-SHOP/A/ASTROGLIDE
AUNTJACKIS	AUNTJACKIES	cvs.com	HTTPS://WWW.CVS.COM/SHOP/BRAND-SHOP/A/AUNT-JACKIES
AUNTJAMIMA	AUNTJEMIMA	cvs.com	HTTPS://WWW.CVS.COM/SHOP/BRAND-SHOP/A/AUNT-JEMIMA
AUNTJAMIMA	AUNTJEMIMA	cvs.com	HTTPS://WWW.CVS.COM/SHOP/BRAND-SHOP/A/AUNT-JEMIMA
AUNTJEMIMA	AUNTJEMIMA	cvs.com	HTTPS://WWW.CVS.COM/SHOP/BRAND-SHOP/A/AUNT-JEMIMA
AUNTJEMIMA	AUNTJEMIMA	cvs.com	HTTPS://WWW.CVS.COM/SHOP/BRAND-SHOP/A/AUNT-JEMIMA
AURORAWORLD	AURORAWORLD	cvs.com	HTTPS://WWW.CVS.COM/SHOP/BRAND-SHOP/A/AURORA-WORLD
AUSIE	AUSSIE	cvs.com	HTTPS://WWW.CVS.COM/SHOP/BRAND-SHOP/A/AUSSIE
AUSSIE	AUSSIE	cvs.com	HTTPS://WWW.CVS.COM/SHOP/BRAND-SHOP/A/AUSSIE
AUSTRALIANDREAM	AUSTRALIANDREAM	cvs.com	HTTPS://WWW.CVS.COM/SHOP/BRAND-SHOP/A/AUSTRALIAN-DREAM
AUSTRALIANGOLD	AUSTRALIANGOLD	cvs.com	HTTPS://WWW.CVS.COM/SHOP/BRAND-SHOP/A/AUSTRALIAN-GOLD
AVANUVO	AVON	cvs.com	HTTPS://WWW.CVS.COM/SHOP/BRAND-SHOP/A/AVON
AVANUVO	AVEENO	cvs.com	HTTPS://WWW.CVS.COM/SHOP/BRAND-SHOP/A/AVEENO
AVATARA	AVATARA	cvs.com	HTTPS://WWW.CVS.COM/SHOP/BRAND-SHOP/A/AVATARA
AVATARA	AVATARA	cvs.com	HTTPS://WWW.CVS.COM/SHOP/BRAND-SHOP/A/AVATARA
AVEBYAVENDANO	AVEENO	cvs.com	HTTPS://WWW.CVS.COM/SHOP/BRAND-SHOP/A/AVEENO
AVEBYAVENDANO	AVEENO	cvs.com	HTTPS://WWW.CVS.COM/SHOP/BRAND-SHOP/A/AVEENO
AVEDA	AVEDA	cvs.com	HTTPS://WWW.CVS.COM/SHOP/BRAND-SHOP/A/AVEDA
AVEEN	AVEENO	cvs.com	HTTPS://WWW.CVS.COM/SHOP/BRAND-SHOP/A/AVEENO
AVEENO	AVEENO	cvs.com	HTTPS://WWW.CVS.COM/SHOP/BRAND-SHOP/A/AVEENO
AVENE	AVENESKINCARE	cvs.com	HTTPS://WWW.CVS.COM/SHOP/BRAND-SHOP/A/AVENE-SKINCARE
AVENEO	AVEENO	cvs.com	HTTPS://WWW.CVS.COM/SHOP/BRAND-SHOP/A/AVEENO
AVENEO	AVEENO	cvs.com	HTTPS://WWW.CVS.COM/SHOP/BRAND-SHOP/A/AVEENO
AVENT	AVENT	cvs.com	HTTPS://WWW.CVS.COM/SHOP/BRAND-SHOP/A/AVENT
AVENT	AVENT	cvs.com	HTTPS://WWW.CVS.COM/SHOP/BRAND-SHOP/A/AVENT
AVON	AVON	cvs.com	HTTPS://WWW.CVS.COM/SHOP/BRAND-SHOP/A/AVON
AVONPRODUCTS	AVON	cvs.com	HTTPS://WWW.CVS.COM/SHOP/BRAND-SHOP/A/AVON
AVONPRODUCTS	AVON	cvs.com	HTTPS://WWW.CVS.COM/SHOP/BRAND-SHOP/A/AVON
AVONSOLUTIONS	AVON	cvs.com	HTTPS://WWW.CVS.COM/SHOP/BRAND-SHOP/A/AVON
AVONSP	AVON	cvs.com	HTTPS://WWW.CVS.COM/SHOP/BRAND-SHOP/A/AVON
AVONT	AVON	cvs.com	HTTPS://WWW.CVS.COM/SHOP/BRAND-SHOP/A/AVON
AWKWARDESSENTIALS	AWKWARDESSENTIALS	cvs.com	HTTPS://WWW.CVS.COM/SHOP/BRAND-SHOP/A/AWKWARD-ESSENTIALS
AWKWARDESSENTIALS	AWKWARDESSENTIALS	cvs.com	HTTPS://WWW.CVS.COM/SHOP/BRAND-SHOP/A/AWKWARD-ESSENTIALS
AZACOW	AZO	cvs.com	HTTPS://WWW.CVS.COM/SHOP/BRAND-SHOP/A/AZO
AZO	AZO	cvs.com	HTTPS://WWW.CVS.COM/SHOP/BRAND-SHOP/A/AZO
AZONSDOP	AZO	cvs.com	HTTPS://WWW.CVS.COM/SHOP/BRAND-SHOP/A/AZO
AZOOU	AZO	cvs.com	HTTPS://WWW.CVS.COM/SHOP/BRAND-SHOP/A/AZO
AZOS	AZO	cvs.com	HTTPS://WWW.CVS.COM/SHOP/BRAND-SHOP/A/AZO
AZROSAP	AZO	cvs.com	HTTPS://WWW.CVS.COM/SHOP/BRAND-SHOP/A/AZO
AZTEC	AZTECSECRET	cvs.com	HTTPS://WWW.CVS.COM/SHOP/BRAND-SHOP/A/AZTEC-SECRET
AZUGO	AZO	cvs.com	HTTPS://WWW.CVS.COM/SHOP/BRAND-SHOP/A/AZO
AZVIZANMO	AZO	cvs.com	HTTPS://WWW.CVS.COM/SHOP/BRAND-SHOP/A/AZO
BABYBUM	BABYBUM	cvs.com	HTTPS://WWW.CVS.COM/SHOP/BRAND-SHOP/B/BABY-BUM
BABYBUM	BABYBUM	cvs.com	HTTPS://WWW.CVS.COM/SHOP/BRAND-SHOP/B/BABY-BUM
BABYBUMS	BABYBUM	cvs.com	HTTPS://WWW.CVS.COM/SHOP/BRAND-SHOP/B/BABY-BUM
BABYBUMS	BABYBUM	cvs.com	HTTPS://WWW.CVS.COM/SHOP/BRAND-SHOP/B/BABY-BUM
BABYDOVE	BABYDOVE	cvs.com	HTTPS://WWW.CVS.COM/SHOP/BRAND-SHOP/B/BABY-DOVE
BABYDOVE	BABYDOVE	cvs.com	HTTPS://WWW.CVS.COM/SHOP/BRAND-SHOP/B/BABY-DOVE
BABYDOVEPW	BABYDOVE	cvs.com	HTTPS://WWW.CVS.COM/SHOP/BRAND-SHOP/B/BABY-DOVE
BABYDOVEPW	BABYDOVE	cvs.com	HTTPS://WWW.CVS.COM/SHOP/BRAND-SHOP/B/BABY-DOVE
BABYDOVEUSA	BABYDOVE	cvs.com	HTTPS://WWW.CVS.COM/SHOP/BRAND-SHOP/B/BABY-DOVE
BABYDOVEUSA	BABYDOVE	cvs.com	HTTPS://WWW.CVS.COM/SHOP/BRAND-SHOP/B/BABY-DOVE
BABYGANICS	BABYGANICS	cvs.com	HTTPS://WWW.CVS.COM/SHOP/BRAND-SHOP/B/BABYGANICS
BABYGANICS	BABYGANICS	cvs.com	HTTPS://WWW.CVS.COM/SHOP/BRAND-SHOP/B/BABYGANICS
BABYGENIX	BABYGANICS	cvs.com	HTTPS://WWW.CVS.COM/SHOP/BRAND-SHOP/B/BABYGANICS
BABYRUTH	BABYRUTH	cvs.com	HTTPS://WWW.CVS.COM/SHOP/BRAND-SHOP/B/BABY-RUTH
BABYSHUSHER	BABYSHUSHER	cvs.com	HTTPS://WWW.CVS.COM/SHOP/BRAND-SHOP/B/BABY-SHUSHER
BACTINE	BACTINE	cvs.com	HTTPS://WWW.CVS.COM/SHOP/BRAND-SHOP/B/BACTINE
BACTINE	BACTINE	cvs.com	HTTPS://WWW.CVS.COM/SHOP/BRAND-SHOP/B/BACTINE
BADA	BADABEANBADABOOM	cvs.com	HTTPS://WWW.CVS.COM/SHOP/BRAND-SHOP/B/BADA-BEAN-BADA-BOOM
BADA	BADABEANBADABOOM	cvs.com	HTTPS://WWW.CVS.COM/SHOP/BRAND-SHOP/B/BADA-BEAN-BADA-BOOM
BADABEANBADABOOM	BADABEANBADABOOM	cvs.com	HTTPS://WWW.CVS.COM/SHOP/BRAND-SHOP/B/BADA-BEAN-BADA-BOOM
BADABEANBADABOOM	BADABEANBADABOOM	cvs.com	HTTPS://WWW.CVS.COM/SHOP/BRAND-SHOP/B/BADA-BEAN-BADA-BOOM
BAEBODY	BAEBODY	cvs.com	HTTPS://WWW.CVS.COM/SHOP/BRAND-SHOP/B/BAEBODY
BAEBODY	BAEBODY	cvs.com	HTTPS://WWW.CVS.COM/SHOP/BRAND-SHOP/B/BAEBODY
BAGBALM	BAGBALM	cvs.com	HTTPS://WWW.CVS.COM/SHOP/BRAND-SHOP/B/BAG-BALM
BAIGY	BAI	cvs.com	HTTPS://WWW.CVS.COM/SHOP/BRAND-SHOP/B/BAI
BAIIBAI	BAI	cvs.com	HTTPS://WWW.CVS.COM/SHOP/BRAND-SHOP/B/BAI
BALANCEDBREED	BALANCEDBREED	cvs.com	HTTPS://WWW.CVS.COM/SHOP/BRAND-SHOP/B/BALANCED-BREED
BALANCEDBREED	BALANCEDBREED	cvs.com	HTTPS://WWW.CVS.COM/SHOP/BRAND-SHOP/B/BALANCED-BREED
BALNEOL	BALNEOL	cvs.com	HTTPS://WWW.CVS.COM/SHOP/BRAND-SHOP/B/BALNEOL
BAN	BAN	cvs.com	HTTPS://WWW.CVS.COM/SHOP/BRAND-SHOP/B/BAN
BANANABOAT	BANANABOAT	cvs.com	HTTPS://WWW.CVS.COM/SHOP/BRAND-SHOP/B/BANANA-BOAT
BANDAIDBRAND	BANDAID	cvs.com	HTTPS://WWW.CVS.COM/SHOP/BRAND-SHOP/B/BAND-AID
BANLLIS	BALL	cvs.com	HTTPS://WWW.CVS.COM/SHOP/BRAND-SHOP/B/BALL
BANZA	BANZA	cvs.com	HTTPS://WWW.CVS.COM/SHOP/BRAND-SHOP/B/BANZA
BAOLSLS	BALL	cvs.com	HTTPS://WWW.CVS.COM/SHOP/BRAND-SHOP/B/BALL
BAOST	BOOST	cvs.com	HTTPS://WWW.CVS.COM/SHOP/BRAND-SHOP/B/BOOST
BAOST	BOOST	cvs.com	HTTPS://WWW.CVS.COM/SHOP/BRAND-SHOP/B/BOOST
BAREBELLS	BAREBELLS	cvs.com	HTTPS://WWW.CVS.COM/SHOP/BRAND-SHOP/B/BAREBELLS
BAREMINERAL	BAREMINERALS	cvs.com	HTTPS://WWW.CVS.COM/SHOP/BRAND-SHOP/B/BAREMINERALS
BAREMINERALS	BAREMINERALS	cvs.com	HTTPS://WWW.CVS.COM/SHOP/BRAND-SHOP/B/BAREMINERALS
BARILLA	BARILLA	cvs.com	HTTPS://WWW.CVS.COM/SHOP/BRAND-SHOP/B/BARILLA
BARKTHINS	BARKTHINS	cvs.com	HTTPS://WWW.CVS.COM/SHOP/BRAND-SHOP/B/BARKTHINS
BARRCO	BARRCO	cvs.com	HTTPS://WWW.CVS.COM/SHOP/BRAND-SHOP/B/BARRCO
BARUN	BRAUN	cvs.com	HTTPS://WWW.CVS.COM/SHOP/BRAND-SHOP/B/BRAUN
BAUDUCCO	BAUDUCCO	cvs.com	HTTPS://WWW.CVS.COM/SHOP/BRAND-SHOP/B/BAUDUCCO
BAUDUCCO	BAUDUCCO	cvs.com	HTTPS://WWW.CVS.COM/SHOP/BRAND-SHOP/B/BAUDUCCO
BAUSCHLOMB	BAUSCHLOMB	cvs.com	HTTPS://WWW.CVS.COM/SHOP/BRAND-SHOP/B/BAUSCH-LOMB
BAYSBAI	BAI	cvs.com	HTTPS://WWW.CVS.COM/SHOP/BRAND-SHOP/B/BAI
BBAIY	BAI	cvs.com	HTTPS://WWW.CVS.COM/SHOP/BRAND-SHOP/B/BAI
BC	BC	cvs.com	HTTPS://WWW.CVS.COM/SHOP/BRAND-SHOP/B/BC
BC	BC	cvs.com	HTTPS://WWW.CVS.COM/SHOP/BRAND-SHOP/B/BC
BEACHCLIFF	BEACHCLIFF	cvs.com	HTTPS://WWW.CVS.COM/SHOP/BRAND-SHOP/B/BEACH-CLIFF
BEARNAKED	BEARNAKED	cvs.com	HTTPS://WWW.CVS.COM/SHOP/BRAND-SHOP/B/BEAR-NAKED
BEASY	BEASY	cvs.com	HTTPS://WWW.CVS.COM/SHOP/BRAND-SHOP/B/BEASY
BEAUTY360	BEAUTY360	cvs.com	HTTPS://WWW.CVS.COM/SHOP/BRAND-SHOP/B/BEAUTY-360
BEAUTY360BYCVSPHARMACY	BEAUTY360	cvs.com	HTTPS://WWW.CVS.COM/SHOP/BRAND-SHOP/B/BEAUTY-360
BEAUTY360BYCVSPHARMACY	BEAUTY360PAGE4	cvs.com	HTTPS://WWW.CVS.COM/SHOP/BRAND-SHOP/B/BEAUTY-360?PAGE=4
BEAUTYBAKERIE	BEAUTYBAKERIE	cvs.com	HTTPS://WWW.CVS.COM/SHOP/BRAND-SHOP/B/BEAUTY-BAKERIE
BEAUTYBAKERIE	BEAUTYBAKERIE	cvs.com	HTTPS://WWW.CVS.COM/SHOP/BRAND-SHOP/B/BEAUTY-BAKERIE
BEAUTYESSENCE	ESSENCE	cvs.com	HTTPS://WWW.CVS.COM/SHOP/BRAND-SHOP/E/ESSENCE
BEAUTYFLOWER	FLOWERBEAUTYBYDREW	cvs.com	HTTPS://WWW.CVS.COM/SHOP/BRAND-SHOP/F/FLOWER-BEAUTY-BY-DREW
BECTINE	BACTINE	cvs.com	HTTPS://WWW.CVS.COM/SHOP/BRAND-SHOP/B/BACTINE
BECTINE	BACTINE	cvs.com	HTTPS://WWW.CVS.COM/SHOP/BRAND-SHOP/B/BACTINE
BEDBUDDY	BEDBUDDY	cvs.com	HTTPS://WWW.CVS.COM/SHOP/BRAND-SHOP/B/BED-BUDDY
BEDBUDDY	BEDBUDDY	cvs.com	HTTPS://WWW.CVS.COM/SHOP/BRAND-SHOP/B/BED-BUDDY
BEDHEAD	BEDHEAD	cvs.com	HTTPS://WWW.CVS.COM/SHOP/BRAND-SHOP/B/BED-HEAD
BEDHEADBEDHEAD	BEDHEAD	cvs.com	HTTPS://WWW.CVS.COM/SHOP/BRAND-SHOP/B/BED-HEAD
BEDHED	BEDHEAD	cvs.com	HTTPS://WWW.CVS.COM/SHOP/BRAND-SHOP/B/BED-HEAD
BEEINTERNATIONAL	BEEINTERNATIONAL	cvs.com	HTTPS://WWW.CVS.COM/SHOP/BRAND-SHOP/B/BEE-INTERNATIONAL
BEEKEEPERSNATURALS	BEEKEEPERSNATURALS	cvs.com	HTTPS://WWW.CVS.COM/SHOP/BRAND-SHOP/B/BEEKEEPERS-NATURALS
BEEKEEPERSNATURALS	BEEKEEPERSNATURALS	cvs.com	HTTPS://WWW.CVS.COM/SHOP/BRAND-SHOP/B/BEEKEEPERS-NATURALS
BEENATURALS	BEEKEEPERSNATURALS	cvs.com	HTTPS://WWW.CVS.COM/SHOP/BRAND-SHOP/B/BEEKEEPERS-NATURALS
BEETLESGELPOLISH	BEETLESGELPOLISH	cvs.com	HTTPS://WWW.CVS.COM/SHOP/BRAND-SHOP/B/BEETLES-GEL-POLISH
BEETLESGELPOLISHBEETLESGELPOLI	BEETLESGELPOLISH	cvs.com	HTTPS://WWW.CVS.COM/SHOP/BRAND-SHOP/B/BEETLES-GEL-POLISH
BEITEFIBER	BENEFIBER	cvs.com	HTTPS://WWW.CVS.COM/SHOP/BRAND-SHOP/B/BENEFIBER
BELLWAY	BELLWAY	cvs.com	HTTPS://WWW.CVS.COM/SHOP/BRAND-SHOP/B/BELLWAY
BELLWAY	BELLWAY	cvs.com	HTTPS://WWW.CVS.COM/SHOP/BRAND-SHOP/B/BELLWAY
BENADRYL	BENADRYL	cvs.com	HTTPS://WWW.CVS.COM/SHOP/BRAND-SHOP/B/BENADRYL
BENDONPUBLISHING	BENDONPUBLISHING	cvs.com	HTTPS://WWW.CVS.COM/SHOP/BRAND-SHOP/B/BENDON-PUBLISHING
BENDONPUBLISHINGIN	BENDONPUBLISHING	cvs.com	HTTPS://WWW.CVS.COM/SHOP/BRAND-SHOP/B/BENDON-PUBLISHING
BENEFIBER	BENEFIBER	cvs.com	HTTPS://WWW.CVS.COM/SHOP/BRAND-SHOP/B/BENEFIBER
BENEFUL	BENEFUL	cvs.com	HTTPS://WWW.CVS.COM/SHOP/BRAND-SHOP/B/BENEFUL
BENZEDREX	BENZEDREX	cvs.com	HTTPS://WWW.CVS.COM/SHOP/BRAND-SHOP/B/BENZEDREX
BEPURELIFE	PURELIFE	cvs.com	HTTPS://WWW.CVS.COM/SHOP/BRAND-SHOP/P/PURE-LIFE
BEPURELIFE	PURELIFE	cvs.com	HTTPS://WWW.CVS.COM/SHOP/BRAND-SHOP/P/PURE-LIFE
BEUER	BEURER	cvs.com	HTTPS://WWW.CVS.COM/SHOP/BRAND-SHOP/B/BEURER
BEUER	BEURER	cvs.com	HTTPS://WWW.CVS.COM/SHOP/BRAND-SHOP/B/BEURER
BEURER	BEURER	cvs.com	HTTPS://WWW.CVS.COM/SHOP/BRAND-SHOP/B/BEURER
BEURER	BEURER	cvs.com	HTTPS://WWW.CVS.COM/SHOP/BRAND-SHOP/B/BEURER
BIALETTI	BIALETTI	cvs.com	HTTPS://WWW.CVS.COM/SHOP/BRAND-SHOP/B/BIALETTI
BIALETTIL	BIALETTI	cvs.com	HTTPS://WWW.CVS.COM/SHOP/BRAND-SHOP/B/BIALETTI
BIBIGO	BIBIGO	cvs.com	HTTPS://WWW.CVS.COM/SHOP/BRAND-SHOP/B/BIBIGO
BICLLCSDD	BIC	cvs.com	HTTPS://WWW.CVS.COM/SHOP/BRAND-SHOP/B/BIC
BIELEBBI	BIALETTI	cvs.com	HTTPS://WWW.CVS.COM/SHOP/BRAND-SHOP/B/BIALETTI
BIENA	BIENASNACKS	cvs.com	HTTPS://WWW.CVS.COM/SHOP/BRAND-SHOP/B/BIENA-SNACKS
BIGELOW	BIGELOW	cvs.com	HTTPS://WWW.CVS.COM/SHOP/BRAND-SHOP/B/BIGELOW
BIGRED	BIGRED	cvs.com	HTTPS://WWW.CVS.COM/SHOP/BRAND-SHOP/B/BIG-RED
BILLIONDOLLARBROWS	BILLIONDOLLARBROWS	cvs.com	HTTPS://WWW.CVS.COM/SHOP/BRAND-SHOP/B/BILLION-DOLLAR-BROWS
BILLIONDOLLARBROWS	BILLIONDOLLARBROWS	cvs.com	HTTPS://WWW.CVS.COM/SHOP/BRAND-SHOP/B/BILLION-DOLLAR-BROWS
BIODERMA	BIODERMA	cvs.com	HTTPS://WWW.CVS.COM/SHOP/BRAND-SHOP/B/BIODERMA
BIODERMABIODERMABIODERMA	BIODERMA	cvs.com	HTTPS://WWW.CVS.COM/SHOP/BRAND-SHOP/B/BIODERMA
BIODERMABURTSBEESSPORT	BIODERMA	cvs.com	HTTPS://WWW.CVS.COM/SHOP/BRAND-SHOP/B/BIODERMA
BIODERMABURTSBEESSPORT	BIODERMA	cvs.com	HTTPS://WWW.CVS.COM/SHOP/BRAND-SHOP/B/BIODERMA
BIOFREEZE	BIOFREEZE	cvs.com	HTTPS://WWW.CVS.COM/SHOP/BRAND-SHOP/B/BIOFREEZE
BIOGAIA	BIOGAIA	cvs.com	HTTPS://WWW.CVS.COM/SHOP/BRAND-SHOP/B/BIOGAIA
BIOLAGE	BIOLAGE	cvs.com	HTTPS://WWW.CVS.COM/SHOP/BRAND-SHOP/B/BIOLAGE
BIOLYTE	BIOLYTE	cvs.com	HTTPS://WWW.CVS.COM/SHOP/BRAND-SHOP/B/BIOLYTE
BIOMIRACLE	BIOMIRACLE	cvs.com	HTTPS://WWW.CVS.COM/SHOP/BRAND-SHOP/B/BIOMIRACLE
BIOOIL	BIOOIL	cvs.com	HTTPS://WWW.CVS.COM/SHOP/BRAND-SHOP/B/BIO-OIL
BIOR	BIORE	cvs.com	HTTPS://WWW.CVS.COM/SHOP/BRAND-SHOP/B/BIORE
BIORE	BIORE	cvs.com	HTTPS://WWW.CVS.COM/SHOP/BRAND-SHOP/B/BIORE
BIOREPUBLIC	BIOREPUBLIC	cvs.com	HTTPS://WWW.CVS.COM/SHOP/BRAND-SHOP/B/BIOREPUBLIC
BIOSIL	BIOSIL	cvs.com	HTTPS://WWW.CVS.COM/SHOP/BRAND-SHOP/B/BIOSIL
BIOSIL	BIOSIL	cvs.com	HTTPS://WWW.CVS.COM/SHOP/BRAND-SHOP/B/BIOSIL
BIOSILK	BIOSILK	cvs.com	HTTPS://WWW.CVS.COM/SHOP/BRAND-SHOP/B/BIOSILK
BIOSILK	BIOSILK	cvs.com	HTTPS://WWW.CVS.COM/SHOP/BRAND-SHOP/B/BIOSILK
BIOTH	BIOOIL	cvs.com	HTTPS://WWW.CVS.COM/SHOP/BRAND-SHOP/B/BIO-OIL
BIOTRUE	BIOTRUE	cvs.com	HTTPS://WWW.CVS.COM/SHOP/BRAND-SHOP/B/BIOTRUE
BIOVANTA	BIOVANTA	cvs.com	HTTPS://WWW.CVS.COM/SHOP/BRAND-SHOP/B/BIOVANTA
BISQUICK	BISQUICK	cvs.com	HTTPS://WWW.CVS.COM/SHOP/BRAND-SHOP/B/BISQUICK
BLACKGIRLSUNSCREEN	BLACKGIRLSUNSCREEN	cvs.com	HTTPS://WWW.CVS.COM/SHOP/BRAND-SHOP/B/BLACK-GIRL-SUNSCREEN
BLACKRADIANCE	BLACKRADIANCE	cvs.com	HTTPS://WWW.CVS.COM/SHOP/BRAND-SHOP/B/BLACK-RADIANCE
BLACKWOLF	BLACKWOLF	cvs.com	HTTPS://WWW.CVS.COM/SHOP/BRAND-SHOP/B/BLACK-WOLF
BLANCOMES	LANCOME	cvs.com	HTTPS://WWW.CVS.COM/SHOP/BRAND-SHOP/L/LANCOME
BLENDJET	BLENDJET	cvs.com	HTTPS://WWW.CVS.COM/SHOP/BRAND-SHOP/B/BLENDJET
BLINGSTING	BLINGSTING	cvs.com	HTTPS://WWW.CVS.COM/SHOP/BRAND-SHOP/B/BLINGSTING
BLISS	BLISS	cvs.com	HTTPS://WWW.CVS.COM/SHOP/BRAND-SHOP/B/BLISS
BLISS	BLISS	cvs.com	HTTPS://WWW.CVS.COM/SHOP/BRAND-SHOP/B/BLISS
BLISSBRANDS	BLISS	cvs.com	HTTPS://WWW.CVS.COM/SHOP/BRAND-SHOP/B/BLISS
BLISSDANE	BLISS	cvs.com	HTTPS://WWW.CVS.COM/SHOP/BRAND-SHOP/B/BLISS
BLISSDANE	BLISS	cvs.com	HTTPS://WWW.CVS.COM/SHOP/BRAND-SHOP/B/BLISS
BLISSOURCE	BLISS	cvs.com	HTTPS://WWW.CVS.COM/SHOP/BRAND-SHOP/B/BLISS
BLISSUR	BLISS	cvs.com	HTTPS://WWW.CVS.COM/SHOP/BRAND-SHOP/B/BLISS
BLISSVIE	BLISS	cvs.com	HTTPS://WWW.CVS.COM/SHOP/BRAND-SHOP/B/BLISS
BLISTEX	BLISTEX	cvs.com	HTTPS://WWW.CVS.COM/SHOP/BRAND-SHOP/B/BLISTEX
BLISTEX	BLISTEX	cvs.com	HTTPS://WWW.CVS.COM/SHOP/BRAND-SHOP/B/BLISTEX
BLISTEXSOFTANDLUSH	BLISTEX	cvs.com	HTTPS://WWW.CVS.COM/SHOP/BRAND-SHOP/B/BLISTEX
BLOOM	BLOOM	cvs.com	HTTPS://WWW.CVS.COM/SHOP/BRAND-SHOP/B/BLOOM
BLOOM	BLOOM	cvs.com	HTTPS://WWW.CVS.COM/SHOP/BRAND-SHOP/B/BLOOM
BLOOMAREA	BLOOM	cvs.com	HTTPS://WWW.CVS.COM/SHOP/BRAND-SHOP/B/BLOOM
BLOOMFLOWER	BLOOM	cvs.com	HTTPS://WWW.CVS.COM/SHOP/BRAND-SHOP/B/BLOOM
BLOOMI	BLOOMI	cvs.com	HTTPS://WWW.CVS.COM/SHOP/BRAND-SHOP/B/BLOOMI
BLOOMIRO	BLOOM	cvs.com	HTTPS://WWW.CVS.COM/SHOP/BRAND-SHOP/B/BLOOM
BLOOMIRO	BLOOM	cvs.com	HTTPS://WWW.CVS.COM/SHOP/BRAND-SHOP/B/BLOOM
BLOOMMY	BLOOM	cvs.com	HTTPS://WWW.CVS.COM/SHOP/BRAND-SHOP/B/BLOOM
BLOOMSOMEWHERE	BLOOM	cvs.com	HTTPS://WWW.CVS.COM/SHOP/BRAND-SHOP/B/BLOOM
BLOOMSOMEWHERE	BLOOM	cvs.com	HTTPS://WWW.CVS.COM/SHOP/BRAND-SHOP/B/BLOOM
BLOOMWIN	BLOOM	cvs.com	HTTPS://WWW.CVS.COM/SHOP/BRAND-SHOP/B/BLOOM
BLOSSOMBEAUTY	BLOSSOMBEAUTY	cvs.com	HTTPS://WWW.CVS.COM/SHOP/BRAND-SHOP/B/BLOSSOM-BEAUTY
BLOSSOMBEAUTY	BLOSSOMBEAUTY	cvs.com	HTTPS://WWW.CVS.COM/SHOP/BRAND-SHOP/B/BLOSSOM-BEAUTY
BLSS	BLISS	cvs.com	HTTPS://WWW.CVS.COM/SHOP/BRAND-SHOP/B/BLISS
BLSS	BLISS	cvs.com	HTTPS://WWW.CVS.COM/SHOP/BRAND-SHOP/B/BLISS
BLUEBUFFALO	BLUEBUFFALO	cvs.com	HTTPS://WWW.CVS.COM/SHOP/BRAND-SHOP/B/BLUE-BUFFALO
BLUEEARTHSESSENTIALS	EARTHESSENTIALS	cvs.com	HTTPS://WWW.CVS.COM/SHOP/BRAND-SHOP/E/EARTH-ESSENTIALS
BLUEEARTHSESSENTIALS	EARTHESSENTIALS	cvs.com	HTTPS://WWW.CVS.COM/SHOP/BRAND-SHOP/E/EARTH-ESSENTIALS
BLUEEMU	BLUEEMU	cvs.com	HTTPS://WWW.CVS.COM/SHOP/BRAND-SHOP/B/BLUE-EMU
BLUEMAGIC	BLUEMAGIC	cvs.com	HTTPS://WWW.CVS.COM/SHOP/BRAND-SHOP/B/BLUE-MAGIC
BLUEMAGIC	BLUEMAGIC	cvs.com	HTTPS://WWW.CVS.COM/SHOP/BRAND-SHOP/B/BLUE-MAGIC
BLUEMAGICPRODUCTS	BLUEMAGIC	cvs.com	HTTPS://WWW.CVS.COM/SHOP/BRAND-SHOP/B/BLUE-MAGIC
BLUEMAGICPRODUCTS	BLUEMAGIC	cvs.com	HTTPS://WWW.CVS.COM/SHOP/BRAND-SHOP/B/BLUE-MAGIC
BOBO	BOBOS	cvs.com	HTTPS://WWW.CVS.COM/SHOP/BRAND-SHOP/B/BOBOS
BOBOO	BOBOS	cvs.com	HTTPS://WWW.CVS.COM/SHOP/BRAND-SHOP/B/BOBOS
BOBOO	BOBOS	cvs.com	HTTPS://WWW.CVS.COM/SHOP/BRAND-SHOP/B/BOBOS
BOBOS	BOBOS	cvs.com	HTTPS://WWW.CVS.COM/SHOP/BRAND-SHOP/B/BOBOS
BOBOS	BOBOS	cvs.com	HTTPS://WWW.CVS.COM/SHOP/BRAND-SHOP/B/BOBOS
BOBOSHOP	BOBOS	cvs.com	HTTPS://WWW.CVS.COM/SHOP/BRAND-SHOP/B/BOBOS
BODATO	BOD	cvs.com	HTTPS://WWW.CVS.COM/SHOP/BRAND-SHOP/B/BOD
BODBOD	BOD	cvs.com	HTTPS://WWW.CVS.COM/SHOP/BRAND-SHOP/B/BOD
BODLED	BOD	cvs.com	HTTPS://WWW.CVS.COM/SHOP/BRAND-SHOP/B/BOD
BODYFANTASIES	BODYFANTASIES	cvs.com	HTTPS://WWW.CVS.COM/SHOP/BRAND-SHOP/B/BODY-FANTASIES
BODYFORTRESS	BODYFORTRESS	cvs.com	HTTPS://WWW.CVS.COM/SHOP/BRAND-SHOP/B/BODY-FORTRESS
BOIRON	BOIRON	cvs.com	HTTPS://WWW.CVS.COM/SHOP/BRAND-SHOP/B/BOIRON
BOIRON	BOIRON	cvs.com	HTTPS://WWW.CVS.COM/SHOP/BRAND-SHOP/B/BOIRON
BONA	BONA	cvs.com	HTTPS://WWW.CVS.COM/SHOP/BRAND-SHOP/B/BONA
BONDISANDS	BONDISANDS	cvs.com	HTTPS://WWW.CVS.COM/SHOP/BRAND-SHOP/B/BONDI-SANDS
BONKERS	BONKERS	cvs.com	HTTPS://WWW.CVS.COM/SHOP/BRAND-SHOP/B/BONKERS
BONKERS	BONKERS	cvs.com	HTTPS://WWW.CVS.COM/SHOP/BRAND-SHOP/B/BONKERS
BONLETTI	BIALETTI	cvs.com	HTTPS://WWW.CVS.COM/SHOP/BRAND-SHOP/B/BIALETTI
BONNEMAMAN	BONNEMAMAN	cvs.com	HTTPS://WWW.CVS.COM/SHOP/BRAND-SHOP/B/BONNE-MAMAN
BONOST	BOOST	cvs.com	HTTPS://WWW.CVS.COM/SHOP/BRAND-SHOP/B/BOOST
BONOST	BOOST	cvs.com	HTTPS://WWW.CVS.COM/SHOP/BRAND-SHOP/B/BOOST
BOOGIEBOARD	BOOGIEBOARD	cvs.com	HTTPS://WWW.CVS.COM/SHOP/BRAND-SHOP/B/BOOGIE-BOARD
BOOGIEBOARD	BOOGIEBOARD	cvs.com	HTTPS://WWW.CVS.COM/SHOP/BRAND-SHOP/B/BOOGIE-BOARD
BOOMBOOM	BOOMBOOMNATURALS	cvs.com	HTTPS://WWW.CVS.COM/SHOP/BRAND-SHOP/B/BOOMBOOM-NATURALS
BOOMCHICKAPOP	ANGIESBOOMCHICKAPOP	cvs.com	HTTPS://WWW.CVS.COM/SHOP/BRAND-SHOP/A/ANGIES-BOOMCHICKAPOP
BOOMHOMEMEDICAL	BOOMHOMEMEDICAL	cvs.com	HTTPS://WWW.CVS.COM/SHOP/BRAND-SHOP/B/BOOM-HOME-MEDICAL
BOOMS	BOOMBOOMNATURALS	cvs.com	HTTPS://WWW.CVS.COM/SHOP/BRAND-SHOP/B/BOOMBOOM-NATURALS
BOOMYLINS	BOOMBOOMNATURALS	cvs.com	HTTPS://WWW.CVS.COM/SHOP/BRAND-SHOP/B/BOOMBOOM-NATURALS
BOOSTAPOOCH	BOOST	cvs.com	HTTPS://WWW.CVS.COM/SHOP/BRAND-SHOP/B/BOOST
BOOSTAPOOCH	BOOST	cvs.com	HTTPS://WWW.CVS.COM/SHOP/BRAND-SHOP/B/BOOST
BOOSTGRO	BOOST	cvs.com	HTTPS://WWW.CVS.COM/SHOP/BRAND-SHOP/B/BOOST
BOOSTHOME	BOOST	cvs.com	HTTPS://WWW.CVS.COM/SHOP/BRAND-SHOP/B/BOOST
BOOSTHOME	BOOST	cvs.com	HTTPS://WWW.CVS.COM/SHOP/BRAND-SHOP/B/BOOST
BOOSTOXYGEN	BOOSTOXYGEN	cvs.com	HTTPS://WWW.CVS.COM/SHOP/BRAND-SHOP/B/BOOST-OXYGEN-LLC
BOOSTREE	BOOST	cvs.com	HTTPS://WWW.CVS.COM/SHOP/BRAND-SHOP/B/BOOST
BORDEN	BORDEN	cvs.com	HTTPS://WWW.CVS.COM/SHOP/BRAND-SHOP/B/BORDEN
BOSLEYMD	BOSLEYMD	cvs.com	HTTPS://WWW.CVS.COM/SHOP/BRAND-SHOP/B/BOSLEYMD
BOUDREAUXS	BOUDREAUXS	cvs.com	HTTPS://WWW.CVS.COM/SHOP/BRAND-SHOP/B/BOUDREAUXS
BOULDERCANYON	BOULDERCANYON	cvs.com	HTTPS://WWW.CVS.COM/SHOP/BRAND-SHOP/B/BOULDER-CANYON
BOUNCE	BOUNCE	cvs.com	HTTPS://WWW.CVS.COM/SHOP/BRAND-SHOP/B/BOUNCE
BOUNCEE	BOUNCE	cvs.com	HTTPS://WWW.CVS.COM/SHOP/BRAND-SHOP/B/BOUNCE
BOUNCEIT	BOUNCE	cvs.com	HTTPS://WWW.CVS.COM/SHOP/BRAND-SHOP/B/BOUNCE
BOUNTYBUNDLESLTD	BOUNTY	cvs.com	HTTPS://WWW.CVS.COM/SHOP/BRAND-SHOP/B/BOUNTY
BRACH	BRACHS	cvs.com	HTTPS://WWW.CVS.COM/SHOP/BRAND-SHOP/B/BRACHS
BRACH	BRACHS	cvs.com	HTTPS://WWW.CVS.COM/SHOP/BRAND-SHOP/B/BRACHS
BRACHS	BRACHS	cvs.com	HTTPS://WWW.CVS.COM/SHOP/BRAND-SHOP/B/BRACHS
BRACHS	BRACHS	cvs.com	HTTPS://WWW.CVS.COM/SHOP/BRAND-SHOP/B/BRACHS
BRAND5GUM	5GUM	cvs.com	HTTPS://WWW.CVS.COM/SHOP/BRAND-SHOP/5/5-GUM
BRAND5GUM	5GUM	cvs.com	HTTPS://WWW.CVS.COM/SHOP/BRAND-SHOP/5/5-GUM
BRANDOFCLOROX	CLOROX	cvs.com	HTTPS://WWW.CVS.COM/SHOP/BRAND-SHOP/C/CLOROX
BRANDOFCLOROX2	CLOROX	cvs.com	HTTPS://WWW.CVS.COM/SHOP/BRAND-SHOP/C/CLOROX
BRANDOFECOS	ECOS	cvs.com	HTTPS://WWW.CVS.COM/SHOP/BRAND-SHOP/E/ECOS
BRANDOFECOS	ECOS	cvs.com	HTTPS://WWW.CVS.COM/SHOP/BRAND-SHOP/E/ECOS
BRANDOFNATUREVALLEY	NATUREVALLEY	cvs.com	HTTPS://WWW.CVS.COM/SHOP/BRAND-SHOP/N/NATURE-VALLEY
BRANDOFPERSIL	PERSIL	cvs.com	HTTPS://WWW.CVS.COM/SHOP/BRAND-SHOP/P/PERSIL
BRANDOFSEVENTHGENERATION	SEVENTHGENERATION	cvs.com	HTTPS://WWW.CVS.COM/SHOP/BRAND-SHOP/S/SEVENTH-GENERATION
BRANDOFSEVENTHGENERATION	SEVENTHGENERATION	cvs.com	HTTPS://WWW.CVS.COM/SHOP/BRAND-SHOP/S/SEVENTH-GENERATION
BRAUN	BRAUN	cvs.com	HTTPS://WWW.CVS.COM/SHOP/BRAND-SHOP/B/BRAUN
BRAZILIANBARE	BRAZILIANBARE	cvs.com	HTTPS://WWW.CVS.COM/SHOP/BRAND-SHOP/B/BRAZILIAN-BARE
BRAZOS	BRAZOS	cvs.com	HTTPS://WWW.CVS.COM/SHOP/BRAND-SHOP/B/BRAZOS
BRAZOS	BRAZOS	cvs.com	HTTPS://WWW.CVS.COM/SHOP/BRAND-SHOP/B/BRAZOS
BREATHERIGHT	BREATHERIGHT	cvs.com	HTTPS://WWW.CVS.COM/SHOP/BRAND-SHOP/B/BREATHE-RIGHT
BREATHSAVERS	BREATHSAVERS	cvs.com	HTTPS://WWW.CVS.COM/SHOP/BRAND-SHOP/B/BREATH-SAVERS
BREATHSAVERS	BREATHSAVERS	cvs.com	HTTPS://WWW.CVS.COM/SHOP/BRAND-SHOP/B/BREATH-SAVERS
BRILLO	BRILLO	cvs.com	HTTPS://WWW.CVS.COM/SHOP/BRAND-SHOP/B/BRILLO
BRILLO	BRILLO	cvs.com	HTTPS://WWW.CVS.COM/SHOP/BRAND-SHOP/B/BRILLO
BRITA	BRITA	cvs.com	HTTPS://WWW.CVS.COM/SHOP/BRAND-SHOP/B/BRITA
BRITA	BRITA	cvs.com	HTTPS://WWW.CVS.COM/SHOP/BRAND-SHOP/B/BRITA
BRITA12	BRITA	cvs.com	HTTPS://WWW.CVS.COM/SHOP/BRAND-SHOP/B/BRITA
BRITAWATERSYSTEMS	BRITA	cvs.com	HTTPS://WWW.CVS.COM/SHOP/BRAND-SHOP/B/BRITA
BROOKSIDE	BROOKSIDE	cvs.com	HTTPS://WWW.CVS.COM/SHOP/BRAND-SHOP/B/BROOKSIDE
BUMPPATROL	BUMPPATROL	cvs.com	HTTPS://WWW.CVS.COM/SHOP/BRAND-SHOP/B/BUMP-PATROL
BURSBEES	BURTSBEES	cvs.com	HTTPS://WWW.CVS.COM/SHOP/BRAND-SHOP/B/BURTS-BEES
BURSBEES	BURTSBEES	cvs.com	HTTPS://WWW.CVS.COM/SHOP/BRAND-SHOP/B/BURTS-BEES
BURTS	BURTSBEES	cvs.com	HTTPS://WWW.CVS.COM/SHOP/BRAND-SHOP/B/BURTS-BEES
BURTS	BURTSBEES	cvs.com	HTTPS://WWW.CVS.COM/SHOP/BRAND-SHOP/B/BURTS-BEES
BURTSBEES	BURTSBEES	cvs.com	HTTPS://WWW.CVS.COM/SHOP/BRAND-SHOP/B/BURTS-BEES
BUTTERLONDON	BUTTERLONDON	cvs.com	HTTPS://WWW.CVS.COM/SHOP/BRAND-SHOP/B/BUTTER-LONDON
BUZZY	BUZZY	cvs.com	HTTPS://WWW.CVS.COM/SHOP/BRAND-SHOP/B/BUZZY
BVALOR	VALOR	cvs.com	HTTPS://WWW.CVS.COM/SHOP/BRAND-SHOP/V/VALOR
BYNATURE	NATURESWAY	cvs.com	HTTPS://WWW.CVS.COM/SHOP/BRAND-SHOP/N/NATURES-WAY
BYNATURE	NATURESWAY	cvs.com	HTTPS://WWW.CVS.COM/SHOP/BRAND-SHOP/N/NATURES-WAY
C2O	C2O	cvs.com	HTTPS://WWW.CVS.COM/SHOP/BRAND-SHOP/C/C2O
C2O	C2O	cvs.com	HTTPS://WWW.CVS.COM/SHOP/BRAND-SHOP/C/C2O
CADBURY	CADBURY	cvs.com	HTTPS://WWW.CVS.COM/SHOP/BRAND-SHOP/C/CADBURY
CADBY	CADBURY	cvs.com	HTTPS://WWW.CVS.COM/SHOP/BRAND-SHOP/C/CADBURY
CADRIY	CADBURY	cvs.com	HTTPS://WWW.CVS.COM/SHOP/BRAND-SHOP/C/CADBURY
CALGON	CALGON	cvs.com	HTTPS://WWW.CVS.COM/SHOP/BRAND-SHOP/C/CALGON
CALIFAFARMS	CALIFIAFARMS	cvs.com	HTTPS://WWW.CVS.COM/SHOP/BRAND-SHOP/C/CALIFIA-FARMS
CALIFIAFARMS	CALIFIAFARMS	cvs.com	HTTPS://WWW.CVS.COM/SHOP/BRAND-SHOP/C/CALIFIA-FARMS
CALMOSEPTINE	CALMOSEPTINE	cvs.com	HTTPS://WWW.CVS.COM/SHOP/BRAND-SHOP/C/CALMOSEPTINE
CALTRATE	CALTRATE	cvs.com	HTTPS://WWW.CVS.COM/SHOP/BRAND-SHOP/C/CALTRATE
CALVINKLAIN	CALVINKLEIN	cvs.com	HTTPS://WWW.CVS.COM/SHOP/BRAND-SHOP/C/CALVIN-KLEIN
CALVINKLEIN	CALVINKLEIN	cvs.com	HTTPS://WWW.CVS.COM/SHOP/BRAND-SHOP/C/CALVIN-KLEIN
CAMILLE	CAMILLEROSE	cvs.com	HTTPS://WWW.CVS.COM/SHOP/BRAND-SHOP/C/CAMILLE-ROSE
CAMILLEJOULE	CAMILLEROSE	cvs.com	HTTPS://WWW.CVS.COM/SHOP/BRAND-SHOP/C/CAMILLE-ROSE
CAMILLEROSE	CAMILLEROSE	cvs.com	HTTPS://WWW.CVS.COM/SHOP/BRAND-SHOP/C/CAMILLE-ROSE
CAMILLEROSE	CAMILLEROSE	cvs.com	HTTPS://WWW.CVS.COM/SHOP/BRAND-SHOP/C/CAMILLE-ROSE
CAMILLEROSENATURAL	CAMILLEROSE	cvs.com	HTTPS://WWW.CVS.COM/SHOP/BRAND-SHOP/C/CAMILLE-ROSE
CAMPHOPHENIQUE	CAMPHOPHENIQUE	cvs.com	HTTPS://WWW.CVS.COM/SHOP/BRAND-SHOP/C/CAMPHO-PHENIQUE
CANTU	CANTU	cvs.com	HTTPS://WWW.CVS.COM/SHOP/BRAND-SHOP/C/CANTU
CAOOYOO	YOOHOO	cvs.com	HTTPS://WWW.CVS.COM/SHOP/BRAND-SHOP/Y/YOO-HOO
CAPECODCAPECODCAPECOD	CAPECOD	cvs.com	HTTPS://WWW.CVS.COM/SHOP/BRAND-SHOP/C/CAPE-COD
CAPECODCAPECODCAPECOD	CAPECOD	cvs.com	HTTPS://WWW.CVS.COM/SHOP/BRAND-SHOP/C/CAPE-COD
CAPRISUN	CAPRISUN	cvs.com	HTTPS://WWW.CVS.COM/SHOP/BRAND-SHOP/C/CAPRI-SUN
CAPRISUN	CAPRISUN	cvs.com	HTTPS://WWW.CVS.COM/SHOP/BRAND-SHOP/C/CAPRI-SUN
CARBONA	CARBONA	cvs.com	HTTPS://WWW.CVS.COM/SHOP/BRAND-SHOP/C/CARBONA
CAREFREE	CAREFREE	cvs.com	HTTPS://WWW.CVS.COM/SHOP/BRAND-SHOP/C/CAREFREE
CAREFREE	CAREFREE	cvs.com	HTTPS://WWW.CVS.COM/SHOP/BRAND-SHOP/C/CAREFREE
CAREFREECO	CAREFREE	cvs.com	HTTPS://WWW.CVS.COM/SHOP/BRAND-SHOP/C/CAREFREE
CAREFREECO	CAREFREE	cvs.com	HTTPS://WWW.CVS.COM/SHOP/BRAND-SHOP/C/CAREFREE
CAREFREESTUFF	CAREFREE	cvs.com	HTTPS://WWW.CVS.COM/SHOP/BRAND-SHOP/C/CAREFREE
CAREFREESTUFF	CAREFREE	cvs.com	HTTPS://WWW.CVS.COM/SHOP/BRAND-SHOP/C/CAREFREE
CARELAV	CERAVE	cvs.com	HTTPS://WWW.CVS.COM/SHOP/BRAND-SHOP/C/CERAVE
CARESOURHOCLEANS	CARESS	cvs.com	HTTPS://WWW.CVS.COM/SHOP/BRAND-SHOP/C/CARESS
CARESS	CARESS	cvs.com	HTTPS://WWW.CVS.COM/SHOP/BRAND-SHOP/C/CARESS
CARESS	CARESS	cvs.com	HTTPS://WWW.CVS.COM/SHOP/BRAND-SHOP/C/CARESS
CARESVAS	CARESS	cvs.com	HTTPS://WWW.CVS.COM/SHOP/BRAND-SHOP/C/CARESS
CARESVAS	CARESS	cvs.com	HTTPS://WWW.CVS.COM/SHOP/BRAND-SHOP/C/CARESS
CARMEX	CARMEX	cvs.com	HTTPS://WWW.CVS.COM/SHOP/BRAND-SHOP/C/CARMEX
CAROLBRAND	CAROLSDAUGHTER	cvs.com	HTTPS://WWW.CVS.COM/SHOP/BRAND-SHOP/C/CAROLS-DAUGHTER
CAROLINAHERRERA	CAROLINAHERRERA	cvs.com	HTTPS://WWW.CVS.COM/SHOP/BRAND-SHOP/C/CAROLINA-HERRERA
CAROLSDAUGHTER	CAROLSDAUGHTER	cvs.com	HTTPS://WWW.CVS.COM/SHOP/BRAND-SHOP/C/CAROLS-DAUGHTER
CASMILE	CAMILLEROSE	cvs.com	HTTPS://WWW.CVS.COM/SHOP/BRAND-SHOP/C/CAMILLE-ROSE
CATALINACRUNCH	CATALINACRUNCH	cvs.com	HTTPS://WWW.CVS.COM/SHOP/BRAND-SHOP/C/CATALINA-CRUNCH
CATCHOW	CATCHOW	cvs.com	HTTPS://WWW.CVS.COM/SHOP/BRAND-SHOP/C/CAT-CHOW
CATTLEMANSCUT	CATTLEMANSCUT	cvs.com	HTTPS://WWW.CVS.COM/SHOP/BRAND-SHOP/C/CATTLEMANS-CUT
CCREST	CREST	cvs.com	HTTPS://WWW.CVS.COM/SHOP/BRAND-SHOP/C/CREST
CEESYJULY	KY	cvs.com	HTTPS://WWW.CVS.COM/SHOP/BRAND-SHOP/K/K-Y
CELESTIAL	CELESTIALSEASONINGS	cvs.com	HTTPS://WWW.CVS.COM/SHOP/BRAND-SHOP/C/CELESTIAL-SEASONINGS
CELESTRIAL	CELESTIALSEASONINGS	cvs.com	HTTPS://WWW.CVS.COM/SHOP/BRAND-SHOP/C/CELESTIAL-SEASONINGS
CELEUS	CELSIUS	cvs.com	HTTPS://WWW.CVS.COM/SHOP/BRAND-SHOP/C/CELSIUS
CELIUS	CELSIUS	cvs.com	HTTPS://WWW.CVS.COM/SHOP/BRAND-SHOP/C/CELSIUS
CELKUSER	CELSIUS	cvs.com	HTTPS://WWW.CVS.COM/SHOP/BRAND-SHOP/C/CELSIUS
CELLUCOR	CELLUCOR	cvs.com	HTTPS://WWW.CVS.COM/SHOP/BRAND-SHOP/C/CELLUCOR
CELSIUS	CELSIUS	cvs.com	HTTPS://WWW.CVS.COM/SHOP/BRAND-SHOP/C/CELSIUS
CELUSC	CELSIUS	cvs.com	HTTPS://WWW.CVS.COM/SHOP/BRAND-SHOP/C/CELSIUS
CELUSC	CELSIUS	cvs.com	HTTPS://WWW.CVS.COM/SHOP/BRAND-SHOP/C/CELSIUS
CENTISELECTIONS	CENTRUM	cvs.com	HTTPS://WWW.CVS.COM/SHOP/BRAND-SHOP/C/CENTRUM
CENTRALPETFOURPAWS	PETCENTRAL	cvs.com	HTTPS://WWW.CVS.COM/SHOP/BRAND-SHOP/P/PET-CENTRAL
CENTRALPETFOURPAWS	PETCENTRAL	cvs.com	HTTPS://WWW.CVS.COM/SHOP/BRAND-SHOP/P/PET-CENTRAL
CENTRUM	CENTRUM	cvs.com	HTTPS://WWW.CVS.COM/SHOP/BRAND-SHOP/C/CENTRUM
CEPACOL	CEPACOL	cvs.com	HTTPS://WWW.CVS.COM/SHOP/BRAND-SHOP/C/CEPACOL
CEPACOL	CEPACOL	cvs.com	HTTPS://WWW.CVS.COM/SHOP/BRAND-SHOP/C/CEPACOL
CEPIGNOLY	CEPACOL	cvs.com	HTTPS://WWW.CVS.COM/SHOP/BRAND-SHOP/C/CEPACOL
CERAVE	CERAVE	cvs.com	HTTPS://WWW.CVS.COM/SHOP/BRAND-SHOP/C/CERAVE
CERAVE	CERAVE	cvs.com	HTTPS://WWW.CVS.COM/SHOP/BRAND-SHOP/C/CERAVE
CERTAINDRI	CERTAINDRI	cvs.com	HTTPS://WWW.CVS.COM/SHOP/BRAND-SHOP/C/CERTAIN-DRI
CESLIE	CELSIUS	cvs.com	HTTPS://WWW.CVS.COM/SHOP/BRAND-SHOP/C/CELSIUS
CETAPHIL	CETAPHIL	cvs.com	HTTPS://WWW.CVS.COM/SHOP/BRAND-SHOP/C/CETAPHIL
CHAPSTICK	CHAPSTICK	cvs.com	HTTPS://WWW.CVS.COM/SHOP/BRAND-SHOP/C/CHAPSTICK
CHARMEEN	CHARMIN	cvs.com	HTTPS://WWW.CVS.COM/SHOP/BRAND-SHOP/C/CHARMIN
CHARMEEN	CHARMIN	cvs.com	HTTPS://WWW.CVS.COM/SHOP/BRAND-SHOP/C/CHARMIN
CHARMIN	CHARMIN	cvs.com	HTTPS://WWW.CVS.COM/SHOP/BRAND-SHOP/C/CHARMIN
CHARMINREG	CHARMIN	cvs.com	HTTPS://WWW.CVS.COM/SHOP/BRAND-SHOP/C/CHARMIN
CHARMINREG	CHARMIN	cvs.com	HTTPS://WWW.CVS.COM/SHOP/BRAND-SHOP/C/CHARMIN
CHARMINTOILETPAPER	CHARMIN	cvs.com	HTTPS://WWW.CVS.COM/SHOP/BRAND-SHOP/C/CHARMIN
CHEEERRRS	CHEERS	cvs.com	HTTPS://WWW.CVS.COM/SHOP/BRAND-SHOP/C/CHEERS
CHEERIOS	CHEERIOS	cvs.com	HTTPS://WWW.CVS.COM/SHOP/BRAND-SHOP/C/CHEERIOS
CHEEROU	CHEERIOS	cvs.com	HTTPS://WWW.CVS.COM/SHOP/BRAND-SHOP/C/CHEERIOS
CHEERS	CHEERS	cvs.com	HTTPS://WWW.CVS.COM/SHOP/BRAND-SHOP/C/CHEERS
CHEERSALL	CHEERS	cvs.com	HTTPS://WWW.CVS.COM/SHOP/BRAND-SHOP/C/CHEERS
CHEERSDEVICES	CHEERS	cvs.com	HTTPS://WWW.CVS.COM/SHOP/BRAND-SHOP/C/CHEERS
CHEERSGENE	CHEERS	cvs.com	HTTPS://WWW.CVS.COM/SHOP/BRAND-SHOP/C/CHEERS
CHEERSOON	CHEERIOS	cvs.com	HTTPS://WWW.CVS.COM/SHOP/BRAND-SHOP/C/CHEERIOS
CHEETO	CHEETOS	cvs.com	HTTPS://WWW.CVS.COM/SHOP/BRAND-SHOP/C/CHEETOS
CHEETOS	CHEETOS	cvs.com	HTTPS://WWW.CVS.COM/SHOP/BRAND-SHOP/C/CHEETOS
CHEETOYS	CHEETOS	cvs.com	HTTPS://WWW.CVS.COM/SHOP/BRAND-SHOP/C/CHEETOS
CHEEZEIT	CHEEZIT	cvs.com	HTTPS://WWW.CVS.COM/SHOP/BRAND-SHOP/C/CHEEZ-IT
CHEEZIT	CHEEZIT	cvs.com	HTTPS://WWW.CVS.COM/SHOP/BRAND-SHOP/C/CHEEZ-IT
CHEFBOYARDEE	CHEFBOYARDEE	cvs.com	HTTPS://WWW.CVS.COM/SHOP/BRAND-SHOP/C/CHEF-BOYARDEE
CHEFSCUT	CHEFSCUT	cvs.com	HTTPS://WWW.CVS.COM/SHOP/BRAND-SHOP/C/CHEFS-CUT
CHEFSCUT	CHEFSCUT	cvs.com	HTTPS://WWW.CVS.COM/SHOP/BRAND-SHOP/C/CHEFS-CUT
CHESTER	CHESTERS	cvs.com	HTTPS://WWW.CVS.COM/SHOP/BRAND-SHOP/C/CHESTERS
CHESTERCHPREVOSTER	CHESTERS	cvs.com	HTTPS://WWW.CVS.COM/SHOP/BRAND-SHOP/C/CHESTERS
CHESTERS	CHESTERS	cvs.com	HTTPS://WWW.CVS.COM/SHOP/BRAND-SHOP/C/CHESTERS
CHETOGIN	CHEETOS	cvs.com	HTTPS://WWW.CVS.COM/SHOP/BRAND-SHOP/C/CHEETOS
CHEX	CHEXMIX	cvs.com	HTTPS://WWW.CVS.COM/SHOP/BRAND-SHOP/C/CHEX-MIX
CHEXMIXREG	CHEXMIX	cvs.com	HTTPS://WWW.CVS.COM/SHOP/BRAND-SHOP/C/CHEX-MIX
CHI	CHI	cvs.com	HTTPS://WWW.CVS.COM/SHOP/BRAND-SHOP/C/CHI
CHILLHOUSE	CHILLHOUSE	cvs.com	HTTPS://WWW.CVS.COM/SHOP/BRAND-SHOP/C/CHILLHOUSE
CHINAGLAZE	CHINAGLAZE	cvs.com	HTTPS://WWW.CVS.COM/SHOP/BRAND-SHOP/C/CHINA-GLAZE
CHIPSAHOY	CHIPSAHOY	cvs.com	HTTPS://WWW.CVS.COM/SHOP/BRAND-SHOP/C/CHIPS-AHOY
CHIPSAHOYCHIPSAHOY	CHIPSAHOY	cvs.com	HTTPS://WWW.CVS.COM/SHOP/BRAND-SHOP/C/CHIPS-AHOY
CHLORASEPTIC	CHLORASEPTIC	cvs.com	HTTPS://WWW.CVS.COM/SHOP/BRAND-SHOP/C/CHLORASEPTIC
CHOREBOY	CHOREBOY	cvs.com	HTTPS://WWW.CVS.COM/SHOP/BRAND-SHOP/C/CHORE-BOY
CICATRICURE	CICATRICURE	cvs.com	HTTPS://WWW.CVS.COM/SHOP/BRAND-SHOP/C/CICATRICURE
CITRACAL	CITRACAL	cvs.com	HTTPS://WWW.CVS.COM/SHOP/BRAND-SHOP/C/CITRACAL
CITRACAL	CITRACAL	cvs.com	HTTPS://WWW.CVS.COM/SHOP/BRAND-SHOP/C/CITRACAL
CITRUCEL	CITRUCEL	cvs.com	HTTPS://WWW.CVS.COM/SHOP/BRAND-SHOP/C/CITRUCEL
CIWICH	CHIPWICH	cvs.com	HTTPS://WWW.CVS.COM/SHOP/BRAND-SHOP/C/CHIPWICH
CIWICH	CHIPWICH	cvs.com	HTTPS://WWW.CVS.COM/SHOP/BRAND-SHOP/C/CHIPWICH
CKYHVC	KY	cvs.com	HTTPS://WWW.CVS.COM/SHOP/BRAND-SHOP/K/K-Y
CLAIERY	CLAIRES	cvs.com	HTTPS://WWW.CVS.COM/SHOP/BRAND-SHOP/C/CLAIRES
CLAIERY	CLAIRES	cvs.com	HTTPS://WWW.CVS.COM/SHOP/BRAND-SHOP/C/CLAIRES
CLAIRE	CLAIRES	cvs.com	HTTPS://WWW.CVS.COM/SHOP/BRAND-SHOP/C/CLAIRES
CLAIRE	CLAIRES	cvs.com	HTTPS://WWW.CVS.COM/SHOP/BRAND-SHOP/C/CLAIRES
CLAIRES	CLAIRES	cvs.com	HTTPS://WWW.CVS.COM/SHOP/BRAND-SHOP/C/CLAIRES
CLAIRES	CLAIRES	cvs.com	HTTPS://WWW.CVS.COM/SHOP/BRAND-SHOP/C/CLAIRES
CLAIRESHOP	CLAIRES	cvs.com	HTTPS://WWW.CVS.COM/SHOP/BRAND-SHOP/C/CLAIRES
CLASSICCLR	CLR	cvs.com	HTTPS://WWW.CVS.COM/SHOP/BRAND-SHOP/C/CLR
CLEANANDCLEAR	CLEANCLEAR	cvs.com	HTTPS://WWW.CVS.COM/SHOP/BRAND-SHOP/C/CLEAN-CLEAR
CLEANANDCLEAR	CLEANCLEAR	cvs.com	HTTPS://WWW.CVS.COM/SHOP/BRAND-SHOP/C/CLEAN-CLEAR
CLEANCLEAR	CLEANCLEAR	cvs.com	HTTPS://WWW.CVS.COM/SHOP/BRAND-SHOP/C/CLEAN-CLEAR
CLEANCLEAR	CLEANCLEAR	cvs.com	HTTPS://WWW.CVS.COM/SHOP/BRAND-SHOP/C/CLEAN-CLEAR
CLEARASIL	CLEARASIL	cvs.com	HTTPS://WWW.CVS.COM/SHOP/BRAND-SHOP/C/CLEARASIL
CLEARBLUE	CLEARBLUE	cvs.com	HTTPS://WWW.CVS.COM/SHOP/BRAND-SHOP/C/CLEARBLUE
CLEARBLUECLEARBLUE	CLEARBLUE	cvs.com	HTTPS://WWW.CVS.COM/SHOP/BRAND-SHOP/C/CLEARBLUE
CLEARCARE	CLEARCARE	cvs.com	HTTPS://WWW.CVS.COM/SHOP/BRAND-SHOP/C/CLEAR-CARE
CLEAREYES	CLEAREYES	cvs.com	HTTPS://WWW.CVS.COM/SHOP/BRAND-SHOP/C/CLEAR-EYES
CLIF	CLIFBAR	cvs.com	HTTPS://WWW.CVS.COM/SHOP/BRAND-SHOP/C/CLIF-BAR
CLIFBAR	CLIFBAR	cvs.com	HTTPS://WWW.CVS.COM/SHOP/BRAND-SHOP/C/CLIF-BAR
CLIFBARANDCOMPANY	CLIFBAR	cvs.com	HTTPS://WWW.CVS.COM/SHOP/BRAND-SHOP/C/CLIF-BAR
CLIFBARANDCOMPANY	CLIFBAR	cvs.com	HTTPS://WWW.CVS.COM/SHOP/BRAND-SHOP/C/CLIF-BAR
CLIFBARS	CLIFBAR	cvs.com	HTTPS://WWW.CVS.COM/SHOP/BRAND-SHOP/C/CLIF-BAR
CLIFBARS	CLIFBAR	cvs.com	HTTPS://WWW.CVS.COM/SHOP/BRAND-SHOP/C/CLIF-BAR
CLIFZBAR	CLIFBAR	cvs.com	HTTPS://WWW.CVS.COM/SHOP/BRAND-SHOP/C/CLIF-BAR
CLINIQUE	CLINIQUE	cvs.com	HTTPS://WWW.CVS.COM/SHOP/BRAND-SHOP/C/CLINIQUE
CLINIQUE	CLINIQUE	cvs.com	HTTPS://WWW.CVS.COM/SHOP/BRAND-SHOP/C/CLINIQUE
CLINV	CLINIQUE	cvs.com	HTTPS://WWW.CVS.COM/SHOP/BRAND-SHOP/C/CLINIQUE
CLOROX	CLOROX	cvs.com	HTTPS://WWW.CVS.COM/SHOP/BRAND-SHOP/C/CLOROX
CLOROXCO	CLOROX	cvs.com	HTTPS://WWW.CVS.COM/SHOP/BRAND-SHOP/C/CLOROX
CLOROXSALESCOBRITADIV	CLOROX	cvs.com	HTTPS://WWW.CVS.COM/SHOP/BRAND-SHOP/C/CLOROX
CLOSACESSY	CLOSYS	cvs.com	HTTPS://WWW.CVS.COM/SHOP/BRAND-SHOP/C/CLOSYS
CLOSACESSY	CLOSYS	cvs.com	HTTPS://WWW.CVS.COM/SHOP/BRAND-SHOP/C/CLOSYS
CLOSYS	CLOSYS	cvs.com	HTTPS://WWW.CVS.COM/SHOP/BRAND-SHOP/C/CLOSYS
CLR	CLR	cvs.com	HTTPS://WWW.CVS.COM/SHOP/BRAND-SHOP/C/CLR
CLUBMAN	CLUBMAN	cvs.com	HTTPS://WWW.CVS.COM/SHOP/BRAND-SHOP/C/CLUBMAN
CLUTCH	CLUTCH	cvs.com	HTTPS://WWW.CVS.COM/SHOP/BRAND-SHOP/C/CLUTCH
CLUTCH	CLUTCH	cvs.com	HTTPS://WWW.CVS.COM/SHOP/BRAND-SHOP/C/CLUTCH
COAHOLA	COCACOLA	cvs.com	HTTPS://WWW.CVS.COM/SHOP/BRAND-SHOP/C/COCA-COLA
COAHOLA	COCACOLA	cvs.com	HTTPS://WWW.CVS.COM/SHOP/BRAND-SHOP/C/COCA-COLA
COCACOLA	COCACOLA	cvs.com	HTTPS://WWW.CVS.COM/SHOP/BRAND-SHOP/C/COCA-COLA
COCACOLACO	COCACOLA	cvs.com	HTTPS://WWW.CVS.COM/SHOP/BRAND-SHOP/C/COCA-COLA
COCACOLACO	COCACOLA	cvs.com	HTTPS://WWW.CVS.COM/SHOP/BRAND-SHOP/C/COCA-COLA
COCACOLAUSA	COCACOLA	cvs.com	HTTPS://WWW.CVS.COM/SHOP/BRAND-SHOP/C/COCA-COLA
COCALO	COCACOLA	cvs.com	HTTPS://WWW.CVS.COM/SHOP/BRAND-SHOP/C/COCA-COLA
COCOALA	COCACOLA	cvs.com	HTTPS://WWW.CVS.COM/SHOP/BRAND-SHOP/C/COCA-COLA
COCOALA	COCACOLA	cvs.com	HTTPS://WWW.CVS.COM/SHOP/BRAND-SHOP/C/COCA-COLA
COK	COCACOLA	cvs.com	HTTPS://WWW.CVS.COM/SHOP/BRAND-SHOP/C/COCA-COLA
COKACO	COCACOLA	cvs.com	HTTPS://WWW.CVS.COM/SHOP/BRAND-SHOP/C/COCA-COLA
COKE	COCACOLA	cvs.com	HTTPS://WWW.CVS.COM/SHOP/BRAND-SHOP/C/COCA-COLA
COKE	COCACOLA	cvs.com	HTTPS://WWW.CVS.COM/SHOP/BRAND-SHOP/C/COCA-COLA
COKECOLA	COCACOLA	cvs.com	HTTPS://WWW.CVS.COM/SHOP/BRAND-SHOP/C/COCA-COLA
COKECOLA	COCACOLA	cvs.com	HTTPS://WWW.CVS.COM/SHOP/BRAND-SHOP/C/COCA-COLA
COKEKORA	COCACOLA	cvs.com	HTTPS://WWW.CVS.COM/SHOP/BRAND-SHOP/C/COCA-COLA
COLAB	COLAB	cvs.com	HTTPS://WWW.CVS.COM/SHOP/BRAND-SHOP/C/COLAB
COLACE	COLACE	cvs.com	HTTPS://WWW.CVS.COM/SHOP/BRAND-SHOP/C/COLACE
COLGATE	COLGATE	cvs.com	HTTPS://WWW.CVS.COM/SHOP/BRAND-SHOP/C/COLGATE
COMBAT	COMBAT	cvs.com	HTTPS://WWW.CVS.COM/SHOP/BRAND-SHOP/C/COMBAT
COMBAT	COMBAT	cvs.com	HTTPS://WWW.CVS.COM/SHOP/BRAND-SHOP/C/COMBAT
COMBO	COMBOS	cvs.com	HTTPS://WWW.CVS.COM/SHOP/BRAND-SHOP/C/COMBOS
COMBOS	COMBOS	cvs.com	HTTPS://WWW.CVS.COM/SHOP/BRAND-SHOP/C/COMBOS
COMBOSOLUTIONS	COMBOS	cvs.com	HTTPS://WWW.CVS.COM/SHOP/BRAND-SHOP/C/COMBOS
COMBOSSS	COMBOS	cvs.com	HTTPS://WWW.CVS.COM/SHOP/BRAND-SHOP/C/COMBOS
COMMAND	COMMAND	cvs.com	HTTPS://WWW.CVS.COM/SHOP/BRAND-SHOP/C/COMMAND
COMMANDCOMMAND	COMMAND	cvs.com	HTTPS://WWW.CVS.COM/SHOP/BRAND-SHOP/C/COMMAND
COMMANDTM	COMMAND	cvs.com	HTTPS://WWW.CVS.COM/SHOP/BRAND-SHOP/C/COMMAND
COMPANYOFANIMALS	COMPANYOFANIMALS	cvs.com	HTTPS://WWW.CVS.COM/SHOP/BRAND-SHOP/C/COMPANY-OF-ANIMALS
COMPANYOFANIMALS	COMPANYOFANIMALS	cvs.com	HTTPS://WWW.CVS.COM/SHOP/BRAND-SHOP/C/COMPANY-OF-ANIMALS
COMPEED	COMPEED	cvs.com	HTTPS://WWW.CVS.COM/SHOP/BRAND-SHOP/C/COMPEED
COMPOUNDKING	COMPOUNDKINGS	cvs.com	HTTPS://WWW.CVS.COM/SHOP/BRAND-SHOP/C/COMPOUND-KINGS
COMPOUNDKINGS	COMPOUNDKINGS	cvs.com	HTTPS://WWW.CVS.COM/SHOP/BRAND-SHOP/C/COMPOUND-KINGS
COMPOUNDW	COMPOUNDW	cvs.com	HTTPS://WWW.CVS.COM/SHOP/BRAND-SHOP/C/COMPOUND-W
COMPOUNDW	COMPOUNDW	cvs.com	HTTPS://WWW.CVS.COM/SHOP/BRAND-SHOP/C/COMPOUND-W
CONAIR	CONAIR	cvs.com	HTTPS://WWW.CVS.COM/SHOP/BRAND-SHOP/C/CONAIR
CONAIR	CONAIR	cvs.com	HTTPS://WWW.CVS.COM/SHOP/BRAND-SHOP/C/CONAIR
CONAIRCOMFORT	CONAIR	cvs.com	HTTPS://WWW.CVS.COM/SHOP/BRAND-SHOP/C/CONAIR
CONAIRCONAIR	CONAIR	cvs.com	HTTPS://WWW.CVS.COM/SHOP/BRAND-SHOP/C/CONAIR
CONAIRCONAIR	CONAIR	cvs.com	HTTPS://WWW.CVS.COM/SHOP/BRAND-SHOP/C/CONAIR
CONAIRPROFESSIONAL	CONAIR	cvs.com	HTTPS://WWW.CVS.COM/SHOP/BRAND-SHOP/C/CONAIR
CONAIRWARINGPRO	CONAIR	cvs.com	HTTPS://WWW.CVS.COM/SHOP/BRAND-SHOP/C/CONAIR
CONAIRWARINGPRO	CONAIR	cvs.com	HTTPS://WWW.CVS.COM/SHOP/BRAND-SHOP/C/CONAIR
CONSORT	CONSORT	cvs.com	HTTPS://WWW.CVS.COM/SHOP/BRAND-SHOP/C/CONSORT
CONSORT	CONSORT	cvs.com	HTTPS://WWW.CVS.COM/SHOP/BRAND-SHOP/C/CONSORT
CONTONELLE	COTTONELLE	cvs.com	HTTPS://WWW.CVS.COM/SHOP/BRAND-SHOP/C/COTTONELLE
CONTONELLE	COTTONELLE	cvs.com	HTTPS://WWW.CVS.COM/SHOP/BRAND-SHOP/C/COTTONELLE
COOLGEAR	COOLGEAR	cvs.com	HTTPS://WWW.CVS.COM/SHOP/BRAND-SHOP/C/COOL-GEAR
COPPERFIT	COPPERFIT	cvs.com	HTTPS://WWW.CVS.COM/SHOP/BRAND-SHOP/C/COPPER-FIT
COPPERFITCOPPERFIT	COPPERFIT	cvs.com	HTTPS://WWW.CVS.COM/SHOP/BRAND-SHOP/C/COPPER-FIT
COPPERTONE	COPPERTONE	cvs.com	HTTPS://WWW.CVS.COM/SHOP/BRAND-SHOP/C/COPPERTONE
CORA	CORA	cvs.com	HTTPS://WWW.CVS.COM/SHOP/BRAND-SHOP/C/CORA
CORDINATE	CORDINATE	cvs.com	HTTPS://WWW.CVS.COM/SHOP/BRAND-SHOP/C/CORDINATE
COREHYDRATION	COREHYDRATION	cvs.com	HTTPS://WWW.CVS.COM/SHOP/BRAND-SHOP/C/CORE-HYDRATION
COREPOWER	COREPOWER	cvs.com	HTTPS://WWW.CVS.COM/SHOP/BRAND-SHOP/C/CORE-POWER
CORICIDIN	CORICIDIN	cvs.com	HTTPS://WWW.CVS.COM/SHOP/BRAND-SHOP/C/CORICIDIN
COTTONELLE	COTTONELLE	cvs.com	HTTPS://WWW.CVS.COM/SHOP/BRAND-SHOP/C/COTTONELLE
COTTONNELLE	COTTONELLE	cvs.com	HTTPS://WWW.CVS.COM/SHOP/BRAND-SHOP/C/COTTONELLE
COTZ	COTZ	cvs.com	HTTPS://WWW.CVS.COM/SHOP/BRAND-SHOP/C/COTZ
COUNTRYARCHERJERKYCO	COUNTRYARCHERJERKYCO	cvs.com	HTTPS://WWW.CVS.COM/SHOP/BRAND-SHOP/C/COUNTRY-ARCHER-JERKY-CO
COUNTRYFARMS	COUNTRYFARMS	cvs.com	HTTPS://WWW.CVS.COM/SHOP/BRAND-SHOP/C/COUNTRY-FARMS
COVERGIRL	COVERGIRL	cvs.com	HTTPS://WWW.CVS.COM/SHOP/BRAND-SHOP/C/COVERGIRL
COVERGIRLPROCTOR	COVERGIRL	cvs.com	HTTPS://WWW.CVS.COM/SHOP/BRAND-SHOP/C/COVERGIRL
CRAZYAARON	CRAZYAARONS	cvs.com	HTTPS://WWW.CVS.COM/SHOP/BRAND-SHOP/C/CRAZY-AARONS
CREME	THECREMESHOP	cvs.com	HTTPS://WWW.CVS.COM/SHOP/BRAND-SHOP/T/THE-CREME-SHOP
CREMEOFNATURE	CREMEOFNATURE	cvs.com	HTTPS://WWW.CVS.COM/SHOP/BRAND-SHOP/C/CREME-OF-NATURE
CREMO	CREMO	cvs.com	HTTPS://WWW.CVS.COM/SHOP/BRAND-SHOP/C/CREMO
CREMOCREMO	CREMO	cvs.com	HTTPS://WWW.CVS.COM/SHOP/BRAND-SHOP/C/CREMO
CREST	CREST	cvs.com	HTTPS://WWW.CVS.COM/SHOP/BRAND-SHOP/C/CREST
CRST	CREST	cvs.com	HTTPS://WWW.CVS.COM/SHOP/BRAND-SHOP/C/CREST
CRUNCH	CRUNCH	cvs.com	HTTPS://WWW.CVS.COM/SHOP/BRAND-SHOP/C/CRUNCH
CRUSH	CRUSH	cvs.com	HTTPS://WWW.CVS.COM/SHOP/BRAND-SHOP/C/CRUSH
CRUSH	CRUSH	cvs.com	HTTPS://WWW.CVS.COM/SHOP/BRAND-SHOP/C/CRUSH
CRUSHANUG	CRUSH	cvs.com	HTTPS://WWW.CVS.COM/SHOP/BRAND-SHOP/C/CRUSH
CRYSTALESSENCE	CRYSTALESSENCE	cvs.com	HTTPS://WWW.CVS.COM/SHOP/BRAND-SHOP/C/CRYSTAL-ESSENCE
CRYSTALESSENCE	CRYSTALESSENCE	cvs.com	HTTPS://WWW.CVS.COM/SHOP/BRAND-SHOP/C/CRYSTAL-ESSENCE
CRYSTALLIGHT	CRYSTALLIGHT	cvs.com	HTTPS://WWW.CVS.COM/SHOP/BRAND-SHOP/C/CRYSTAL-LIGHT
CRYSTALLIGHTPRODUCTS	CRYSTALLIGHT	cvs.com	HTTPS://WWW.CVS.COM/SHOP/BRAND-SHOP/C/CRYSTAL-LIGHT
CULTURELLE	CULTURELLE	cvs.com	HTTPS://WWW.CVS.COM/SHOP/BRAND-SHOP/C/CULTURELLE
CURAD	CURAD	cvs.com	HTTPS://WWW.CVS.COM/SHOP/BRAND-SHOP/C/CURAD
CUREL	CUREL	cvs.com	HTTPS://WWW.CVS.COM/SHOP/BRAND-SHOP/C/CUREL
CUREOLOGY	CUROLOGY	cvs.com	HTTPS://WWW.CVS.COM/SHOP/BRAND-SHOP/C/CUROLOGY
CUROLOGY	CUROLOGY	cvs.com	HTTPS://WWW.CVS.COM/SHOP/BRAND-SHOP/C/CUROLOGY
CUSTOMCOMBOS	COMBOS	cvs.com	HTTPS://WWW.CVS.COM/SHOP/BRAND-SHOP/C/COMBOS
CUTEX	CUTEX	cvs.com	HTTPS://WWW.CVS.COM/SHOP/BRAND-SHOP/C/CUTEX
CUTEX	CUTEX	cvs.com	HTTPS://WWW.CVS.COM/SHOP/BRAND-SHOP/C/CUTEX
CVNDEUX	CNDVINYLUX	cvs.com	HTTPS://WWW.CVS.COM/SHOP/BRAND-SHOP/C/CND-VINYLUX
CVRZCOVERZY	COVERGIRL	cvs.com	HTTPS://WWW.CVS.COM/SHOP/BRAND-SHOP/C/COVERGIRL
CVS	CVS	cvs.com	HTTPS://WWW.CVS.COM/SHOP/BRAND-SHOP/C/CVS
CVS	ALL	cvs.com	HTTPS://WWW.CVS.COM/SHOP/BRAND-SHOP/A/ALL
CVS	CVS	cvs.com	HTTPS://WWW.CVS.COM/SHOP/BRAND-SHOP/C/CVS
CVS	ONE	cvs.com	HTTPS://WWW.CVS.COM/SHOP/BRAND-SHOP/O/ONE
CVSHEALTH	LIVEBETTER	cvs.com	HTTPS://WWW.CVS.COM/SHOP/BRAND-SHOP/L/LIVE-BETTER
CVSPHARMACY	CVS	cvs.com	HTTPS://WWW.CVS.COM/SHOP/BRAND-SHOP/C/CVS
CVSPHARMACY	ALL	cvs.com	HTTPS://WWW.CVS.COM/SHOP/BRAND-SHOP/A/ALL
CVSPHARMACY	CVS	cvs.com	HTTPS://WWW.CVS.COM/SHOP/BRAND-SHOP/C/CVS
CYSTEX	CYSTEX	cvs.com	HTTPS://WWW.CVS.COM/SHOP/BRAND-SHOP/C/CYSTEX
DAILYCONCEPTS	DAILYCONCEPTS	cvs.com	HTTPS://WWW.CVS.COM/SHOP/BRAND-SHOP/D/DAILY-CONCEPTS
DAILYCRUNCH	DAILYCRUNCH	cvs.com	HTTPS://WWW.CVS.COM/SHOP/BRAND-SHOP/D/DAILY-CRUNCH
DAILYCRUNCH	DAILYCRUNCH	cvs.com	HTTPS://WWW.CVS.COM/SHOP/BRAND-SHOP/D/DAILY-CRUNCH
DAPPLE	DAPPLE	cvs.com	HTTPS://WWW.CVS.COM/SHOP/BRAND-SHOP/D/DAPPLE
DARKANDLOVELY	DARKLOVELY	cvs.com	HTTPS://WWW.CVS.COM/SHOP/BRAND-SHOP/D/DARK-LOVELY
DARKLOVELY	DARKLOVELY	cvs.com	HTTPS://WWW.CVS.COM/SHOP/BRAND-SHOP/D/DARK-LOVELY
DASHINGDIVA	DASHINGDIVA	cvs.com	HTTPS://WWW.CVS.COM/SHOP/BRAND-SHOP/D/DASHING-DIVA
DASHINGDIVAFRANCHI	DASHINGDIVA	cvs.com	HTTPS://WWW.CVS.COM/SHOP/BRAND-SHOP/D/DASHING-DIVA
DAWN	DAWN	cvs.com	HTTPS://WWW.CVS.COM/SHOP/BRAND-SHOP/D/DAWN
DAWNARRIV	DAWN	cvs.com	HTTPS://WWW.CVS.COM/SHOP/BRAND-SHOP/D/DAWN
DAWNUSA	DAWN	cvs.com	HTTPS://WWW.CVS.COM/SHOP/BRAND-SHOP/D/DAWN
DBMETHOD	METHOD	cvs.com	HTTPS://WWW.CVS.COM/SHOP/BRAND-SHOP/M/METHOD
DCON	DCON	cvs.com	HTTPS://WWW.CVS.COM/SHOP/BRAND-SHOP/D/D-CON
DEATHWISHCOFFEE	DEATHWISHCOFFEE	cvs.com	HTTPS://WWW.CVS.COM/SHOP/BRAND-SHOP/D/DEATH-WISH-COFFEE
DEBROX	DEBROX	cvs.com	HTTPS://WWW.CVS.COM/SHOP/BRAND-SHOP/D/DEBROX
DELMIS	DELSYM	cvs.com	HTTPS://WWW.CVS.COM/SHOP/BRAND-SHOP/D/DELSYM
DELSYM	DELSYM	cvs.com	HTTPS://WWW.CVS.COM/SHOP/BRAND-SHOP/D/DELSYM
DEMETS	DEMETS	cvs.com	HTTPS://WWW.CVS.COM/SHOP/BRAND-SHOP/D/DEMETS
DEMETS	DEMETS	cvs.com	HTTPS://WWW.CVS.COM/SHOP/BRAND-SHOP/D/DEMETS
DENNISONS	DENNISONS	cvs.com	HTTPS://WWW.CVS.COM/SHOP/BRAND-SHOP/D/DENNISONS
DENTALIFE	DENTALIFE	cvs.com	HTTPS://WWW.CVS.COM/SHOP/BRAND-SHOP/D/DENTALIFE
DENTEK	DENTEK	cvs.com	HTTPS://WWW.CVS.COM/SHOP/BRAND-SHOP/D/DENTEK
DENTEK	DENTEK	cvs.com	HTTPS://WWW.CVS.COM/SHOP/BRAND-SHOP/D/DENTEK
DENTEMP	DENTEMP	cvs.com	HTTPS://WWW.CVS.COM/SHOP/BRAND-SHOP/D/DENTEMP
DENTYNE	DENTYNE	cvs.com	HTTPS://WWW.CVS.COM/SHOP/BRAND-SHOP/D/DENTYNE
DENTYNE	DENTYNE	cvs.com	HTTPS://WWW.CVS.COM/SHOP/BRAND-SHOP/D/DENTYNE
DEP	DEP	cvs.com	HTTPS://WWW.CVS.COM/SHOP/BRAND-SHOP/D/DEP
DEPEND	DEPEND	cvs.com	HTTPS://WWW.CVS.COM/SHOP/BRAND-SHOP/D/DEPEND
DEPENDPAMPERS	DEPEND	cvs.com	HTTPS://WWW.CVS.COM/SHOP/BRAND-SHOP/D/DEPEND
DEPENDS	DEPEND	cvs.com	HTTPS://WWW.CVS.COM/SHOP/BRAND-SHOP/D/DEPEND
DEPENDU	DEPEND	cvs.com	HTTPS://WWW.CVS.COM/SHOP/BRAND-SHOP/D/DEPEND
DERMALOGIC	DERMALOGICA	cvs.com	HTTPS://WWW.CVS.COM/SHOP/BRAND-SHOP/D/DERMALOGICA
DERMALOGIC	DERMALOGICA	cvs.com	HTTPS://WWW.CVS.COM/SHOP/BRAND-SHOP/D/DERMALOGICA
DERMALOGICA	DERMALOGICA	cvs.com	HTTPS://WWW.CVS.COM/SHOP/BRAND-SHOP/D/DERMALOGICA
DERMALOGICA	DERMALOGICA	cvs.com	HTTPS://WWW.CVS.COM/SHOP/BRAND-SHOP/D/DERMALOGICA
DERMALOGICAR	DERMALOGICA	cvs.com	HTTPS://WWW.CVS.COM/SHOP/BRAND-SHOP/D/DERMALOGICA
DERMASUCTION	DERMASUCTION	cvs.com	HTTPS://WWW.CVS.COM/SHOP/BRAND-SHOP/D/DERMASUCTION
DERMASUCTION	DERMASUCTION	cvs.com	HTTPS://WWW.CVS.COM/SHOP/BRAND-SHOP/D/DERMASUCTION
DERMEND	DERMEND	cvs.com	HTTPS://WWW.CVS.COM/SHOP/BRAND-SHOP/D/DERMEND
DERMEND	DERMEND	cvs.com	HTTPS://WWW.CVS.COM/SHOP/BRAND-SHOP/D/DERMEND
DERMUM	DERMEND	cvs.com	HTTPS://WWW.CVS.COM/SHOP/BRAND-SHOP/D/DERMEND
DESETIN	DESITIN	cvs.com	HTTPS://WWW.CVS.COM/SHOP/BRAND-SHOP/D/DESITIN
DESITIN	DESITIN	cvs.com	HTTPS://WWW.CVS.COM/SHOP/BRAND-SHOP/D/DESITIN
DEVELOPEDBYNATURE	NATUREMADE	cvs.com	HTTPS://WWW.CVS.COM/SHOP/BRAND-SHOP/N/NATURE-MADE
DEW	MOUNTAINDEW	cvs.com	HTTPS://WWW.CVS.COM/SHOP/BRAND-SHOP/M/MOUNTAIN-DEW
DHS	DHS	cvs.com	HTTPS://WWW.CVS.COM/SHOP/BRAND-SHOP/D/DHS
DIANE	DIANE	cvs.com	HTTPS://WWW.CVS.COM/SHOP/BRAND-SHOP/D/DIANE
DIBSIES	DIBS	cvs.com	HTTPS://WWW.CVS.COM/SHOP/BRAND-SHOP/D/DIBS
DICKINSON	DICKINSONS	cvs.com	HTTPS://WWW.CVS.COM/SHOP/BRAND-SHOP/D/DICKINSONS
DICKINSONS	DICKINSONS	cvs.com	HTTPS://WWW.CVS.COM/SHOP/BRAND-SHOP/D/DICKINSONS
DICKINSOS	DICKINSONS	cvs.com	HTTPS://WWW.CVS.COM/SHOP/BRAND-SHOP/D/DICKINSONS
DIFEEL	DIFEEL	cvs.com	HTTPS://WWW.CVS.COM/SHOP/BRAND-SHOP/D/DIFEEL
DIFFERIN	DIFFERIN	cvs.com	HTTPS://WWW.CVS.COM/SHOP/BRAND-SHOP/D/DIFFERIN
DIFRINE	DIFFERIN	cvs.com	HTTPS://WWW.CVS.COM/SHOP/BRAND-SHOP/D/DIFFERIN
DIGESTIVEADVANTAGE	DIGESTIVEADVANTAGE	cvs.com	HTTPS://WWW.CVS.COM/SHOP/BRAND-SHOP/D/DIGESTIVE-ADVANTAGE
DIMETAPP	DIMETAPP	cvs.com	HTTPS://WWW.CVS.COM/SHOP/BRAND-SHOP/D/DIMETAPP
DINTYMOORE	DINTYMOORE	cvs.com	HTTPS://WWW.CVS.COM/SHOP/BRAND-SHOP/D/DINTY-MOORE
DINTYMOORE	DINTYMOORE	cvs.com	HTTPS://WWW.CVS.COM/SHOP/BRAND-SHOP/D/DINTY-MOORE
DIPPITYDO	DIPPITYDO	cvs.com	HTTPS://WWW.CVS.COM/SHOP/BRAND-SHOP/D/DIPPITY-DO
DIUREX	DUREX	cvs.com	HTTPS://WWW.CVS.COM/SHOP/BRAND-SHOP/D/DUREX
DIUREX	DUREX	cvs.com	HTTPS://WWW.CVS.COM/SHOP/BRAND-SHOP/D/DUREX
DIXIE	DIXIE	cvs.com	HTTPS://WWW.CVS.COM/SHOP/BRAND-SHOP/D/DIXIE
DKNY	DKNY	cvs.com	HTTPS://WWW.CVS.COM/SHOP/BRAND-SHOP/D/DKNY
DMI	DMI	cvs.com	HTTPS://WWW.CVS.COM/SHOP/BRAND-SHOP/D/DMI
DOCJOHNSON	DOCJOHNSON	cvs.com	HTTPS://WWW.CVS.COM/SHOP/BRAND-SHOP/D/DOC-JOHNSON
DOLCEANDGABBANA	DOLCEGABBANA	cvs.com	HTTPS://WWW.CVS.COM/SHOP/BRAND-SHOP/D/DOLCE-GABBANA
DOLCEGABBANA	DOLCEGABBANA	cvs.com	HTTPS://WWW.CVS.COM/SHOP/BRAND-SHOP/D/DOLCE-GABBANA
DONFRANCISCOS	DONFRANCISCOS	cvs.com	HTTPS://WWW.CVS.COM/SHOP/BRAND-SHOP/D/DON-FRANCISCOS
DONFRANCISCOS	DONFRANCISCOS	cvs.com	HTTPS://WWW.CVS.COM/SHOP/BRAND-SHOP/D/DON-FRANCISCOS
DOOVEE	DOVE	cvs.com	HTTPS://WWW.CVS.COM/SHOP/BRAND-SHOP/D/DOVE
DORCEVDORCEV	DUREX	cvs.com	HTTPS://WWW.CVS.COM/SHOP/BRAND-SHOP/D/DUREX
DORCEVDORCEV	DUREX	cvs.com	HTTPS://WWW.CVS.COM/SHOP/BRAND-SHOP/D/DUREX
DOTSPRETZELS	DOTSPRETZELS	cvs.com	HTTPS://WWW.CVS.COM/SHOP/BRAND-SHOP/D/DOTS-PRETZELS
DOUX	THEDOUX	cvs.com	HTTPS://WWW.CVS.COM/SHOP/BRAND-SHOP/T/THE-DOUX
DOUXAGE	THEDOUX	cvs.com	HTTPS://WWW.CVS.COM/SHOP/BRAND-SHOP/T/THE-DOUX
DOVE	DOVE	cvs.com	HTTPS://WWW.CVS.COM/SHOP/BRAND-SHOP/D/DOVE
DOVEAID	DOVE	cvs.com	HTTPS://WWW.CVS.COM/SHOP/BRAND-SHOP/D/DOVE
DOVECHOCOLATE	DOVECHOCOLATE	cvs.com	HTTPS://WWW.CVS.COM/SHOP/BRAND-SHOP/D/DOVE-CHOCOLATE
DOVEEBABY	BABYDOVE	cvs.com	HTTPS://WWW.CVS.COM/SHOP/BRAND-SHOP/B/BABY-DOVE
DOVEEBABY	BABYDOVE	cvs.com	HTTPS://WWW.CVS.COM/SHOP/BRAND-SHOP/B/BABY-DOVE
DOVEEDOSA	DOVE	cvs.com	HTTPS://WWW.CVS.COM/SHOP/BRAND-SHOP/D/DOVE
DOVEET	DOVE	cvs.com	HTTPS://WWW.CVS.COM/SHOP/BRAND-SHOP/D/DOVE
DOVEMENCARE	DOVEMENCARE	cvs.com	HTTPS://WWW.CVS.COM/SHOP/BRAND-SHOP/D/DOVE-MEN-CARE
DOVEMENCARE	DOVEMENCARE	cvs.com	HTTPS://WWW.CVS.COM/SHOP/BRAND-SHOP/D/DOVE-MEN-CARE
DOVEMENPLUSCARE	DOVEMENCARE	cvs.com	HTTPS://WWW.CVS.COM/SHOP/BRAND-SHOP/D/DOVE-MEN-CARE
DOVEMENPLUSCARE	DOVEMENCARE	cvs.com	HTTPS://WWW.CVS.COM/SHOP/BRAND-SHOP/D/DOVE-MEN-CARE
DOWE	DOVE	cvs.com	HTTPS://WWW.CVS.COM/SHOP/BRAND-SHOP/D/DOVE
DOWNY	DOWNY	cvs.com	HTTPS://WWW.CVS.COM/SHOP/BRAND-SHOP/D/DOWNY
DOZARMOTA	NODOZ	cvs.com	HTTPS://WWW.CVS.COM/SHOP/BRAND-SHOP/N/NO-DOZ
DRAMAMINE	DRAMAMINE	cvs.com	HTTPS://WWW.CVS.COM/SHOP/BRAND-SHOP/D/DRAMAMINE
DRAMAMINE	DRAMAMINE	cvs.com	HTTPS://WWW.CVS.COM/SHOP/BRAND-SHOP/D/DRAMAMINE
DRANO	DRANO	cvs.com	HTTPS://WWW.CVS.COM/SHOP/BRAND-SHOP/D/DRANO
DRBONNERS	DRBRONNERS	cvs.com	HTTPS://WWW.CVS.COM/SHOP/BRAND-SHOP/D/DR-BRONNERS
DRBRONNER	DRBRONNERS	cvs.com	HTTPS://WWW.CVS.COM/SHOP/BRAND-SHOP/D/DR-BRONNERS
DRBRONNERS	DRBRONNERS	cvs.com	HTTPS://WWW.CVS.COM/SHOP/BRAND-SHOP/D/DR-BRONNERS
DRBRONNES	DRBRONNERS	cvs.com	HTTPS://WWW.CVS.COM/SHOP/BRAND-SHOP/D/DR-BRONNERS
DRBROWNS	DRBROWNS	cvs.com	HTTPS://WWW.CVS.COM/SHOP/BRAND-SHOP/D/DR-BROWNS
DREAMBONE	DREAMBONE	cvs.com	HTTPS://WWW.CVS.COM/SHOP/BRAND-SHOP/D/DREAMBONE
DREAMBONE	DREAMBONE	cvs.com	HTTPS://WWW.CVS.COM/SHOP/BRAND-SHOP/D/DREAMBONE
DREFT	DREFT	cvs.com	HTTPS://WWW.CVS.COM/SHOP/BRAND-SHOP/D/DREFT
DREFT	DREFT	cvs.com	HTTPS://WWW.CVS.COM/SHOP/BRAND-SHOP/D/DREFT
DRELOFT	DREFT	cvs.com	HTTPS://WWW.CVS.COM/SHOP/BRAND-SHOP/D/DREFT
DRFRESH	DRFRESH	cvs.com	HTTPS://WWW.CVS.COM/SHOP/BRAND-SHOP/D/DR-FRESH
DRFRESH	DRFRESH	cvs.com	HTTPS://WWW.CVS.COM/SHOP/BRAND-SHOP/D/DR-FRESH
DRFRESHCREST	DRFRESH	cvs.com	HTTPS://WWW.CVS.COM/SHOP/BRAND-SHOP/D/DR-FRESH
DRFRESHCREST	DRFRESH	cvs.com	HTTPS://WWW.CVS.COM/SHOP/BRAND-SHOP/D/DR-FRESH
DRHILLMA	HILMA	cvs.com	HTTPS://WWW.CVS.COM/SHOP/BRAND-SHOP/H/HILMA
DRIPDROP	DRIPDROP	cvs.com	HTTPS://WWW.CVS.COM/SHOP/BRAND-SHOP/D/DRIPDROP
DRIVEMEDICAL	DRIVEMEDICAL	cvs.com	HTTPS://WWW.CVS.COM/SHOP/BRAND-SHOP/D/DRIVE-MEDICAL
DRIVEMEDICALD	DRIVEMEDICAL	cvs.com	HTTPS://WWW.CVS.COM/SHOP/BRAND-SHOP/D/DRIVE-MEDICAL
DRPEPPE	DRPEPPER	cvs.com	HTTPS://WWW.CVS.COM/SHOP/BRAND-SHOP/D/DR-PEPPER
DRPEPPER	DRPEPPER	cvs.com	HTTPS://WWW.CVS.COM/SHOP/BRAND-SHOP/D/DR-PEPPER
DRSCHOLL	DRSCHOLLS	cvs.com	HTTPS://WWW.CVS.COM/SHOP/BRAND-SHOP/D/DR-SCHOLLS
DRSCHOLL	DRSCHOLLS	cvs.com	HTTPS://WWW.CVS.COM/SHOP/BRAND-SHOP/D/DR-SCHOLLS
DRSCHOLLS	DRSCHOLLS	cvs.com	HTTPS://WWW.CVS.COM/SHOP/BRAND-SHOP/D/DR-SCHOLLS
DRSCHOLLS	DRSCHOLLS	cvs.com	HTTPS://WWW.CVS.COM/SHOP/BRAND-SHOP/D/DR-SCHOLLS
DRSCHOLLSWORK	DRSCHOLLS	cvs.com	HTTPS://WWW.CVS.COM/SHOP/BRAND-SHOP/D/DR-SCHOLLS
DRSCHOLS	DRSCHOLLS	cvs.com	HTTPS://WWW.CVS.COM/SHOP/BRAND-SHOP/D/DR-SCHOLLS
DRSCHOLS	DRSCHOLLS	cvs.com	HTTPS://WWW.CVS.COM/SHOP/BRAND-SHOP/D/DR-SCHOLLS
DRTAKEPEAK	HYDRAPEAK	cvs.com	HTTPS://WWW.CVS.COM/SHOP/BRAND-SHOP/H/HYDRAPEAK
DRTEAL	DRTEALS	cvs.com	HTTPS://WWW.CVS.COM/SHOP/BRAND-SHOP/D/DR-TEALS
DRYIDEA	DRYIDEA	cvs.com	HTTPS://WWW.CVS.COM/SHOP/BRAND-SHOP/D/DRY-IDEA
DUCAL	DUCAL	cvs.com	HTTPS://WWW.CVS.COM/SHOP/BRAND-SHOP/D/DUCAL
DUCAL	DUCAL	cvs.com	HTTPS://WWW.CVS.COM/SHOP/BRAND-SHOP/D/DUCAL
DUKECANNON	DUKECANNON	cvs.com	HTTPS://WWW.CVS.COM/SHOP/BRAND-SHOP/D/DUKE-CANNON
DUKECANNONSUPPLY	DUKECANNON	cvs.com	HTTPS://WWW.CVS.COM/SHOP/BRAND-SHOP/D/DUKE-CANNON
DULCOLAX	DULCOLAX	cvs.com	HTTPS://WWW.CVS.COM/SHOP/BRAND-SHOP/D/DULCOLAX
DULCOLAX	DULCOLAX	cvs.com	HTTPS://WWW.CVS.COM/SHOP/BRAND-SHOP/D/DULCOLAX
DUMMKZMC	DUMDUMS	cvs.com	HTTPS://WWW.CVS.COM/SHOP/BRAND-SHOP/D/DUM-DUMS
DUREX	DUREX	cvs.com	HTTPS://WWW.CVS.COM/SHOP/BRAND-SHOP/D/DUREX
DUREX	DUREX	cvs.com	HTTPS://WWW.CVS.COM/SHOP/BRAND-SHOP/D/DUREX
DUREXY	DUREX	cvs.com	HTTPS://WWW.CVS.COM/SHOP/BRAND-SHOP/D/DUREX
DUREXY	DUREX	cvs.com	HTTPS://WWW.CVS.COM/SHOP/BRAND-SHOP/D/DUREX
DURVEENCY	DUREX	cvs.com	HTTPS://WWW.CVS.COM/SHOP/BRAND-SHOP/D/DUREX
DUSTOFF	DUSTOFF	cvs.com	HTTPS://WWW.CVS.COM/SHOP/BRAND-SHOP/D/DUST-OFF
DUSTOFF	DUSTOFF	cvs.com	HTTPS://WWW.CVS.COM/SHOP/BRAND-SHOP/D/DUST-OFF
DVOXH	THEDOUX	cvs.com	HTTPS://WWW.CVS.COM/SHOP/BRAND-SHOP/T/THE-DOUX
DZOVUTTZ	ZOUT	cvs.com	HTTPS://WWW.CVS.COM/SHOP/BRAND-SHOP/Z/ZOUT
EANTAC	ZANTAC	cvs.com	HTTPS://WWW.CVS.COM/SHOP/BRAND-SHOP/Z/ZANTAC
EARTHCHOICE	EARTHCHOICE	cvs.com	HTTPS://WWW.CVS.COM/SHOP/BRAND-SHOP/E/EARTHCHOICE
EARTHCHOICE	EARTHCHOICE	cvs.com	HTTPS://WWW.CVS.COM/SHOP/BRAND-SHOP/E/EARTHCHOICE
EARTHSBEST	EARTHSBEST	cvs.com	HTTPS://WWW.CVS.COM/SHOP/BRAND-SHOP/E/EARTHS-BEST
EARTHSBEST	EARTHSBEST	cvs.com	HTTPS://WWW.CVS.COM/SHOP/BRAND-SHOP/E/EARTHS-BEST
EARTHSESSENTIALS	EARTHESSENTIALS	cvs.com	HTTPS://WWW.CVS.COM/SHOP/BRAND-SHOP/E/EARTH-ESSENTIALS
EARTHSESSENTIALS	EARTHSESSENTIALS	cvs.com	HTTPS://WWW.CVS.COM/SHOP/BRAND-SHOP/E/EARTHS-ESSENTIALS
EARTHSESSENTIALS	EARTHESSENTIALS	cvs.com	HTTPS://WWW.CVS.COM/SHOP/BRAND-SHOP/E/EARTH-ESSENTIALS
EARWAXMD	EARWAXMD	cvs.com	HTTPS://WWW.CVS.COM/SHOP/BRAND-SHOP/E/EARWAX-MD
EARWAXMD	EARWAXMD	cvs.com	HTTPS://WWW.CVS.COM/SHOP/BRAND-SHOP/E/EARWAX-MD
EASEKINDER	KINDER	cvs.com	HTTPS://WWW.CVS.COM/SHOP/BRAND-SHOP/K/KINDER
EASELINE	VASELINE	cvs.com	HTTPS://WWW.CVS.COM/SHOP/BRAND-SHOP/V/VASELINE
EASYLOOK	EASYLOOK	cvs.com	HTTPS://WWW.CVS.COM/SHOP/BRAND-SHOP/E/EASY-LOOK
EASYTOUSEPRODUCTS	EASYTOUSEPRODUCTS	cvs.com	HTTPS://WWW.CVS.COM/SHOP/BRAND-SHOP/E/EASY-TO-USE-PRODUCTS
EAVA	EVAAVO	cvs.com	HTTPS://WWW.CVS.COM/SHOP/BRAND-SHOP/E/EVA-AVO
EAVO	EVAAVO	cvs.com	HTTPS://WWW.CVS.COM/SHOP/BRAND-SHOP/E/EVA-AVO
ECOS	ECOS	cvs.com	HTTPS://WWW.CVS.COM/SHOP/BRAND-SHOP/E/ECOS
ECOS	ECOS	cvs.com	HTTPS://WWW.CVS.COM/SHOP/BRAND-SHOP/E/ECOS
ECOSTYLE	ECOSTYLE	cvs.com	HTTPS://WWW.CVS.COM/SHOP/BRAND-SHOP/E/ECO-STYLE
ECOSTYLE	ECOSTYLE	cvs.com	HTTPS://WWW.CVS.COM/SHOP/BRAND-SHOP/E/ECO-STYLE
ECOSTYLELIFE	ECOSTYLE	cvs.com	HTTPS://WWW.CVS.COM/SHOP/BRAND-SHOP/E/ECO-STYLE
ECOTOOLS	ECOTOOLS	cvs.com	HTTPS://WWW.CVS.COM/SHOP/BRAND-SHOP/E/ECOTOOLS
ECOTRIN	ECOTRIN	cvs.com	HTTPS://WWW.CVS.COM/SHOP/BRAND-SHOP/E/ECOTRIN
ECRTORIN	ECOTRIN	cvs.com	HTTPS://WWW.CVS.COM/SHOP/BRAND-SHOP/E/ECOTRIN
ECRTORIN	ECOTRIN	cvs.com	HTTPS://WWW.CVS.COM/SHOP/BRAND-SHOP/E/ECOTRIN
ECZEMAHONEY	ECZEMAHONEY	cvs.com	HTTPS://WWW.CVS.COM/SHOP/BRAND-SHOP/E/ECZEMA-HONEY
EDGEPERFECTION	EDGEPERFECTION	cvs.com	HTTPS://WWW.CVS.COM/SHOP/BRAND-SHOP/E/EDGE-PERFECTION
EERVFF	ELF	cvs.com	HTTPS://WWW.CVS.COM/SHOP/BRAND-SHOP/E/E-L-F
EESSENCE	ESSENCE	cvs.com	HTTPS://WWW.CVS.COM/SHOP/BRAND-SHOP/E/ESSENCE
EESSENCE	ESSENCE	cvs.com	HTTPS://WWW.CVS.COM/SHOP/BRAND-SHOP/E/ESSENCE
EFPRODUCTSLP	ELF	cvs.com	HTTPS://WWW.CVS.COM/SHOP/BRAND-SHOP/E/E-L-F
EFPRODUCTSLP	ELF	cvs.com	HTTPS://WWW.CVS.COM/SHOP/BRAND-SHOP/E/E-L-F
EGERBER	GERBER	cvs.com	HTTPS://WWW.CVS.COM/SHOP/BRAND-SHOP/G/GERBER
EGGO	EGGO	cvs.com	HTTPS://WWW.CVS.COM/SHOP/BRAND-SHOP/E/EGGO
ELF	ELF	cvs.com	HTTPS://WWW.CVS.COM/SHOP/BRAND-SHOP/E/E-L-F
ELFAPOLLO	ELF	cvs.com	HTTPS://WWW.CVS.COM/SHOP/BRAND-SHOP/E/E-L-F
ELFAPOLLO	ELF	cvs.com	HTTPS://WWW.CVS.COM/SHOP/BRAND-SHOP/E/E-L-F
ELFBEAUTY	ELF	cvs.com	HTTPS://WWW.CVS.COM/SHOP/BRAND-SHOP/E/E-L-F
ELFBEE	ELF	cvs.com	HTTPS://WWW.CVS.COM/SHOP/BRAND-SHOP/E/E-L-F
ELFCOSMETICS	ELF	cvs.com	HTTPS://WWW.CVS.COM/SHOP/BRAND-SHOP/E/E-L-F
ELFENSATLL	ELF	cvs.com	HTTPS://WWW.CVS.COM/SHOP/BRAND-SHOP/E/E-L-F
ELFII	ELF	cvs.com	HTTPS://WWW.CVS.COM/SHOP/BRAND-SHOP/E/E-L-F
ELFONTHESHELF	ELFONTHESHELF	cvs.com	HTTPS://WWW.CVS.COM/SHOP/BRAND-SHOP/E/ELF-ON-THE-SHELF
ELFPLAZA	ELF	cvs.com	HTTPS://WWW.CVS.COM/SHOP/BRAND-SHOP/E/E-L-F
ELFPLAZA	ELF	cvs.com	HTTPS://WWW.CVS.COM/SHOP/BRAND-SHOP/E/E-L-F
ELFSOUL	ELF	cvs.com	HTTPS://WWW.CVS.COM/SHOP/BRAND-SHOP/E/E-L-F
ELFWILL	ELF	cvs.com	HTTPS://WWW.CVS.COM/SHOP/BRAND-SHOP/E/E-L-F
ELIZABETHARDEN	ELIZABETHARDEN	cvs.com	HTTPS://WWW.CVS.COM/SHOP/BRAND-SHOP/E/ELIZABETH-ARDEN
ELIZABETHTAYLOR	ELIZABETHTAYLOR	cvs.com	HTTPS://WWW.CVS.COM/SHOP/BRAND-SHOP/E/ELIZABETH-TAYLOR
ELLAMILA	ELLAMILA	cvs.com	HTTPS://WWW.CVS.COM/SHOP/BRAND-SHOP/E/ELLA-MILA
ELLIABLANCO	ELLIABYHOMEDICS	cvs.com	HTTPS://WWW.CVS.COM/SHOP/BRAND-SHOP/E/ELLIA-BY-HOMEDICS
ELMERS	ELMERS	cvs.com	HTTPS://WWW.CVS.COM/SHOP/BRAND-SHOP/E/ELMERS
ELWF	ELF	cvs.com	HTTPS://WWW.CVS.COM/SHOP/BRAND-SHOP/E/E-L-F
EMBRYOLISSE	EMBRYOLISSE	cvs.com	HTTPS://WWW.CVS.COM/SHOP/BRAND-SHOP/E/EMBRYOLISSE
EMERGEN	EMERGENC	cvs.com	HTTPS://WWW.CVS.COM/SHOP/BRAND-SHOP/E/EMERGEN-C
EMERGEN	EMERGENC	cvs.com	HTTPS://WWW.CVS.COM/SHOP/BRAND-SHOP/E/EMERGEN-C
EMERGENC	EMERGENC	cvs.com	HTTPS://WWW.CVS.COM/SHOP/BRAND-SHOP/E/EMERGEN-C
EMMYSORGANICS	EMMYSORGANICS	cvs.com	HTTPS://WWW.CVS.COM/SHOP/BRAND-SHOP/E/EMMYS-ORGANICS
EMMYSORGANICS	EMMYSORGANICS	cvs.com	HTTPS://WWW.CVS.COM/SHOP/BRAND-SHOP/E/EMMYS-ORGANICS
ENFAMIL	ENFAMIL	cvs.com	HTTPS://WWW.CVS.COM/SHOP/BRAND-SHOP/E/ENFAMIL
ENFAMILAR	ENFAMIL	cvs.com	HTTPS://WWW.CVS.COM/SHOP/BRAND-SHOP/E/ENFAMIL
ENFAMILINFANT	ENFAMIL	cvs.com	HTTPS://WWW.CVS.COM/SHOP/BRAND-SHOP/E/ENFAMIL
ENFSMIL	ENFAMIL	cvs.com	HTTPS://WWW.CVS.COM/SHOP/BRAND-SHOP/E/ENFAMIL
ENIDMIL	ENFAMIL	cvs.com	HTTPS://WWW.CVS.COM/SHOP/BRAND-SHOP/E/ENFAMIL
ENJOYNATIVE	NATIVE	cvs.com	HTTPS://WWW.CVS.COM/SHOP/BRAND-SHOP/N/NATIVE
ENJOYNATIVE	NATIVE	cvs.com	HTTPS://WWW.CVS.COM/SHOP/BRAND-SHOP/N/NATIVE
ENSUENO	ENSUENO	cvs.com	HTTPS://WWW.CVS.COM/SHOP/BRAND-SHOP/E/ENSUENO
ENXIEM	NEXIUM	cvs.com	HTTPS://WWW.CVS.COM/SHOP/BRAND-SHOP/N/NEXIUM
ENZYMEDICA	ENZYMEDICA	cvs.com	HTTPS://WWW.CVS.COM/SHOP/BRAND-SHOP/E/ENZYMEDICA
EORAL	ORALB	cvs.com	HTTPS://WWW.CVS.COM/SHOP/BRAND-SHOP/O/ORAL-B
EOSPRODUCTS	EOS	cvs.com	HTTPS://WWW.CVS.COM/SHOP/BRAND-SHOP/E/EOS
EOSSHINY	EOS	cvs.com	HTTPS://WWW.CVS.COM/SHOP/BRAND-SHOP/E/EOS
EQUAZEN	EQUAZENPRO	cvs.com	HTTPS://WWW.CVS.COM/SHOP/BRAND-SHOP/E/EQUAZEN-PRO
ERNHDS	NERDS	cvs.com	HTTPS://WWW.CVS.COM/SHOP/BRAND-SHOP/N/NERDS
ERNHDS	NERDS	cvs.com	HTTPS://WWW.CVS.COM/SHOP/BRAND-SHOP/N/NERDS
ERXKVS	EROXON	cvs.com	HTTPS://WWW.CVS.COM/SHOP/BRAND-SHOP/E/EROXON
ERXKVS	EROXON	cvs.com	HTTPS://WWW.CVS.COM/SHOP/BRAND-SHOP/E/EROXON
ESCADA	ESCADA	cvs.com	HTTPS://WWW.CVS.COM/SHOP/BRAND-SHOP/E/ESCADA
ESSENCE	ESSENCE	cvs.com	HTTPS://WWW.CVS.COM/SHOP/BRAND-SHOP/E/ESSENCE
ESSENCE	ESSENCE	cvs.com	HTTPS://WWW.CVS.COM/SHOP/BRAND-SHOP/E/ESSENCE
ESSENCEA	ESSENCE	cvs.com	HTTPS://WWW.CVS.COM/SHOP/BRAND-SHOP/E/ESSENCE
ESSENCEA	ESSENCE	cvs.com	HTTPS://WWW.CVS.COM/SHOP/BRAND-SHOP/E/ESSENCE
ESSENCECOSMETICS	ESSENCE	cvs.com	HTTPS://WWW.CVS.COM/SHOP/BRAND-SHOP/E/ESSENCE
ESSENCECOSMETICS	ESSENCE	cvs.com	HTTPS://WWW.CVS.COM/SHOP/BRAND-SHOP/E/ESSENCE
ESSENTIALMEDICAL	ESSENTIALMEDICALSUPPLY	cvs.com	HTTPS://WWW.CVS.COM/SHOP/BRAND-SHOP/E/ESSENTIAL-MEDICAL-SUPPLY
ESSENTIALMEDICAL	ESSENTIALMEDICALSUPPLY	cvs.com	HTTPS://WWW.CVS.COM/SHOP/BRAND-SHOP/E/ESSENTIAL-MEDICAL-SUPPLY
ESSENTIALMEDICALSUPPLY	ESSENTIALMEDICALSUPPLY	cvs.com	HTTPS://WWW.CVS.COM/SHOP/BRAND-SHOP/E/ESSENTIAL-MEDICAL-SUPPLY
ESSENTIALMEDICALSUPPLY	ESSENTIALMEDICALSUPPLY	cvs.com	HTTPS://WWW.CVS.COM/SHOP/BRAND-SHOP/E/ESSENTIAL-MEDICAL-SUPPLY
ESSENTIALSPECIALTYPRODUCTS	ESSENTIALMEDICALSUPPLY	cvs.com	HTTPS://WWW.CVS.COM/SHOP/BRAND-SHOP/E/ESSENTIAL-MEDICAL-SUPPLY
ESSIE	ESSIE	cvs.com	HTTPS://WWW.CVS.COM/SHOP/BRAND-SHOP/E/ESSIE
ESTELAUDER	ESTEELAUDER	cvs.com	HTTPS://WWW.CVS.COM/SHOP/BRAND-SHOP/E/ESTEE-LAUDER
ESTROVEN	ESTROVEN	cvs.com	HTTPS://WWW.CVS.COM/SHOP/BRAND-SHOP/E/ESTROVEN
ESTROVEN	ESTROVEN	cvs.com	HTTPS://WWW.CVS.COM/SHOP/BRAND-SHOP/E/ESTROVEN
EUCERIN	EUCERIN	cvs.com	HTTPS://WWW.CVS.COM/SHOP/BRAND-SHOP/E/EUCERIN
EUCERIN	EUCERIN	cvs.com	HTTPS://WWW.CVS.COM/SHOP/BRAND-SHOP/E/EUCERIN
EVAAVO	EVAAVO	cvs.com	HTTPS://WWW.CVS.COM/SHOP/BRAND-SHOP/E/EVA-AVO
EVANYC	EVANYC	cvs.com	HTTPS://WWW.CVS.COM/SHOP/BRAND-SHOP/E/EVA-NYC
EVAPOLAR	EVAPOLAR	cvs.com	HTTPS://WWW.CVS.COM/SHOP/BRAND-SHOP/E/EVAPOLAR
EVERPRO	EVERPRO	cvs.com	HTTPS://WWW.CVS.COM/SHOP/BRAND-SHOP/E/EVERPRO
EVERPRO	EVERPRO	cvs.com	HTTPS://WWW.CVS.COM/SHOP/BRAND-SHOP/E/EVERPRO
EVERYDAYHUMANS	EVERYDAYHUMANS	cvs.com	HTTPS://WWW.CVS.COM/SHOP/BRAND-SHOP/E/EVERYDAY-HUMANS
EVERYDAYHUMANS	EVERYDAYHUMANS	cvs.com	HTTPS://WWW.CVS.COM/SHOP/BRAND-SHOP/E/EVERYDAY-HUMANS
EVERYMANJACK	EVERYMANJACK	cvs.com	HTTPS://WWW.CVS.COM/SHOP/BRAND-SHOP/E/EVERY-MAN-JACK
EVOLVEPRODUCTS	EVOLVE	cvs.com	HTTPS://WWW.CVS.COM/SHOP/BRAND-SHOP/E/EVOLVE
EVOLVEPRODUCTS	EVOLVE	cvs.com	HTTPS://WWW.CVS.COM/SHOP/BRAND-SHOP/E/EVOLVE
EVYAN	EVYAN	cvs.com	HTTPS://WWW.CVS.COM/SHOP/BRAND-SHOP/E/EVYAN
EXCEDRIN	EXCEDRIN	cvs.com	HTTPS://WWW.CVS.COM/SHOP/BRAND-SHOP/E/EXCEDRIN
EXCEDRIN	EXCEDRIN	cvs.com	HTTPS://WWW.CVS.COM/SHOP/BRAND-SHOP/E/EXCEDRIN
EXEDERM	EXEDERM	cvs.com	HTTPS://WWW.CVS.COM/SHOP/BRAND-SHOP/E/EXEDERM
EXTENZE	EXTENZE	cvs.com	HTTPS://WWW.CVS.COM/SHOP/BRAND-SHOP/E/EXTENZE
FABLIFE	FABLIFE	cvs.com	HTTPS://WWW.CVS.COM/SHOP/BRAND-SHOP/F/FABLIFE
FABULOSO	FABULOSO	cvs.com	HTTPS://WWW.CVS.COM/SHOP/BRAND-SHOP/F/FABULOSO
FAIRYTALES	FAIRYTALES	cvs.com	HTTPS://WWW.CVS.COM/SHOP/BRAND-SHOP/F/FAIRY-TALES
FAIRYTALES	FAIRYTALES	cvs.com	HTTPS://WWW.CVS.COM/SHOP/BRAND-SHOP/F/FAIRY-TALES
FALNEX	FLEX	cvs.com	HTTPS://WWW.CVS.COM/SHOP/BRAND-SHOP/F/FLEX
FAMILYGUARD	FAMILYGUARD	cvs.com	HTTPS://WWW.CVS.COM/SHOP/BRAND-SHOP/F/FAMILYGUARD
FAMOUSAMOS	FAMOUSAMOS	cvs.com	HTTPS://WWW.CVS.COM/SHOP/BRAND-SHOP/F/FAMOUS-AMOS
FANCYFEAST	FANCYFEAST	cvs.com	HTTPS://WWW.CVS.COM/SHOP/BRAND-SHOP/F/FANCY-FEAST
FANTASIA	FANTASIA	cvs.com	HTTPS://WWW.CVS.COM/SHOP/BRAND-SHOP/F/FANTASIA
FANTASIA	FANTASIA	cvs.com	HTTPS://WWW.CVS.COM/SHOP/BRAND-SHOP/F/FANTASIA
FANTASIAIC	FANTASIA	cvs.com	HTTPS://WWW.CVS.COM/SHOP/BRAND-SHOP/F/FANTASIA
FANTASIAIC	FANTASIA	cvs.com	HTTPS://WWW.CVS.COM/SHOP/BRAND-SHOP/F/FANTASIA
FANTASPARA	FANTA	cvs.com	HTTPS://WWW.CVS.COM/SHOP/BRAND-SHOP/F/FANTA
FANTASPARA	FANTA	cvs.com	HTTPS://WWW.CVS.COM/SHOP/BRAND-SHOP/F/FANTA
FANTASTIC	FANTASTIK	cvs.com	HTTPS://WWW.CVS.COM/SHOP/BRAND-SHOP/F/FANTASTIK
FANTECIA	FANTASIA	cvs.com	HTTPS://WWW.CVS.COM/SHOP/BRAND-SHOP/F/FANTASIA
FANTECIA	FANTASIA	cvs.com	HTTPS://WWW.CVS.COM/SHOP/BRAND-SHOP/F/FANTASIA
FEBREEZE	FEBREZE	cvs.com	HTTPS://WWW.CVS.COM/SHOP/BRAND-SHOP/F/FEBREZE
FEBREZE	FEBREZE	cvs.com	HTTPS://WWW.CVS.COM/SHOP/BRAND-SHOP/F/FEBREZE
FEBREZEE	FEBREZE	cvs.com	HTTPS://WWW.CVS.COM/SHOP/BRAND-SHOP/F/FEBREZE
FEBSEV	FEBREZE	cvs.com	HTTPS://WWW.CVS.COM/SHOP/BRAND-SHOP/F/FEBREZE
FEMICLEAR	FEMICLEAR	cvs.com	HTTPS://WWW.CVS.COM/SHOP/BRAND-SHOP/F/FEMICLEAR
FEONASE	FLONASE	cvs.com	HTTPS://WWW.CVS.COM/SHOP/BRAND-SHOP/F/FLONASE
FEOSOL	FEOSOL	cvs.com	HTTPS://WWW.CVS.COM/SHOP/BRAND-SHOP/F/FEOSOL
FEOSOL	FEOSOL	cvs.com	HTTPS://WWW.CVS.COM/SHOP/BRAND-SHOP/F/FEOSOL
FERRERO	FERRERO	cvs.com	HTTPS://WWW.CVS.COM/SHOP/BRAND-SHOP/F/FERRERO
FERRERORETAIL	FERRERO	cvs.com	HTTPS://WWW.CVS.COM/SHOP/BRAND-SHOP/F/FERRERO
FEXUL	FLEX	cvs.com	HTTPS://WWW.CVS.COM/SHOP/BRAND-SHOP/F/FLEX
FIBERONE	FIBERONE	cvs.com	HTTPS://WWW.CVS.COM/SHOP/BRAND-SHOP/F/FIBER-ONE
FIRSTLINE	FIRSTLINE	cvs.com	HTTPS://WWW.CVS.COM/SHOP/BRAND-SHOP/F/FIRSTLINE
FIRSTLINE	FIRSTLINE	cvs.com	HTTPS://WWW.CVS.COM/SHOP/BRAND-SHOP/F/FIRSTLINE
FIRSTRESPONSE	FIRSTRESPONSE	cvs.com	HTTPS://WWW.CVS.COM/SHOP/BRAND-SHOP/F/FIRST-RESPONSE
FIRSTRESPONSE	FIRSTRESPONSE	cvs.com	HTTPS://WWW.CVS.COM/SHOP/BRAND-SHOP/F/FIRST-RESPONSE
FISHERMANSFRIEND	FISHERMANSFRIEND	cvs.com	HTTPS://WWW.CVS.COM/SHOP/BRAND-SHOP/F/FISHERMANS-FRIEND
FITBEST	FITBIT	cvs.com	HTTPS://WWW.CVS.COM/SHOP/BRAND-SHOP/F/FITBIT
FITBIT	FITBIT	cvs.com	HTTPS://WWW.CVS.COM/SHOP/BRAND-SHOP/F/FITBIT
FITBITS	FITBIT	cvs.com	HTTPS://WWW.CVS.COM/SHOP/BRAND-SHOP/F/FITBIT
FITBUTER	FITBIT	cvs.com	HTTPS://WWW.CVS.COM/SHOP/BRAND-SHOP/F/FITBIT
FITBUTER	FITBIT	cvs.com	HTTPS://WWW.CVS.COM/SHOP/BRAND-SHOP/F/FITBIT
FITBYK	FITBIT	cvs.com	HTTPS://WWW.CVS.COM/SHOP/BRAND-SHOP/F/FITBIT
FITBYK	FITBIT	cvs.com	HTTPS://WWW.CVS.COM/SHOP/BRAND-SHOP/F/FITBIT
FITLOSOPHY	FITLOSOPHY	cvs.com	HTTPS://WWW.CVS.COM/SHOP/BRAND-SHOP/F/FITLOSOPHY
FITLOSOPHY	FITLOSOPHY	cvs.com	HTTPS://WWW.CVS.COM/SHOP/BRAND-SHOP/F/FITLOSOPHY
FITUNIT	FITBIT	cvs.com	HTTPS://WWW.CVS.COM/SHOP/BRAND-SHOP/F/FITBIT
FIXODENT	FIXODENT	cvs.com	HTTPS://WWW.CVS.COM/SHOP/BRAND-SHOP/F/FIXODENT
FIXYOURLID	FIXYOURLID	cvs.com	HTTPS://WWW.CVS.COM/SHOP/BRAND-SHOP/F/FIX-YOUR-LID
FLANOID	LIPOFLAVONOID	cvs.com	HTTPS://WWW.CVS.COM/SHOP/BRAND-SHOP/L/LIPO-FLAVONOID
FLAWLESS	FLAWLESS	cvs.com	HTTPS://WWW.CVS.COM/SHOP/BRAND-SHOP/F/FLAWLESS
FLEXCENTRAL	FLEX	cvs.com	HTTPS://WWW.CVS.COM/SHOP/BRAND-SHOP/F/FLEX
FLEXD	FLEX	cvs.com	HTTPS://WWW.CVS.COM/SHOP/BRAND-SHOP/F/FLEX
FLEXR	FLEX	cvs.com	HTTPS://WWW.CVS.COM/SHOP/BRAND-SHOP/F/FLEX
FLEXSEAL	FLEXSEAL	cvs.com	HTTPS://WWW.CVS.COM/SHOP/BRAND-SHOP/F/FLEX-SEAL
FLEXSEAL	FLEXSEAL	cvs.com	HTTPS://WWW.CVS.COM/SHOP/BRAND-SHOP/F/FLEX-SEAL
FLEXUSE	FLEX	cvs.com	HTTPS://WWW.CVS.COM/SHOP/BRAND-SHOP/F/FLEX
FLEXYFREE	FLEX	cvs.com	HTTPS://WWW.CVS.COM/SHOP/BRAND-SHOP/F/FLEX
FLINTSTONES	FLINTSTONES	cvs.com	HTTPS://WWW.CVS.COM/SHOP/BRAND-SHOP/F/FLINTSTONES
FLIPZ	FLIPZ	cvs.com	HTTPS://WWW.CVS.COM/SHOP/BRAND-SHOP/F/FLIPZ
FLIXCANDY	FLIXCANDY	cvs.com	HTTPS://WWW.CVS.COM/SHOP/BRAND-SHOP/F/FLIX-CANDY
FLIXCANDY	FLIXCANDY	cvs.com	HTTPS://WWW.CVS.COM/SHOP/BRAND-SHOP/F/FLIX-CANDY
FLOMYNSE	FLONASE	cvs.com	HTTPS://WWW.CVS.COM/SHOP/BRAND-SHOP/F/FLONASE
FLONASE	FLONASE	cvs.com	HTTPS://WWW.CVS.COM/SHOP/BRAND-SHOP/F/FLONASE
FLONSA	FLONASE	cvs.com	HTTPS://WWW.CVS.COM/SHOP/BRAND-SHOP/F/FLONASE
FLORAJEN	FLORAJEN	cvs.com	HTTPS://WWW.CVS.COM/SHOP/BRAND-SHOP/F/FLORAJEN
FLORAJEN	FLORAJEN	cvs.com	HTTPS://WWW.CVS.COM/SHOP/BRAND-SHOP/F/FLORAJEN
FLORALTOP	FLORASTOR	cvs.com	HTTPS://WWW.CVS.COM/SHOP/BRAND-SHOP/F/FLORASTOR
FLORASTOR	FLORASTOR	cvs.com	HTTPS://WWW.CVS.COM/SHOP/BRAND-SHOP/F/FLORASTOR
FLORSTOR	FLORASTOR	cvs.com	HTTPS://WWW.CVS.COM/SHOP/BRAND-SHOP/F/FLORASTOR
FLOWERBEAUTY	FLOWERBEAUTYBYDREW	cvs.com	HTTPS://WWW.CVS.COM/SHOP/BRAND-SHOP/F/FLOWER-BEAUTY-BY-DREW
FOCUSFACTOR	FOCUSFACTOR	cvs.com	HTTPS://WWW.CVS.COM/SHOP/BRAND-SHOP/F/FOCUS-FACTOR
FOCUSFACTOR	FOCUSFACTOR	cvs.com	HTTPS://WWW.CVS.COM/SHOP/BRAND-SHOP/F/FOCUS-FACTOR
FOLGERS	FOLGERS	cvs.com	HTTPS://WWW.CVS.COM/SHOP/BRAND-SHOP/F/FOLGERS
FOLGERSS	FOLGERS	cvs.com	HTTPS://WWW.CVS.COM/SHOP/BRAND-SHOP/F/FOLGERS
FOODSHOULDTASTEGOOD	FOODSHOULDTASTEGOOD	cvs.com	HTTPS://WWW.CVS.COM/SHOP/BRAND-SHOP/F/FOOD-SHOULD-TASTE-GOOD
FORCEFACTOR	FORCEFACTOR	cvs.com	HTTPS://WWW.CVS.COM/SHOP/BRAND-SHOP/F/FORCE-FACTOR
FORMULA10006	FORMULA1006	cvs.com	HTTPS://WWW.CVS.COM/SHOP/BRAND-SHOP/F/FORMULA-10-0-6
FORMULA1006	FORMULA1006	cvs.com	HTTPS://WWW.CVS.COM/SHOP/BRAND-SHOP/F/FORMULA-10-0-6
FOSTERGRANT	FOSTERGRANT	cvs.com	HTTPS://WWW.CVS.COM/SHOP/BRAND-SHOP/F/FOSTER-GRANT
FRANKS	FRANKS	cvs.com	HTTPS://WWW.CVS.COM/SHOP/BRAND-SHOP/F/FRANKS
FRANKS	FRANKS	cvs.com	HTTPS://WWW.CVS.COM/SHOP/BRAND-SHOP/F/FRANKS
FREEFITSTYLE	FREESTYLE	cvs.com	HTTPS://WWW.CVS.COM/SHOP/BRAND-SHOP/F/FREESTYLE
FREEMAN	FREEMAN	cvs.com	HTTPS://WWW.CVS.COM/SHOP/BRAND-SHOP/F/FREEMAN
FREEMAN	FREEMAN	cvs.com	HTTPS://WWW.CVS.COM/SHOP/BRAND-SHOP/F/FREEMAN
FREESTL	FREESTYLE	cvs.com	HTTPS://WWW.CVS.COM/SHOP/BRAND-SHOP/F/FREESTYLE
FREESTL	FREESTYLE	cvs.com	HTTPS://WWW.CVS.COM/SHOP/BRAND-SHOP/F/FREESTYLE
FREESTYLE	FREESTYLE	cvs.com	HTTPS://WWW.CVS.COM/SHOP/BRAND-SHOP/F/FREESTYLE
FREEZEIT	FREEZEIT	cvs.com	HTTPS://WWW.CVS.COM/SHOP/BRAND-SHOP/F/FREEZE-IT
FRESHSTEP	FRESHSTEP	cvs.com	HTTPS://WWW.CVS.COM/SHOP/BRAND-SHOP/F/FRESH-STEP
FRIDABABY	FRIDABABY	cvs.com	HTTPS://WWW.CVS.COM/SHOP/BRAND-SHOP/F/FRIDABABY
FRIDAFERTILITY	FRIDAFERTILITY	cvs.com	HTTPS://WWW.CVS.COM/SHOP/BRAND-SHOP/F/FRIDA-FERTILITY
FRIO	FRIO	cvs.com	HTTPS://WWW.CVS.COM/SHOP/BRAND-SHOP/F/FRIO
FRISKA	FRISKA	cvs.com	HTTPS://WWW.CVS.COM/SHOP/BRAND-SHOP/F/FRISKA
FRISKIES	FRISKIES	cvs.com	HTTPS://WWW.CVS.COM/SHOP/BRAND-SHOP/F/FRISKIES
FRONTLINE	FRONTLINEPLUS	cvs.com	HTTPS://WWW.CVS.COM/SHOP/BRAND-SHOP/F/FRONTLINE-PLUS
FRONTLINEPRODUCTS	FRONTLINEPLUS	cvs.com	HTTPS://WWW.CVS.COM/SHOP/BRAND-SHOP/F/FRONTLINE-PLUS
FRONTLINEPRODUCTS	FRONTLINEPLUS	cvs.com	HTTPS://WWW.CVS.COM/SHOP/BRAND-SHOP/F/FRONTLINE-PLUS
FRU	TRUFRU	cvs.com	HTTPS://WWW.CVS.COM/SHOP/BRAND-SHOP/T/TRU-FRU
FRUITGUSHERS	FRUITGUSHERS	cvs.com	HTTPS://WWW.CVS.COM/SHOP/BRAND-SHOP/F/FRUIT-GUSHERS
FTOCASE	FLONASE	cvs.com	HTTPS://WWW.CVS.COM/SHOP/BRAND-SHOP/F/FLONASE
FULEGY	GFUEL	cvs.com	HTTPS://WWW.CVS.COM/SHOP/BRAND-SHOP/G/G-FUEL
FULEGY	GFUEL	cvs.com	HTTPS://WWW.CVS.COM/SHOP/BRAND-SHOP/G/G-FUEL
FULFIL	FULFIL	cvs.com	HTTPS://WWW.CVS.COM/SHOP/BRAND-SHOP/F/FULFIL
FULFIL	FULFIL	cvs.com	HTTPS://WWW.CVS.COM/SHOP/BRAND-SHOP/F/FULFIL
FUNWORKSHOP	THEORIGINALFUNWORKSHOP	cvs.com	HTTPS://WWW.CVS.COM/SHOP/BRAND-SHOP/T/THE-ORIGINAL-FUN-WORKSHOP
FUNWORKSHOP	THEORIGINALFUNWORKSHOP	cvs.com	HTTPS://WWW.CVS.COM/SHOP/BRAND-SHOP/T/THE-ORIGINAL-FUN-WORKSHOP
FUNYAN	FUNYUNS	cvs.com	HTTPS://WWW.CVS.COM/SHOP/BRAND-SHOP/F/FUNYUNS
G2	G2	cvs.com	HTTPS://WWW.CVS.COM/SHOP/BRAND-SHOP/G/G2
GAEA	GAEA	cvs.com	HTTPS://WWW.CVS.COM/SHOP/BRAND-SHOP/G/GAEA
GAEA	GAEA	cvs.com	HTTPS://WWW.CVS.COM/SHOP/BRAND-SHOP/G/GAEA
GAIAM	GAIAM	cvs.com	HTTPS://WWW.CVS.COM/SHOP/BRAND-SHOP/G/GAIAM
GAIAMAMERICAS	GAIAM	cvs.com	HTTPS://WWW.CVS.COM/SHOP/BRAND-SHOP/G/GAIAM
GAIAMINTERNATIONAL	GAIAM	cvs.com	HTTPS://WWW.CVS.COM/SHOP/BRAND-SHOP/G/GAIAM
GAIN	GAIN	cvs.com	HTTPS://WWW.CVS.COM/SHOP/BRAND-SHOP/G/GAIN
GAINS	GAIN	cvs.com	HTTPS://WWW.CVS.COM/SHOP/BRAND-SHOP/G/GAIN
GARDENLIFE	GARDENOFLIFE	cvs.com	HTTPS://WWW.CVS.COM/SHOP/BRAND-SHOP/G/GARDEN-OF-LIFE
GARDENLIFE	GARDENOFLIFE	cvs.com	HTTPS://WWW.CVS.COM/SHOP/BRAND-SHOP/G/GARDEN-OF-LIFE
GARDENOFLIFE	GARDENOFLIFE	cvs.com	HTTPS://WWW.CVS.COM/SHOP/BRAND-SHOP/G/GARDEN-OF-LIFE
GARDENOFLIFE	GARDENOFLIFE	cvs.com	HTTPS://WWW.CVS.COM/SHOP/BRAND-SHOP/G/GARDEN-OF-LIFE
GARINOSEN	GARNIER	cvs.com	HTTPS://WWW.CVS.COM/SHOP/BRAND-SHOP/G/GARNIER
GARNIER	GARNIER	cvs.com	HTTPS://WWW.CVS.COM/SHOP/BRAND-SHOP/G/GARNIER
GATERDA	GATORADE	cvs.com	HTTPS://WWW.CVS.COM/SHOP/BRAND-SHOP/G/GATORADE
GATOMAL	GATORADE	cvs.com	HTTPS://WWW.CVS.COM/SHOP/BRAND-SHOP/G/GATORADE
GATOMAL	GATORADE	cvs.com	HTTPS://WWW.CVS.COM/SHOP/BRAND-SHOP/G/GATORADE
GATORADE	GATORADE	cvs.com	HTTPS://WWW.CVS.COM/SHOP/BRAND-SHOP/G/GATORADE
GATORADES	GATORADE	cvs.com	HTTPS://WWW.CVS.COM/SHOP/BRAND-SHOP/G/GATORADE
GATORADES	GATORADE	cvs.com	HTTPS://WWW.CVS.COM/SHOP/BRAND-SHOP/G/GATORADE
GATROTY	GATORADE	cvs.com	HTTPS://WWW.CVS.COM/SHOP/BRAND-SHOP/G/GATORADE
GATROTY	GATORADE	cvs.com	HTTPS://WWW.CVS.COM/SHOP/BRAND-SHOP/G/GATORADE
GAVISCON	GAVISCON	cvs.com	HTTPS://WWW.CVS.COM/SHOP/BRAND-SHOP/G/GAVISCON
GELUSIL	GELUSIL	cvs.com	HTTPS://WWW.CVS.COM/SHOP/BRAND-SHOP/G/GELUSIL
GELUSIL	GELUSIL	cvs.com	HTTPS://WWW.CVS.COM/SHOP/BRAND-SHOP/G/GELUSIL
GENERALMILLSCEREAL	GENERALMILLS	cvs.com	HTTPS://WWW.CVS.COM/SHOP/BRAND-SHOP/G/GENERAL-MILLS
GENERALMILLSCEREAL	GENERALMILLS	cvs.com	HTTPS://WWW.CVS.COM/SHOP/BRAND-SHOP/G/GENERAL-MILLS
GENEXA	GENEXA	cvs.com	HTTPS://WWW.CVS.COM/SHOP/BRAND-SHOP/G/GENEXA
GENEXA	GENEXA	cvs.com	HTTPS://WWW.CVS.COM/SHOP/BRAND-SHOP/G/GENEXA
GENFIZA	GENEXA	cvs.com	HTTPS://WWW.CVS.COM/SHOP/BRAND-SHOP/G/GENEXA
GENTEAL	GENTEAL	cvs.com	HTTPS://WWW.CVS.COM/SHOP/BRAND-SHOP/G/GENTEAL
GENTITERRSRSC	GENTEK	cvs.com	HTTPS://WWW.CVS.COM/SHOP/BRAND-SHOP/G/GENTEK
GENTITERRSRSC	GENTEK	cvs.com	HTTPS://WWW.CVS.COM/SHOP/BRAND-SHOP/G/GENTEK
GERBER	GERBER	cvs.com	HTTPS://WWW.CVS.COM/SHOP/BRAND-SHOP/G/GERBER
GEVALIA	GEVALIA	cvs.com	HTTPS://WWW.CVS.COM/SHOP/BRAND-SHOP/G/GEVALIA
GEVANCHI	GIVENCHY	cvs.com	HTTPS://WWW.CVS.COM/SHOP/BRAND-SHOP/G/GIVENCHY
GHIMS	HIMSHERS	cvs.com	HTTPS://WWW.CVS.COM/SHOP/BRAND-SHOP/H/HIMS-HERS
GHIMS	HIMSHERS	cvs.com	HTTPS://WWW.CVS.COM/SHOP/BRAND-SHOP/H/HIMS-HERS
GHIRARDELLI	GHIRARDELLI	cvs.com	HTTPS://WWW.CVS.COM/SHOP/BRAND-SHOP/G/GHIRARDELLI
GHIRARDELLICHOCOLATE	GHIRARDELLI	cvs.com	HTTPS://WWW.CVS.COM/SHOP/BRAND-SHOP/G/GHIRARDELLI
GHIRARDELLICHOCOLATECOMPANY	GHIRARDELLI	cvs.com	HTTPS://WWW.CVS.COM/SHOP/BRAND-SHOP/G/GHIRARDELLI
GIAUMA	GAIAM	cvs.com	HTTPS://WWW.CVS.COM/SHOP/BRAND-SHOP/G/GAIAM
GIFTPOP	GIFTPOP	cvs.com	HTTPS://WWW.CVS.COM/SHOP/BRAND-SHOP/G/GIFTPOP
GIGI	GIGI	cvs.com	HTTPS://WWW.CVS.COM/SHOP/BRAND-SHOP/G/GIGI
GILLETTE	GILLETTE	cvs.com	HTTPS://WWW.CVS.COM/SHOP/BRAND-SHOP/G/GILLETTE
GILLETTE	GILLETTE	cvs.com	HTTPS://WWW.CVS.COM/SHOP/BRAND-SHOP/G/GILLETTE
GILLETTELABS	GILLETTELABS	cvs.com	HTTPS://WWW.CVS.COM/SHOP/BRAND-SHOP/G/GILLETTELABS
GILLETTEVENUS	GILLETTEVENUS	cvs.com	HTTPS://WWW.CVS.COM/SHOP/BRAND-SHOP/G/GILLETTE-VENUS
GIOLADO	GOLI	cvs.com	HTTPS://WWW.CVS.COM/SHOP/BRAND-SHOP/G/GOLI
GIOLADO	GOLI	cvs.com	HTTPS://WWW.CVS.COM/SHOP/BRAND-SHOP/G/GOLI
GITETE	GILLETTE	cvs.com	HTTPS://WWW.CVS.COM/SHOP/BRAND-SHOP/G/GILLETTE
GITETE	GILLETTE	cvs.com	HTTPS://WWW.CVS.COM/SHOP/BRAND-SHOP/G/GILLETTE
GIVENCHY	GIVENCHY	cvs.com	HTTPS://WWW.CVS.COM/SHOP/BRAND-SHOP/G/GIVENCHY
GLADE	GLADE	cvs.com	HTTPS://WWW.CVS.COM/SHOP/BRAND-SHOP/G/GLADE
GLADE	GLADE	cvs.com	HTTPS://WWW.CVS.COM/SHOP/BRAND-SHOP/G/GLADE
GLADEE	GLADE	cvs.com	HTTPS://WWW.CVS.COM/SHOP/BRAND-SHOP/G/GLADE
GLADEE	GLADE	cvs.com	HTTPS://WWW.CVS.COM/SHOP/BRAND-SHOP/G/GLADE
GLEEM	GLEEM	cvs.com	HTTPS://WWW.CVS.COM/SHOP/BRAND-SHOP/G/GLEEM
GLEEM	GLEEM	cvs.com	HTTPS://WWW.CVS.COM/SHOP/BRAND-SHOP/G/GLEEM
GLORYBRIGHT	GLORYBRIGHT	cvs.com	HTTPS://WWW.CVS.COM/SHOP/BRAND-SHOP/G/GLORY-BRIGHT
GLORYBRIGHT	GLORYBRIGHT	cvs.com	HTTPS://WWW.CVS.COM/SHOP/BRAND-SHOP/G/GLORY-BRIGHT
GLUCERNA	GLUCERNA	cvs.com	HTTPS://WWW.CVS.COM/SHOP/BRAND-SHOP/G/GLUCERNA
GLUCOCIL	GLUCOCIL	cvs.com	HTTPS://WWW.CVS.COM/SHOP/BRAND-SHOP/G/GLUCOCIL
GLUCOCIL	GLUCOCIL	cvs.com	HTTPS://WWW.CVS.COM/SHOP/BRAND-SHOP/G/GLUCOCIL
GLUCREAN	GLUCERNA	cvs.com	HTTPS://WWW.CVS.COM/SHOP/BRAND-SHOP/G/GLUCERNA
GN	GNC	cvs.com	HTTPS://WWW.CVS.COM/SHOP/BRAND-SHOP/G/GNC
GNC	GNC	cvs.com	HTTPS://WWW.CVS.COM/SHOP/BRAND-SHOP/G/GNC
GNC	GNC	cvs.com	HTTPS://WWW.CVS.COM/SHOP/BRAND-SHOP/G/GNC
GOHEARING	GOHEARING	cvs.com	HTTPS://WWW.CVS.COM/SHOP/BRAND-SHOP/G/GO-HEARING
GOICOECHEA	GOICOECHEA	cvs.com	HTTPS://WWW.CVS.COM/SHOP/BRAND-SHOP/G/GOICOECHEA
GOLDBOND	GOLDBOND	cvs.com	HTTPS://WWW.CVS.COM/SHOP/BRAND-SHOP/G/GOLD-BOND
GOLDEMBLEM	GOLDEMBLEM	cvs.com	HTTPS://WWW.CVS.COM/SHOP/BRAND-SHOP/G/GOLD-EMBLEM
GOLDEMBLEM	GOLDEMBLEM	cvs.com	HTTPS://WWW.CVS.COM/SHOP/BRAND-SHOP/G/GOLD-EMBLEM
GOLDEMBLEM	GOLDEMBLEMABOUND	cvs.com	HTTPS://WWW.CVS.COM/SHOP/BRAND-SHOP/G/GOLD-EMBLEM-ABOUND
GOLDENGRAHAM	GOLDENGRAHAM	cvs.com	HTTPS://WWW.CVS.COM/SHOP/BRAND-SHOP/G/GOLDEN-GRAHAM
GOLDPEAK	GOLDPEAK	cvs.com	HTTPS://WWW.CVS.COM/SHOP/BRAND-SHOP/G/GOLD-PEAK
GOLDPEAK	GOLDPEAK	cvs.com	HTTPS://WWW.CVS.COM/SHOP/BRAND-SHOP/G/GOLD-PEAK
GOLIOKLSY	GOLI	cvs.com	HTTPS://WWW.CVS.COM/SHOP/BRAND-SHOP/G/GOLI
GOLIYEAN	GOLI	cvs.com	HTTPS://WWW.CVS.COM/SHOP/BRAND-SHOP/G/GOLI
GOLONY	GOLI	cvs.com	HTTPS://WWW.CVS.COM/SHOP/BRAND-SHOP/G/GOLI
GOLUODCK	GOLI	cvs.com	HTTPS://WWW.CVS.COM/SHOP/BRAND-SHOP/G/GOLI
GOLUODCK	GOLI	cvs.com	HTTPS://WWW.CVS.COM/SHOP/BRAND-SHOP/G/GOLI
GOOD2GROW	GOOD2GROW	cvs.com	HTTPS://WWW.CVS.COM/SHOP/BRAND-SHOP/G/GOOD2GROW
GOODCHEMISTRY	GOODCHEMISTRY	cvs.com	HTTPS://WWW.CVS.COM/SHOP/BRAND-SHOP/G/GOOD-CHEMISTRY
GOODCLEAN	GOODCLEANLOVE	cvs.com	HTTPS://WWW.CVS.COM/SHOP/BRAND-SHOP/G/GOOD-CLEAN-LOVE
GOODCLEANLOVE	GOODCLEANLOVE	cvs.com	HTTPS://WWW.CVS.COM/SHOP/BRAND-SHOP/G/GOOD-CLEAN-LOVE
GOODCOOK	GOODCOOK	cvs.com	HTTPS://WWW.CVS.COM/SHOP/BRAND-SHOP/G/GOOD-COOK
GOODCOOK	GOODCOOK	cvs.com	HTTPS://WWW.CVS.COM/SHOP/BRAND-SHOP/G/GOOD-COOK
GOODNITES	GOODNITES	cvs.com	HTTPS://WWW.CVS.COM/SHOP/BRAND-SHOP/G/GOODNITES
GOODNITESDRIVE	GOODNITES	cvs.com	HTTPS://WWW.CVS.COM/SHOP/BRAND-SHOP/G/GOODNITES
GOODPLENTY	GOODPLENTY	cvs.com	HTTPS://WWW.CVS.COM/SHOP/BRAND-SHOP/G/GOOD-PLENTY
GOODY	GOODY	cvs.com	HTTPS://WWW.CVS.COM/SHOP/BRAND-SHOP/G/GOODY
GOODYH	GOODY	cvs.com	HTTPS://WWW.CVS.COM/SHOP/BRAND-SHOP/G/GOODY
GOODYH	GOODY	cvs.com	HTTPS://WWW.CVS.COM/SHOP/BRAND-SHOP/G/GOODY
GOODYS	GOODYS	cvs.com	HTTPS://WWW.CVS.COM/SHOP/BRAND-SHOP/G/GOODYS
GOODYU	GOODY	cvs.com	HTTPS://WWW.CVS.COM/SHOP/BRAND-SHOP/G/GOODY
GORILLAGLU	GORILLAGLUE	cvs.com	HTTPS://WWW.CVS.COM/SHOP/BRAND-SHOP/G/GORILLA-GLUE
GORILLAGLUE	GORILLAGLUE	cvs.com	HTTPS://WWW.CVS.COM/SHOP/BRAND-SHOP/G/GORILLA-GLUE
GOT2B	GOT2B	cvs.com	HTTPS://WWW.CVS.COM/SHOP/BRAND-SHOP/G/GOT2B
GOXT	GOXT	cvs.com	HTTPS://WWW.CVS.COM/SHOP/BRAND-SHOP/G/GOXT
GOXT	GOXT	cvs.com	HTTPS://WWW.CVS.COM/SHOP/BRAND-SHOP/G/GOXT
GOYA	GOYA	cvs.com	HTTPS://WWW.CVS.COM/SHOP/BRAND-SHOP/G/GOYA
GOYHA	GOYA	cvs.com	HTTPS://WWW.CVS.COM/SHOP/BRAND-SHOP/G/GOYA
GREENMOUNTAINPRODUCTS	GREENMOUNTAIN	cvs.com	HTTPS://WWW.CVS.COM/SHOP/BRAND-SHOP/G/GREEN-MOUNTAIN
GREENMOUNTAINPRODUCTS	GREENMOUNTAIN	cvs.com	HTTPS://WWW.CVS.COM/SHOP/BRAND-SHOP/G/GREEN-MOUNTAIN
GRO	DOOGRO	cvs.com	HTTPS://WWW.CVS.COM/SHOP/BRAND-SHOP/D/DOO-GRO
GROPRODUCTS	DOOGRO	cvs.com	HTTPS://WWW.CVS.COM/SHOP/BRAND-SHOP/D/DOO-GRO
GVOLO	GOLI	cvs.com	HTTPS://WWW.CVS.COM/SHOP/BRAND-SHOP/G/GOLI
HAERBAO	HARIBO	cvs.com	HTTPS://WWW.CVS.COM/SHOP/BRAND-SHOP/H/HARIBO
HAIBO	HARIBO	cvs.com	HTTPS://WWW.CVS.COM/SHOP/BRAND-SHOP/H/HARIBO
HAIMAX	HAIRMAX	cvs.com	HTTPS://WWW.CVS.COM/SHOP/BRAND-SHOP/H/HAIRMAX
HAIMAX	HAIRMAX	cvs.com	HTTPS://WWW.CVS.COM/SHOP/BRAND-SHOP/H/HAIRMAX
HAIRITAGE	HAIRITAGE	cvs.com	HTTPS://WWW.CVS.COM/SHOP/BRAND-SHOP/H/HAIRITAGE
HAIRMAX	HAIRMAX	cvs.com	HTTPS://WWW.CVS.COM/SHOP/BRAND-SHOP/H/HAIRMAX
HAIRMAX	HAIRMAX	cvs.com	HTTPS://WWW.CVS.COM/SHOP/BRAND-SHOP/H/HAIRMAX
HALLMARKSIGNATURE	HALLMARKSIGNATURE	cvs.com	HTTPS://WWW.CVS.COM/SHOP/BRAND-SHOP/H/HALLMARK-SIGNATURE
HALLS	HALLS	cvs.com	HTTPS://WWW.CVS.COM/SHOP/BRAND-SHOP/H/HALLS
HARIBO	HARIBO	cvs.com	HTTPS://WWW.CVS.COM/SHOP/BRAND-SHOP/H/HARIBO
HARRISTERRY	HARRYS	cvs.com	HTTPS://WWW.CVS.COM/SHOP/BRAND-SHOP/H/HARRYS
HARRYS	HARRYS	cvs.com	HTTPS://WWW.CVS.COM/SHOP/BRAND-SHOP/H/HARRYS
HARRYZONE	HARRYS	cvs.com	HTTPS://WWW.CVS.COM/SHOP/BRAND-SHOP/H/HARRYS
HARVESTSNAPS	HARVESTSNAPS	cvs.com	HTTPS://WWW.CVS.COM/SHOP/BRAND-SHOP/H/HARVEST-SNAPS
HASK	HASK	cvs.com	HTTPS://WWW.CVS.COM/SHOP/BRAND-SHOP/H/HASK
HAWAIANTROPIC	HAWAIIANTROPIC	cvs.com	HTTPS://WWW.CVS.COM/SHOP/BRAND-SHOP/H/HAWAIIAN-TROPIC
HAWAIIANTROPIC	HAWAIIANTROPIC	cvs.com	HTTPS://WWW.CVS.COM/SHOP/BRAND-SHOP/H/HAWAIIAN-TROPIC
HAWKINSBRIMBLE	HAWKINSBRIMBLE	cvs.com	HTTPS://WWW.CVS.COM/SHOP/BRAND-SHOP/H/HAWKINS-BRIMBLE
HAWKINSBRIMBLE	HAWKINSBRIMBLE	cvs.com	HTTPS://WWW.CVS.COM/SHOP/BRAND-SHOP/H/HAWKINS-BRIMBLE
HEADNSHOULDERS	HEADSHOULDERS	cvs.com	HTTPS://WWW.CVS.COM/SHOP/BRAND-SHOP/H/HEAD-SHOULDERS
HEADSHOULDERS	HEADSHOULDERS	cvs.com	HTTPS://WWW.CVS.COM/SHOP/BRAND-SHOP/H/HEAD-SHOULDERS
HEALTHSMART	HEALTHSMART	cvs.com	HTTPS://WWW.CVS.COM/SHOP/BRAND-SHOP/H/HEALTHSMART
HEALTHSMART	HEALTHSMART	cvs.com	HTTPS://WWW.CVS.COM/SHOP/BRAND-SHOP/H/HEALTHSMART
HEALTHYCHOICE	HEALTHYCHOICE	cvs.com	HTTPS://WWW.CVS.COM/SHOP/BRAND-SHOP/H/HEALTHY-CHOICE
HEALTHYCHOICE	HEALTHYCHOICE	cvs.com	HTTPS://WWW.CVS.COM/SHOP/BRAND-SHOP/H/HEALTHY-CHOICE
HEATH	HEATH	cvs.com	HTTPS://WWW.CVS.COM/SHOP/BRAND-SHOP/H/HEATH
HEEWTOS	CHEETOS	cvs.com	HTTPS://WWW.CVS.COM/SHOP/BRAND-SHOP/C/CHEETOS
HEFTY	HEFTY	cvs.com	HTTPS://WWW.CVS.COM/SHOP/BRAND-SHOP/H/HEFTY
HEINZ	HEINZ	cvs.com	HTTPS://WWW.CVS.COM/SHOP/BRAND-SHOP/H/HEINZ
HELLO	HELLO	cvs.com	HTTPS://WWW.CVS.COM/SHOP/BRAND-SHOP/H/HELLO
HELLO	HELLO	cvs.com	HTTPS://WWW.CVS.COM/SHOP/BRAND-SHOP/H/HELLO
HELLOB	HELLO	cvs.com	HTTPS://WWW.CVS.COM/SHOP/BRAND-SHOP/H/HELLO
HELLOB	HELLO	cvs.com	HTTPS://WWW.CVS.COM/SHOP/BRAND-SHOP/H/HELLO
HELLOBELLO	HELLOBELLO	cvs.com	HTTPS://WWW.CVS.COM/SHOP/BRAND-SHOP/H/HELLO-BELLO
HELLOCAKE	HELLOCAKE	cvs.com	HTTPS://WWW.CVS.COM/SHOP/BRAND-SHOP/H/HELLO-CAKE
HELLODR	HELLO	cvs.com	HTTPS://WWW.CVS.COM/SHOP/BRAND-SHOP/H/HELLO
HELLODR	HELLO	cvs.com	HTTPS://WWW.CVS.COM/SHOP/BRAND-SHOP/H/HELLO
HELLOPRODUCTS	HELLO	cvs.com	HTTPS://WWW.CVS.COM/SHOP/BRAND-SHOP/H/HELLO
HELLOTODAY	HELLO	cvs.com	HTTPS://WWW.CVS.COM/SHOP/BRAND-SHOP/H/HELLO
HEMPANA	HEMPVANA	cvs.com	HTTPS://WWW.CVS.COM/SHOP/BRAND-SHOP/H/HEMPVANA
HEMPVANA	HEMPVANA	cvs.com	HTTPS://WWW.CVS.COM/SHOP/BRAND-SHOP/H/HEMPVANA
HEMPZ	HEMPZ	cvs.com	HTTPS://WWW.CVS.COM/SHOP/BRAND-SHOP/H/HEMPZ
