24MANTRAORGANIC	24MANTRAORGANIC	flipkart.com	HTTPS://WWW.FLIPKART.COM/FOOD-PRODUCTS/24-MANTRA-ORGANIC~BRAND/PR?SID=EAT
2KFIT	FITKIT	flipkart.com	HTTPS://WWW.FLIPKART.COM/EXERCISE-FITNESS/FITNESS-EQUIPMENT/FITKIT~BRAND/PR?SID=QOC,AMF
4AJBAZAAR	4AJBAZAAR	flipkart.com	HTTPS://WWW.FLIPKART.COM/TOYS/4AJ-BAZAAR~BRAND/PR?SID=TNG
AABOLI	AABOLI	flipkart.com	HTTPS://WWW.FLIPKART.COM/CLOTHING-AND-ACCESSORIES/AABOLI~BRAND/PR?SID=CLO
AADAR	AADAR	flipkart.com	HTTPS://WWW.FLIPKART.COM/HEALTH-CARE/HOME-MEDICINES/IMMUNITY-BOOSTER/AYURVEDIC/AADAR~BRAND/PR?SID=HLC,AH4,LM3,E74&MARKETPLACE=FLIPKART&OTRACKER=PRODUCT_BREADCRUMBS_AADAR+AYURVEDIC&PAGE=3
AAGLOW	AHAGLOW	flipkart.com	HTTPS://WWW.FLIPKART.COM/BEAUTY-AND-GROOMING/BODY-FACE-SKIN-CARE/BODY-AND-FACE-CARE/FACE-WASH/AHAGLOW~BRAND/PR?SID=G9B,EMA,5LA,JAV
AAKRATI	AAKRATI	flipkart.com	HTTPS://WWW.FLIPKART.COM/HOME-DECOR/SHOWPIECES-DECOR-ACCENTS/SHOWPIECES-FIGURINES/AAKRATI~BRAND/PR?SID=ARB%2CUJ2%2CZ1T
AARAL	AARAL	flipkart.com	HTTPS://WWW.FLIPKART.COM/CLOTHING-AND-ACCESSORIES/AARAL~BRAND/PR?SID=CLO&PAGE=10
AARAL	AARAL	flipkart.com	HTTPS://WWW.FLIPKART.COM/CLOTHING-AND-ACCESSORIES/DRESSES-AND-GOWNS/DRESSES/AARAL~BRAND/PR?SID=CLO,ODX,MAJ&PAGE=9
AAYU	AAYU	flipkart.com	HTTPS://WWW.FLIPKART.COM/WOMENS-DRESSES/AAYU~BRAND/PR?SID=CLO,ODX,MAJ,JHY
AAYU	AAYU	flipkart.com	HTTPS://WWW.FLIPKART.COM/CLOTHING-AND-ACCESSORIES/AAYU~BRAND/PR?SID=CLO
ABAB	ABAB	flipkart.com	HTTPS://WWW.FLIPKART.COM/HI/WATCHES/WRIST-WATCHES/ABAB~BRAND/PR?SID=R18,F13
ACUPRESSUREHEALTHCARESYSTEM	ACUPRESSUREHEALTHCARESYSTEM	flipkart.com	HTTPS://WWW.FLIPKART.COM/HEALTH-PERSONAL-CARE-APPLIANCES/HEALTH-CARE/ACUPRESSURE-HEALTH-CARE-SYSTEM~BRAND/PR?SID=ZLW,NYL
ADDA	ADDA	flipkart.com	HTTPS://WWW.FLIPKART.COM/FOOTWEAR/ADDA~BRAND/PR?SID=OSP
ADIMA	ADIMA	flipkart.com	HTTPS://WWW.FLIPKART.COM/CLOTHING-AND-ACCESSORIES/ADIMA~BRAND/PR?SID=CLO&PAGE=6
ADIMA	ADIMA	flipkart.com	HTTPS://WWW.FLIPKART.COM/HEALTH-CARE/PROFESSIONAL-MEDICAL-SUPPLIES/DENTAL-INSTRUMENTS/ADIMA~BRAND/PR?SID=HLC,MLY,2CM
ADIMA	ADIMA	flipkart.com	HTTPS://WWW.FLIPKART.COM/CLOTHING-AND-ACCESSORIES/TOPWEAR/TSHIRTS/ADIMA~BRAND/PR?SID=CLO,ASH,ANK&PAGE=2
ADVOGUE	ADVOGUE	flipkart.com	HTTPS://WWW.FLIPKART.COM/WATCHES/ADVOGUE~BRAND/PR?SID=ALL%2CR18
AEHIBO	AEHIBO	flipkart.com	HTTPS://WWW.FLIPKART.COM/WATCHES/AEHIBO~BRAND/PR?SID=R18
AFEMOLY	AFEEM	flipkart.com	HTTPS://WWW.FLIPKART.COM/BEAUTY-AND-GROOMING/FRAGRANCES/PERFUME/AFEEM~BRAND/PR?SID=G9B,0YH,JHZ
AFWAN	AFWAN	flipkart.com	HTTPS://WWW.FLIPKART.COM/JEWELLERY/AFWAN~BRAND/PR?SID=MCR
AGNIRAME	AGNI	flipkart.com	HTTPS://WWW.FLIPKART.COM/CLOTHING-AND-ACCESSORIES/AGNI~BRAND/PR?SID=CLO
AHHAAAA	AHHAAAA	flipkart.com	HTTPS://WWW.FLIPKART.COM/CLOTHING-AND-ACCESSORIES/AHHAAAA~BRAND/PR?SID=CLO
AIDOOL	AIDOOL	flipkart.com	HTTPS://WWW.FLIPKART.COM/KIDS-ACCESSORIES/SCHOOL-SUPPLIES/AIDOOL~BRAND/PR?SID=D69%2CTHR&OTRACKER=CATEGORYTREE
AIRBAY	AIRBAY	flipkart.com	HTTPS://WWW.FLIPKART.COM/FANS/AIRBAY~BRAND/PR?SID=J9E%2CABM%2CLBZ
AIWO	AIWO	flipkart.com	HTTPS://WWW.FLIPKART.COM/HEALTH-CARE/HEALTH-SUPPLEMENTS/VITAMIN-SUPPLEMENT/AIWO~BRAND/PR?SID=HLC,ETG,QTW
AJANTABELT	AJANTA	flipkart.com	HTTPS://WWW.FLIPKART.COM/BAGS-WALLETS-BELTS/BELTS/AJANTA~BRAND/PR?SID=REH,WQ9
AJANTABELTS	AJANTA	flipkart.com	HTTPS://WWW.FLIPKART.COM/BAGS-WALLETS-BELTS/BELTS/AJANTA~BRAND/PR?SID=REH,WQ9
AJIOU	AJIO	flipkart.com	HTTPS://WWW.FLIPKART.COM/CLOTHING-AND-ACCESSORIES/AJIO~BRAND/PR?SID=CLO
AJUX	AJUX	flipkart.com	HTTPS://WWW.FLIPKART.COM/KITCHEN-COOKWARE-SERVEWARE/AJUX~BRAND/PR?SID=UPP
AKICTE	AQUALITE	flipkart.com	HTTPS://WWW.FLIPKART.COM/FOOTWEAR/AQUALITE~BRAND/PR?SID=ALL,OSP
AKROBO	AKROBO	flipkart.com	HTTPS://WWW.FLIPKART.COM/TOYS/AKROBO~BRAND/PR?SID=TNG
AKWAY	AKWAY	flipkart.com	HTTPS://WWW.FLIPKART.COM/KITCHEN-COOKWARE-SERVEWARE/KITCHEN-STORAGE-CONTAINERS/STORAGE-BASKETS/AKWAY~BRAND/PR?SID=UPP,5IX,W52
ALANZE	ALANZE	flipkart.com	HTTPS://WWW.FLIPKART.COM/CLOTHING-AND-ACCESSORIES/ALANZE~BRAND/PR?SID=CLO
ALEGORY	ALEGORY	flipkart.com	HTTPS://WWW.FLIPKART.COM/BEAUTY-AND-GROOMING/MAKEUP/ALEGORY~BRAND/PR?SID=G9B,FFI
ALIFA	ALIFA	flipkart.com	HTTPS://WWW.FLIPKART.COM/CLOTHING-AND-ACCESSORIES/ALIFA~BRAND/PR?SID=CLO
ALLIYA	ALLIYA	flipkart.com	HTTPS://WWW.FLIPKART.COM/ALL-CATEGORIES/BAGS-WALLETS-BELTS/HANDBAGS-CLUTCHES/ALLIYA~BRAND/PR?SID=SEARCH.FLIPKART.COM,REH,IHU&PAGE=1
ALLIYA	ALLIYA	flipkart.com	HTTPS://WWW.FLIPKART.COM/ALL-CATEGORIES/ALL/BAGS-WALLETS-BELTS/ALLIYA~BRAND/PR?SID=SEARCH.FLIPKART.COM,ALL,REH
ALLUWANT	ALLUWANT	flipkart.com	HTTPS://WWW.FLIPKART.COM/KITCHEN-COOKWARE-SERVEWARE/TABLEWARE-DINNERWARE/MUGS/ALLUWANT~BRAND/PR?SID=UPP,I7T,MSI
AMAYRA	AMAYRA	flipkart.com	HTTPS://WWW.FLIPKART.COM/CLOTHING-AND-ACCESSORIES/AMAYRA~BRAND/PR?SID=CLO
AMAZINGHIND	AMAZINGHIND	flipkart.com	HTTPS://WWW.FLIPKART.COM/PENS-STATIONERY/OFFICE-SUPPLIES/FILES-AND-FOLDERS/AMAZINGHIND~BRAND/PR?SID=DGV,TKW,D00&OTRACKER=CATEGORYTREE&PAGE=1
AMAZINGHIND	AMAZINGHIND	flipkart.com	HTTPS://WWW.FLIPKART.COM/PENS-STATIONERY/OFFICE-SUPPLIES/FILES-AND-FOLDERS/AMAZINGHIND~BRAND/PR?SID=DGV,TKW,D00
AMESCO	AMESCO	flipkart.com	HTTPS://WWW.FLIPKART.COM/AUDIO-VIDEO/AMESCO~BRAND/PR?SID=0PM
AMSTORE	AMSTORE	flipkart.com	HTTPS://WWW.FLIPKART.COM/TOYS/BABY-TOYS/STACKING-TOYS/AMSTORE~BRAND/PR?SID=TNG,FKW,XON&PAGE=7
AMUFEEL	AMUL	flipkart.com	HTTPS://WWW.FLIPKART.COM/FOOD-PRODUCTS/AMUL~BRAND/PR?SID=EAT
AMUGMILK	AMUL	flipkart.com	HTTPS://WWW.FLIPKART.COM/GROCERY/DAIRY-EGGS/DAIRY/MILK/AMUL~BRAND/PR?MARKETPLACE=GROCERY&SID=73Z%2CESA%2CDT6%2C6EP
AMYSTY	AMYSTY	flipkart.com	HTTPS://WWW.FLIPKART.COM/MENS-TSHIRTS/AMYSTY~BRAND/PR?SID=CLO,ASH,ANK,EDY&MARKETPLACE=FLIPKART&OTRACKER=PRODUCT_BREADCRUMBS_AMYSTY+MEN%27S+T-SHIRTS
ANDALSO	ANDALSO	flipkart.com	HTTPS://WWW.FLIPKART.COM/HEALTH-CARE/HOME-MEDICINES/EYE-CARE/ANDALSO~BRAND/PR?SID=HLC,AH4,WWQ
ANKII	ANKII	flipkart.com	HTTPS://WWW.FLIPKART.COM/CLOTHING-AND-ACCESSORIES/ANKII~BRAND/PR?SID=CLO
ANKIT	ANKIT	flipkart.com	HTTPS://WWW.FLIPKART.COM/CLOTHING-AND-ACCESSORIES/ANKIT~BRAND/PR?SID=CLO
ANURAG	ANURAG	flipkart.com	HTTPS://WWW.FLIPKART.COM/CLOTHING-AND-ACCESSORIES/ANURAG~BRAND/PR?SID=CLO
ANYTECHOME	ANYTECH	flipkart.com	HTTPS://WWW.FLIPKART.COM/HOME-IMPROVEMENT/HOME-UTILITIES-AND-ORGANIZERS/HOME-STORAGE-AND-ORGANIZATION/ANYTECH~BRAND/PR?SID=H1M,IEE,ZOM&PAGE=21
ANZQUL	ANCHAL	flipkart.com	HTTPS://WWW.FLIPKART.COM/HEALTH-CARE/HOME-MEDICINES/CARDIAC-CARE/AYURVEDIC/ANCHAL~BRAND/PR?SID=HLC,AH4,ACK,ZYL
AOBAMA	AOBAMA	flipkart.com	HTTPS://WWW.FLIPKART.COM/KIDS-ACCESSORIES/SCHOOL-SUPPLIES/SCHOOL-BAGS/AOBAMA~BRAND/PR?SID=D69,THR,WSP
AOMEIQI	AOMEIQI	flipkart.com	HTTPS://WWW.FLIPKART.COM/TOYS/EDUCATIONAL-TOYS/ART-CRAFT-KITS/AOMEIQI~BRAND/PR?SID=MGL%2C3WB
AOMEITER	AOMEITER	flipkart.com	HTTPS://WWW.FLIPKART.COM/TOYS/AOMEITER~BRAND/PR?SID=TNG
AOXO	AOXO	flipkart.com	HTTPS://WWW.FLIPKART.COM/AUDIO-VIDEO/HEADSET/AOXO~BRAND/PR?OTRACKER=CATEGORYTREE&PAGE=8&SID=0PM,FCN&VIEWTYPE=GRID
APIKIRKANDGAMMASEAL	APIK	flipkart.com	HTTPS://WWW.FLIPKART.COM/CLOTHING-AND-ACCESSORIES/APIK~BRAND/PR?SID=CLO
AQUAGUARD	AQUAGUARD	flipkart.com	HTTPS://WWW.FLIPKART.COM/WATER-PURIFIERS/AQUAGUARD~BRAND/PR?SID=J9E,ABM,I45
AQUAGUARD	AQUAGUARD	flipkart.com	HTTPS://WWW.FLIPKART.COM/WATER-PURIFIERS/AQUAGUARD~BRAND/PR?SID=J9E,ABM,I45
ARISHMILI	ARISHBIONATURAL	flipkart.com	HTTPS://WWW.FLIPKART.COM/BEAUTY-AND-GROOMING/BODY-FACE-SKIN-CARE/BODY-AND-FACE-CARE/ARISH-BIO-NATURAL~BRAND/PR?SID=G9B,EMA,5LA
ART4U	ART4U	flipkart.com	HTTPS://WWW.FLIPKART.COM/HOME-DECOR/PAINTINGS-POSTERS/PAINTINGS/ART4U~BRAND/PR?SID=ARB,BGA,MMF
ARTILITY	ARTILITY	flipkart.com	HTTPS://WWW.FLIPKART.COM/HOME-CLEANING-BATHROOM-ACCESSORIES/ARTILITY~BRAND/PR?SID=RJA
ARTIS	ARTIS	flipkart.com	HTTPS://WWW.FLIPKART.COM/AUDIO-VIDEO/SPEAKERS/ARTIS~BRAND/PR?SID=0PM,0O7
ASPRINT	ASPRINT	flipkart.com	HTTPS://WWW.FLIPKART.COM/MOBILE-ACCESSORIES/CASES-AND-COVERS/ASPRINT~BRAND/PR?SID=TYY,4MR,Q2U&PAGE=3
ASSURE	ASSURE	flipkart.com	HTTPS://WWW.FLIPKART.COM/BEAUTY-AND-GROOMING/BODY-FACE-SKIN-CARE/BODY-AND-FACE-CARE/ASSURE~BRAND/PR?SID=G9B,EMA,5LA
ASTROPACK	ASTROPACK	flipkart.com	HTTPS://WWW.FLIPKART.COM/HOME-IMPROVEMENT/HOME-UTILITIES-AND-ORGANIZERS/TROLLEYS-AND-STANDS/ASTROPACK~BRAND/PR?SID=H1M,IEE,XZU
ASTUD	ASTUD	flipkart.com	HTTPS://WWW.FLIPKART.COM/HOME-IMPROVEMENT/LAWN-AND-GARDENING/GARDENING-TOOLS/GARDEN-TOOL-SETS/ASTUD~BRAND/PR?SID=H1M,UM7,YSE,IXK&PAGE=5&SORT=PRICE_DESC&START_URL=BROWSERLAUNCH_AMP
ATIASRAMA	ATIASRAMA	flipkart.com	HTTPS://WWW.FLIPKART.COM/KITCHEN-COOKWARE-SERVEWARE/KNIVES-CHOPPERS-CUTTERS/KITCHEN-KNIVES/ATIASRAMA~BRAND/PR?SID=UPP,NWV,OTQ&MARKETPLACE=FLIPKART
AUGEN	AUGEN	flipkart.com	HTTPS://WWW.FLIPKART.COM/EYEWEAR/AUGEN~BRAND/PR?SID=U73
AUGEN	AUGEN	flipkart.com	HTTPS://WWW.FLIPKART.COM/EYEWEAR/FRAMES/AUGEN~BRAND/PR?SID=U73,H4K
AVIKA	AVIKA	flipkart.com	HTTPS://WWW.FLIPKART.COM/CLOTHING-AND-ACCESSORIES/AVIKA~BRAND/PR?SID=CLO
AVMP	AVMP	flipkart.com	HTTPS://WWW.FLIPKART.COM/WOMENS-SHORTS/AVMP~BRAND/PR?SID=SEARCH.FLIPKART.COM,CLO,VUA,E8G,HBD
AWEX	AWEX	flipkart.com	HTTPS://WWW.FLIPKART.COM/WATCHES/AWEX~BRAND/PR?SID=R18
AWISUK	AWIS	flipkart.com	HTTPS://WWW.FLIPKART.COM/CLOTHING-AND-ACCESSORIES/AWIS~BRAND/PR?SID=CLO
AXXITUDE	AXXITUDE	flipkart.com	HTTPS://WWW.FLIPKART.COM/MENS-TSHIRTS/AXXITUDE~BRAND/PR?SID=CLO,ASH,ANK,EDY
AXXITUDE	AXXITUDE	flipkart.com	HTTPS://WWW.FLIPKART.COM/CLOTHING-AND-ACCESSORIES/TOPWEAR/TSHIRTS/AXXITUDE~BRAND/PR?SID=CLO,ASH,ANK
AZANI	AZANI	flipkart.com	HTTPS://WWW.FLIPKART.COM/FOOTWEAR/AZANI~BRAND/PR?SID=OSP
AZANI	AZANI	flipkart.com	HTTPS://WWW.FLIPKART.COM/CLOTHING-AND-ACCESSORIES/AZANI~BRAND/PR?SID=CLO
AZMANI	AZMANI	flipkart.com	HTTPS://WWW.FLIPKART.COM/SUNGLASSES/AZMANI~BRAND/PR?SID=26X
AZMANI	AZMANI	flipkart.com	HTTPS://WWW.FLIPKART.COM/CLOTHING-AND-ACCESSORIES/WINTER-WEAR/JACKETS/AZMANI~BRAND/PR?SID=CLO,QVW,Z0G
AZV	AZV	flipkart.com	HTTPS://WWW.FLIPKART.COM/SUNGLASSES/AZV~BRAND/PR?SID=26X&MARKETPLACE=FLIPKART&OTRACKER=PRODUCT_BREADCRUMBS_AZV+SUNGLASSES
BAILANHEI	BAILAN	flipkart.com	HTTPS://WWW.FLIPKART.COM/MOBILE-ACCESSORIES/BAILAN-~BRAND/PR?SID=TYY,4MR
BANZARA	BANZARA	flipkart.com	HTTPS://WWW.FLIPKART.COM/BEAUTY-AND-GROOMING/HAIR-CARE-AND-ACCESSORY/HAIR-CARE/SHAMPOO/BANZARA~BRAND/PR?SID=G9B,LCF,QQM,T36&MARKETPLACE=FLIPKART&OTRACKER=PRODUCT_BREADCRUMBS_BANZARA+SHAMPOO
BARLAS	BARLAS	flipkart.com	HTTPS://WWW.FLIPKART.COM/CLOTHING-AND-ACCESSORIES/BARLAS~BRAND/PR?SID=CLO
BBHOME	BB	flipkart.com	HTTPS://WWW.FLIPKART.COM/HOME-IMPROVEMENT/HOME-UTILITIES-AND-ORGANIZERS/BB~BRAND/PR?SID=H1M,IEE
BCOMFORT	BCOMFORT	flipkart.com	HTTPS://WWW.FLIPKART.COM/FESTIVE-DECOR-GIFTING/SPIRITUAL-ITEMS/RELIGIOUS-FRAMES/BCOMFORT~BRAND/PR?SID=BRO,VEV,LKL&MARKETPLACE=FLIPKART
BCOMFORT	BCOMFORT	flipkart.com	HTTPS://WWW.FLIPKART.COM/HOME-DECOR/BCOMFORT~BRAND/PR?SID=ARB
BEARDODECOR	BEARDO	flipkart.com	HTTPS://WWW.FLIPKART.COM/BEAUTY-AND-GROOMING/BEARDO~BRAND/PR?SID=G9B
BEJOY	BEJOY	flipkart.com	HTTPS://WWW.FLIPKART.COM/BEAUTY-AND-GROOMING/BODY-FACE-SKIN-CARE/BEJOY~BRAND/PR?SID=G9B,EMA
BEJOY	BEJOY	flipkart.com	HTTPS://WWW.FLIPKART.COM/BEAUTY-AND-GROOMING/BEJOY~BRAND/PR?SID=G9B
BELAVENIR	BELAVENIR	flipkart.com	HTTPS://WWW.FLIPKART.COM/BEAUTY-AND-GROOMING/FRAGRANCES/PERFUME/BEL-AVENIR~BRAND/PR?SID=G9B,0YH,JHZ
BEPURO	BEPURE	flipkart.com	HTTPS://WWW.FLIPKART.COM/WATER-PURIFIERS/BEPURE~BRAND/PR?SID=J9E,ABM,I45
BESIVA	BESIVA	flipkart.com	HTTPS://WWW.FLIPKART.COM/CLOTHING-AND-ACCESSORIES/BESIVA~BRAND/PR?SID=CLO
BESIVA	BESIVA	flipkart.com	HTTPS://WWW.FLIPKART.COM/WOMENS-DRESSES/BESIVA~BRAND/PR?SID=CLO,ODX,MAJ,JHY
BESIVA	BESIVA	flipkart.com	HTTPS://WWW.FLIPKART.COM/WOMENS-TOPS/BESIVA~BRAND/PR?SID=CLO,ASH,OHW,36J
BESTOR	BESTOR	flipkart.com	HTTPS://WWW.FLIPKART.COM/COMPUTERS/BESTOR~BRAND/PR?SID=6BO
BEYOUNG	BEYOUNG	flipkart.com	HTTPS://WWW.FLIPKART.COM/CLOTHING-AND-ACCESSORIES/BEYOUNG~BRAND/PR?SID=CLO
BHOOMICOLLECTION	BHOOMICOLLECTION	flipkart.com	HTTPS://WWW.FLIPKART.COM/NECKLACES-CHAINS/NECKLACES/BHOOMI-COLLECTION~BRAND/PR?SID=MCR,96V,0VQ,IZM&MARKETPLACE=FLIPKART&OTRACKER=PRODUCT_BREADCRUMBS_BHOOMI+COLLECTION+NECKLACES
BHOOMICOLLECTION	BHOOMICOLLECTION	flipkart.com	HTTPS://WWW.FLIPKART.COM/CLOTHING-AND-ACCESSORIES/BHOOMI-COLLECTION~BRAND/PR?SID=CLO&OTRACKER=CATEGORYTREE
BIGFOX	BIGFOX	flipkart.com	HTTPS://WWW.FLIPKART.COM/MENS-FOOTWEAR/BIG-FOX~BRAND/PR?SID=OSP,CIL
BLEPOET	BLEP	flipkart.com	HTTPS://WWW.FLIPKART.COM/PET-SUPPLIES/DOGS/DOG-FOOD/BLEP~BRAND/PR?SID=P3T,EA3,8ZJ&MARKETPLACE=FLIPKART&OTRACKER=PRODUCT_BREADCRUMBS_BLEP+DOG+FOOD
BLEXY	BLEXY	flipkart.com	HTTPS://WWW.FLIPKART.COM/TOYS/TOY-VEHICLES/REMOTE-CONTROL-TOYS/BLEXY~BRAND/PR?SID=TNG,56A,FQ8&PAGE=4
BODYFIT	BODYFIT	flipkart.com	HTTPS://WWW.FLIPKART.COM/EXERCISE-FITNESS/FITNESS-ACCESSORIES/DUMBBELLS/BODYFIT~BRAND/PR?SID=QOC,ACB,ZUC
BOGESI	BOGESI	flipkart.com	HTTPS://WWW.FLIPKART.COM/BAGS-WALLETS-BELTS/WALLETS-CLUTCHES/WALLETS/BOGESI~BRAND/PR?SID=REH,CCA,H76
BOLUN	BOLUN	flipkart.com	HTTPS://WWW.FLIPKART.COM/WATCHES/BOLUN~BRAND/PR?SID=R18
BOLUN	BOLUN	flipkart.com	HTTPS://WWW.FLIPKART.COM/WATCHES/WRIST-WATCHES/BOLUN~BRAND/PR?SID=R18,F13
BORNFEEL	BORNFEEL	flipkart.com	HTTPS://WWW.FLIPKART.COM/BEAUTY-AND-GROOMING/BORNFEEL~BRAND/PR?SID=G9B
BOROSIL	BOROSIL	flipkart.com	HTTPS://WWW.FLIPKART.COM/KITCHEN-COOKWARE-SERVEWARE/BOROSIL~BRAND/PR?SID=UPP
BOVON	BOVON	flipkart.com	HTTPS://WWW.FLIPKART.COM/AUTOMOTIVE/BOVON~BRAND/PR?SID=0HX
BOWGER	BOWGER	flipkart.com	HTTPS://WWW.FLIPKART.COM/WATCHES/BOWGER~BRAND/PR?SID=R18
BRIGHTRON	BRIGHTRON	flipkart.com	HTTPS://WWW.FLIPKART.COM/MOBILE-ACCESSORIES/SCREEN-GUARDS/BRIGHTRON~BRAND/PR?SID=TYY,4MR,LRV
BUDDSBUDDY	BUDDSBUDDY	flipkart.com	HTTPS://WWW.FLIPKART.COM/BABY-CARE/BUDDSBUDDY~BRAND/PR?SID=KYH
BUFONA	BUFONA	flipkart.com	HTTPS://WWW.FLIPKART.COM/AUDIO-VIDEO/HEADPHONES/BUFONA~BRAND/PR?SID=0PM,FCN
BUFONA	BUFONA	flipkart.com	HTTPS://WWW.FLIPKART.COM/AUDIO-VIDEO/SPEAKERS/BUFONA~BRAND/PR?SID=0PM,0O7
BUFONA	BUFONA	flipkart.com	HTTPS://WWW.FLIPKART.COM/MUSICAL-INSTRUMENTS/BUFONA~BRAND/PR?SID=YPU
BUFONA	BUFONA	flipkart.com	HTTPS://WWW.FLIPKART.COM/COMPUTERS/BUFONA~BRAND/PR?SID=6BO
BUFONA	BUFONA	flipkart.com	HTTPS://WWW.FLIPKART.COM/AUDIO-VIDEO/BUFONA~BRAND/PR?SID=0PM
BULFYSS	BULFYSS	flipkart.com	HTTPS://WWW.FLIPKART.COM/BEAUTY-AND-PERSONAL-CARE/HEALTH-CARE/BULFYSS~BRAND/PR?SID=T06%2CNYL
BUSYEDITION	BUSY	flipkart.com	HTTPS://WWW.FLIPKART.COM/COMPUTERS/SOFTWARE/BUSY~BRAND/PR?SID=6BO,5HP
BXRJIEY	BXXY	flipkart.com	HTTPS://WWW.FLIPKART.COM/FOOTWEAR/BXXY~BRAND/PR?SID=OSP
BXUOE	BXXY	flipkart.com	HTTPS://WWW.FLIPKART.COM/FOOTWEAR/BXXY~BRAND/PR?SID=OSP
BXZZKQ	BXXY	flipkart.com	HTTPS://WWW.FLIPKART.COM/FOOTWEAR/BXXY~BRAND/PR?SID=OSP
CAMELIO	CAMELIO	flipkart.com	HTTPS://WWW.FLIPKART.COM/BAGS-WALLETS-BELTS/WALLETS-CLUTCHES/WALLETS/CAMELIO~BRAND/PR?SID=SEARCH.FLIPKART.COM,REH,CCA,H76
CARE4U	CARE4U	flipkart.com	HTTPS://WWW.FLIPKART.COM/HEALTH-PERSONAL-CARE-APPLIANCES/HEALTH-CARE/HEALTH-CARE-DEVICES/CARE4U~BRAND/PR?SID=ZLW,NYL,BVV
CAREFIT	CAREFIT	flipkart.com	HTTPS://WWW.FLIPKART.COM/HEALTH-PERSONAL-CARE-APPLIANCES/HEALTH-CARE/HEALTH-CARE-DEVICES/CAREFIT~BRAND/PR?SID=ZLW,NYL,BVV
CARTBAE	CARTBAE	flipkart.com	HTTPS://WWW.FLIPKART.COM/WEARABLE-SMART-DEVICES/CARTBAE~BRAND/PR?SID=AJY
CASACOPENHAGEN	CASACOPENHAGEN	flipkart.com	HTTPS://WWW.FLIPKART.COM/HOME-FURNISHING/CASA-COPENHAGEN~BRAND/PR?SID=JRA
CASAOFSTYLE	CASASTYLE	flipkart.com	HTTPS://WWW.FLIPKART.COM/FURNITURE/SOFAS/SOFAS-SECTIONALS/CASASTYLE~BRAND/PR?SID=WWE,C3Z,0MV&PAGE=2
CASAOFSTYLE	CASASTYLE	flipkart.com	HTTPS://WWW.FLIPKART.COM/FURNITURE/SOFAS/CASASTYLE~BRAND/PR?SID=WWE,C3Z
CASINOITE	CASINOITE	flipkart.com	HTTPS://WWW.FLIPKART.COM/TOYS/INDOOR-GAMES/CARD-GAMES/CASINOITE~BRAND/PR?SID=TNG,GFV,H1E
CERA	CERA	flipkart.com	HTTPS://WWW.FLIPKART.COM/BUILDING-MATERIALS-AND-SUPPLIES/BATHROOM-AND-KITCHEN-FITTINGS/CERA~BRAND/PR?SID=B8S,ECR
CGMOBILE	CGMOBILE	flipkart.com	HTTPS://WWW.FLIPKART.COM/CASES-COVERS/CG-MOBILE~BRAND/PR?SID=TYY,4MR,Q2U
CGMOBILE	CGMOBILE	flipkart.com	HTTPS://WWW.FLIPKART.COM/MOBILES-ACCESSORIES/CG-MOBILE~BRAND/PR?SID=TYY
CHAKAACHAK	CHAKAACHAK	flipkart.com	HTTPS://WWW.FLIPKART.COM/HOME-CLEANING-BATHROOM-ACCESSORIES/CLEANING-SUPPLIES/CHAKAACHAK~BRAND/PR?SID=RJA,Z2D
CHAPPIN	CHAPPINNELLSON	flipkart.com	HTTPS://WWW.FLIPKART.COM/WATCHES/CHAPPIN-NELLSON~BRAND/PR?SID=R18
CHATA	CHATA	flipkart.com	HTTPS://WWW.FLIPKART.COM/HOME-IMPROVEMENT/HOME-UTILITIES-AND-ORGANIZERS/UMBRELLAS/CHATA~BRAND/PR?SID=H1M,IEE,KJP
CHEFAST	CHEFAST	flipkart.com	HTTPS://WWW.FLIPKART.COM/ALL-CATEGORIES/FOOD-PRODUCTS/BAKING-INGREDIENTS-AND-ESSENTIAL-PRODUCTS/FOOD-ESSENCE/CHEFAST~BRAND/PR?SID=SEARCH.FLIPKART.COM,EAT,J70,9SB
CHGJ	CHGJ	flipkart.com	HTTPS://WWW.FLIPKART.COM/CAMERA-ACCESSORIES/BINOCULARS-OPTICS/CHGJ~BRAND/PR?SID=JEK,6L2,EPU
CHGJ	CHGJ	flipkart.com	HTTPS://WWW.FLIPKART.COM/CAMERA-ACCESSORIES/CHGJ~BRAND/PR?SID=JEK,6L2
CHIYARUL	CHIRAYU	flipkart.com	HTTPS://WWW.FLIPKART.COM/HEALTH-CARE/HOME-MEDICINES/CHILD-CARE/AYURVEDIC/CHIRAYU~BRAND/PR?SID=HLC,AH4,PTS,6SF&MARKETPLACE=FLIPKART&OTRACKER=PRODUCT_BREADCRUMBS_CHIRAYU+AYURVEDIC
CHJ	CHJ	flipkart.com	HTTPS://WWW.FLIPKART.COM/MOBILE-ACCESSORIES/CASES-AND-COVERS/PLAIN-CASES-COVERS/CHJ~BRAND/PR?SID=TYY,4MR,Q2U,AJG&MARKETPLACE=FLIPKART&OTRACKER=PRODUCT_BREADCRUMBS_CHJ+PLAIN+CASES+
CKL	CKL	flipkart.com	HTTPS://WWW.FLIPKART.COM/CLOTHING-AND-ACCESSORIES/CKL~BRAND/PR?SID=CLO
CLASOR	CLASORA	flipkart.com	HTTPS://WWW.FLIPKART.COM/BEAUTY-AND-PERSONAL-CARE/HEALTH-CARE/ELDERLY-CARE/CLASORA~BRAND/PR?SID=T06,NYL,OXB
CLOSEUP	CLOSEUP	flipkart.com	HTTPS://WWW.FLIPKART.COM/BEAUTY-AND-GROOMING/ORAL-CARE/TOOTHPASTE/CLOSEUP~BRAND/PR?SID=G9B,CEY,7YM
COLIN	COLIN	flipkart.com	HTTPS://WWW.FLIPKART.COM/HOME-CLEANING-BATHROOM-ACCESSORIES/HOUSEHOLD-SUPPLIES/GLASS-CLEANERS/COLIN~BRAND/PR?SID=RJA,PLV,MZC
COLO	COLO	flipkart.com	HTTPS://WWW.FLIPKART.COM/FOOTWEAR/COLO~BRAND/PR?SID=OSP
COLVUD	COVIDCOMFORT	flipkart.com	HTTPS://WWW.FLIPKART.COM/INDUSTRIAL-SCIENTIFIC-SUPPLIES/SAFETY-PRODUCTS/COVID-COMFORT~BRAND/PR?SID=GSX,BFK
COMFORTO	COMFORTO	flipkart.com	HTTPS://WWW.FLIPKART.COM/FURNITURE/MATTRESSES/BED-MATTRESS/COMFORTO~BRAND/PR?SID=WWE,RG9,6T1
COMFORTO	COMFORTO	flipkart.com	HTTPS://WWW.FLIPKART.COM/FURNITURE/MATTRESSES/COMFORTO~BRAND/PR?SID=WWE,RG9
COOCAA	COOCAA	flipkart.com	HTTPS://WWW.FLIPKART.COM/TELEVISIONS/COOCAA~BRAND/PR?SID=CKF,CZL
COOKSTYLE	COOKSTYLE	flipkart.com	HTTPS://WWW.FLIPKART.COM/KITCHEN-COOKWARE-SERVEWARE/COOKSTYLE~BRAND/PR?SID=UPP
COOLINKO	COOLINKO	flipkart.com	HTTPS://WWW.FLIPKART.COM/KIDS-ACCESSORIES/SCHOOL-SUPPLIES/WATER-BOTTLES/COOLINKO~BRAND/PR?SID=D69,THR,E1H&OTRACKER=CATEGORYTREE&PAGE=7&SORT=PRICE_ASC&START_URL=BROWSERLAUNCH_AMP
COOLPAD	COOLPAD	flipkart.com	HTTPS://WWW.FLIPKART.COM/MOBILES/COOLPAD~BRAND/PR?SID=TYY,4IO
COOLWIN	COOLWIN	flipkart.com	HTTPS://WWW.FLIPKART.COM/FANS/COOLWIN~BRAND/PR?SID=J9E%2CABM%2CLBZ
CPPLUS	CPPLUS	flipkart.com	HTTPS://WWW.FLIPKART.COM/AUTOMATION-ROBOTICS/SURVEILLANCE-DEVICES/SECURITY-CAMERAS/CP-PLUS~BRAND/PR?SID=IGC,J69,AGD
CRAFTINGMANIA	CRAFTINGMANIA	flipkart.com	HTTPS://WWW.FLIPKART.COM/TOYS/ART-AND-CRAFT/ART-CRAFT-KIT/CRAFTING-MANIA~BRAND/PR?SID=TNG,CG5,TZR
CRAFTOY	CRAFTOY	flipkart.com	HTTPS://WWW.FLIPKART.COM/TOYS/CRAFTOY~BRAND/PR?SID=TNG
CROWNLY	CROWNLY	flipkart.com	HTTPS://WWW.FLIPKART.COM/CLOTHING-AND-ACCESSORIES/CROWNLY~BRAND/PR?SID=CLO
CVB	CVB	flipkart.com	HTTPS://WWW.FLIPKART.COM/BEAUTY-AND-GROOMING/MAKEUP/LIPS/LIPSTICK/CVB~BRAND/PR?SID=G9B
CYRILL	CYRILL	flipkart.com	HTTPS://WWW.FLIPKART.COM/MOBILE-ACCESSORIES/CASES-AND-COVERS/CYRILL~BRAND/PR?SID=TYY,4MR,Q2U
DAERG	DAERGCHIMICA	flipkart.com	HTTPS://WWW.FLIPKART.COM/AUTOMOTIVE-ACCESSORIES/DAERG-CHIMICA~BRAND/PR?SID=1MT&OTRACKER=CATEGORYTREE&PAGE=4
DAWAN	DAWAN	flipkart.com	HTTPS://WWW.FLIPKART.COM/KITCHEN-COOKWARE-SERVEWARE/KITCHEN-STORAGE-CONTAINERS/CONDIMENT-SETS/DAWAN~BRAND/PR?SID=UPP,5IX,YMQ
DCME7	DCME7	flipkart.com	HTTPS://WWW.FLIPKART.COM/TOYS/ACTION-TOYS/ACTION-FIGURES/DCME7~BRAND/PR?SID=TNG,SV3,ZUM&OTRACKER=CATEGORYTREE
DCRAFT	DCRAFTSHOPPEE	flipkart.com	HTTPS://WWW.FLIPKART.COM/KITCHEN-COOKWARE-SERVEWARE/KITCHEN-TOOLS/DCRAFT-SHOPPEE~BRAND/PR?SID=UPP,LDF
DEALMUX	DEALMUX	flipkart.com	HTTPS://WWW.FLIPKART.COM/ALL-CATEGORIES/BEAUTY-AND-GROOMING/MAKEUP/DEALMUX~BRAND/PR?SID=SEARCH.FLIPKART.COM,G9B,FFI&PAGE=5
DEALS4YOU	DEALS4YOU	flipkart.com	HTTPS://WWW.FLIPKART.COM/FOOTWEAR/DEALS4YOU~BRAND/PR?SID=OSP
DECENYCB	DECENYCB	flipkart.com	HTTPS://WWW.FLIPKART.COM/TOYS/DECENY-CB~BRAND/PR?SID=TNG
DECOHOME	DECOHOME	flipkart.com	HTTPS://WWW.FLIPKART.COM/HOME-FURNISHING/DECOHOME~BRAND/PR?SID=JRA
DECORAZY	DECORAZY	flipkart.com	HTTPS://WWW.FLIPKART.COM/CLOTHING-AND-ACCESSORIES/DECORAZY~BRAND/PR?SID=CLO
DELIDGE	DELIDGE	flipkart.com	HTTPS://WWW.FLIPKART.COM/KITCHEN-COOKWARE-SERVEWARE/KITCHEN-TOOLS/DELIDGE~BRAND/PR?SID=UPP,LDF
DELIDGE	DELIDGE	flipkart.com	HTTPS://WWW.FLIPKART.COM/KITCHEN-COOKWARE-SERVEWARE/TABLEWARE-DINNERWARE/DELIDGE~BRAND/PR?SID=UPP,I7T
DELIYA	DELIYADELYON	flipkart.com	HTTPS://WWW.FLIPKART.COM/GROCERY/STAPLES/DRY-FRUITS-NUTS-SEEDS/DELIYA-DELYON~BRAND/PR?SID=73Z,BPE,DTP&PAGE=5&MARKETPLACE=GROCERY
DELIYA	DELIYADELYON	flipkart.com	HTTPS://WWW.FLIPKART.COM/BEAUTY-AND-GROOMING/DELIYA-DELYON~BRAND/PR?SID=G9B
DELIYA	DELIYADELYON	flipkart.com	HTTPS://WWW.FLIPKART.COM/GROCERY/PACKAGED-FOOD/CHOCOLATES-SWEETS/CANDY-GUMS/DELIYA-DELYON~BRAND/PR?SID=73Z,U0U,7O6,1LV&PAGE=9
DEVALOOKHAIREXTENSIONS	DEVALOOKHAIREXTENSIONS	flipkart.com	HTTPS://WWW.FLIPKART.COM/BEAUTY-AND-GROOMING/DEVALOOK-HAIR-EXTENSIONS~BRAND/PR?SID=G9B
DEVANZU	DEVANSHI	flipkart.com	HTTPS://WWW.FLIPKART.COM/BUILDING-MATERIALS-AND-SUPPLIES/WOODEN-SUPPLIES/DEVANSHI~BRAND/PR?SID=B8S,8LG&PAGE=7
DEVGROUP	DEVGROUPBLUPIER	flipkart.com	HTTPS://WWW.FLIPKART.COM/HOME-DECOR/DIYAS-CANDLES-HOLDERS/DEVGROUP-BLUPIER~BRAND/PR?SID=ARB,MVM
DEVGROUP	DEVGROUPBLUPIER	flipkart.com	HTTPS://WWW.FLIPKART.COM/HOME-DECOR/DEVGROUP-BLUPIER~BRAND/PR?SID=ARB
DEVIKKA	DEVIKA	flipkart.com	HTTPS://WWW.FLIPKART.COM/CLOTHING-AND-ACCESSORIES/DEVIKA~BRAND/PR?SID=CLO
DFGHN	DFGHN	flipkart.com	HTTPS://WWW.FLIPKART.COM/CLOTHING-AND-ACCESSORIES/DFGHN~BRAND/PR?SID=CLO
DHEER	DHEER	flipkart.com	HTTPS://WWW.FLIPKART.COM/TOYS/PARTY-SUPPLIES/DHEER~BRAND/PR?SID=MGL,KSC
DHRUVPRO	DHRUVPRO	flipkart.com	HTTPS://WWW.FLIPKART.COM/TOYS/HOBBY-KITS/DHRUV-PRO~BRAND/PR?SID=TNG,8K8
DHRUVPRO	DHRUVPRO	flipkart.com	HTTPS://WWW.FLIPKART.COM/ALL/GAMING/DHRUV-PRO~BRAND/PR?SID=ALL,4RR
DHRUVPRO	DHRUVPRO	flipkart.com	HTTPS://WWW.FLIPKART.COM/TOYS/DHRUV-PRO~BRAND/PR?SID=TNG
DHRUVPRO	DHRUVPRO	flipkart.com	HTTPS://WWW.FLIPKART.COM/HOME-KITCHEN/HOME-APPLIANCES/DHRUV-PRO~BRAND/PR?SID=J9E,ABM
DHRUVPRO	DHRUVPRO	flipkart.com	HTTPS://WWW.FLIPKART.COM/COMPUTERS/COMPUTER-COMPONENTS/POWER-SUPPLY-UNITS/DHRUV-PRO~BRAND/PR?SID=6BO,G0I,QBK
DHRUVPRO	DHRUVPRO	flipkart.com	HTTPS://WWW.FLIPKART.COM/COMPUTERS/COMPUTER-COMPONENTS/COOLERS/DHRUV-PRO~BRAND/PR?SID=6BO,G0I,XCM
DHUHUJ	DHUA	flipkart.com	HTTPS://WWW.FLIPKART.COM/HEALTH-CARE/HOME-MEDICINES/BODY-PAIN-RELIEF/DHUA~BRAND/PR?SID=HLC,AH4,XOS
DIFOUNA	DIFAN	flipkart.com	HTTPS://WWW.FLIPKART.COM/HOME-IMPROVEMENT/LAWN-AND-GARDENING/PLANTS-AND-PLANTERS/DIFAN~BRAND/PR?SID=H1M,UM7,SD1&PAGE=10
DIHA	DIHASTYLES	flipkart.com	HTTPS://WWW.FLIPKART.COM/FOOTWEAR/DIHA-STYLES~BRAND/PR?SID=OSP
DIKEWEN	DIKAWEN	flipkart.com	HTTPS://WWW.FLIPKART.COM/PENS-STATIONERY/PENS/DIKAWEN~BRAND/PR?SID=DGV,MQM
DIKEWEN	DIKAWEN	flipkart.com	HTTPS://WWW.FLIPKART.COM/PENS-STATIONERY/DIKAWEN~BRAND/PR?SID=DGV
DIKEWEN	DIKAWEN	flipkart.com	HTTPS://WWW.FLIPKART.COM/PENS-STATIONERY/COLLEGE-SUPPLIES/PENS-NOTEBOOKS/PENS/FOUNTAIN-PENS/DIKAWEN~BRAND/PR?SID=DGV,RXJ,AZX,7DD,2WQ
DIKHV	DIKHAWA	flipkart.com	HTTPS://WWW.FLIPKART.COM/CLOTHING-AND-ACCESSORIES/DIKHAWA~BRAND/PR?SID=CLO
DIWA	DIWA	flipkart.com	HTTPS://WWW.FLIPKART.COM/CLOTHING-AND-ACCESSORIES/DIWA~BRAND/PR?SID=CLO
DKMART	DKMART	flipkart.com	HTTPS://WWW.FLIPKART.COM/KITCHEN-COOKWARE-SERVEWARE/TABLEWARE-DINNERWARE/MUGS/DKMART~BRAND/PR?SID=UPP,I7T,MSI
DKMART	DKMART	flipkart.com	HTTPS://WWW.FLIPKART.COM/KITCHEN-COOKWARE-SERVEWARE/DKMART~BRAND/PR?SID=UPP
DNMDECOR	DNM	flipkart.com	HTTPS://WWW.FLIPKART.COM/HOME-LIGHTING/DECOR-LIGHTING-ACCESSORIES/DNM~BRAND/PR?SID=JHG,6W8&PAGE=3
DOHEER	DOHAR	flipkart.com	HTTPS://WWW.FLIPKART.COM/HOME-FURNISHING/BED-LINEN-BLANKETS/BLANKETS/DOHAR~BRAND/PR?SID=JRA,KNW,LLW
DOODA	DOODA	flipkart.com	HTTPS://WWW.FLIPKART.COM/PET-SUPPLIES/DOODA~BRAND/PR?SID=P3T
DOODA	DOODA	flipkart.com	HTTPS://WWW.FLIPKART.COM/PET-SUPPLIES/DOGS/DOG-COLLARS/DOODA~BRAND/PR?SID=P3T,EA3,B1N
DOUBLEHORSE	DOUBLEHORSE	flipkart.com	HTTPS://WWW.FLIPKART.COM/FOOD-PRODUCTS/DOUBLE-HORSE~BRAND/PR?SID=EAT
DPFASHION	DPFASHION	flipkart.com	HTTPS://WWW.FLIPKART.COM/CLOTHING-AND-ACCESSORIES/DP-FASHION~BRAND/PR?SID=CLO&PAGE=2
DRIDDLE	DRIDDLE	flipkart.com	HTTPS://WWW.FLIPKART.COM/BEAUTY-AND-GROOMING/DRIDDLE~BRAND/PR?SID=G9B
DRLIGHT	DRLIGHT	flipkart.com	HTTPS://WWW.FLIPKART.COM/HOME-LIGHTING/UTILITY-LIGHTING/EMERGENCY-LIGHTS/DR-LIGHT~BRAND/PR?SID=JHG,YQN,M6M
DSFG	DSFG	flipkart.com	HTTPS://WWW.FLIPKART.COM/HEALTH-PERSONAL-CARE-APPLIANCES/PERSONAL-CARE-APPLIANCES/EPILATORS/DSFG~BRAND/PR?SID=ZLW,79S,K32
DSMART	DSMART	flipkart.com	HTTPS://WWW.FLIPKART.COM/HEALTH-PERSONAL-CARE-APPLIANCES/PERSONAL-CARE-APPLIANCES/DSMART~BRAND/PR?SID=ZLW,79S
DTBG	DTBG	flipkart.com	HTTPS://WWW.FLIPKART.COM/BAGS-WALLETS-BELTS/BAGS-BACKPACKS/LAPTOP-BAGS/DTBG~BRAND/PR?SID=REH,4D7,X9I
DULI	DULI	flipkart.com	HTTPS://WWW.FLIPKART.COM/ALL-CATEGORIES/HOME-DECOR/DULI~BRAND/PR?SID=SEARCH.FLIPKART.COM,ARB
DUNGRIINDIACRAFT	DUNGRIINDIACRAFT	flipkart.com	HTTPS://WWW.FLIPKART.COM/HOME-IMPROVEMENT/HOME-UTILITIES-AND-ORGANIZERS/UMBRELLAS/DUNGRI-INDIA-CRAFT~BRAND/PR?SID=H1M,IEE,KJP&PAGE=1
DUPATTABAZAAR	DUPATTABAZAAR	flipkart.com	HTTPS://WWW.FLIPKART.COM/WOMENS-DUPATTAS/DUPATTA-BAZAAR~BRAND/PR?SID=CLO,QD8,T6B,PJY
DURFII	DURFI	flipkart.com	HTTPS://WWW.FLIPKART.COM/FURNITURE/MATTRESSES/BED-MATTRESS/DURFI~BRAND/PR?SID=WWE,RG9,6T1
DXN	DXN	flipkart.com	HTTPS://WWW.FLIPKART.COM/FOOD-PRODUCTS/DXN~BRAND/PR?SID=EAT
EASMA	EASMA	flipkart.com	HTTPS://WWW.FLIPKART.COM/TOYS/EDUCATIONAL-TOYS/ART-CRAFT-KITS/EASMA~BRAND/PR?SID=MGL,3WB
EASYFONE	EASYFONE	flipkart.com	HTTPS://WWW.FLIPKART.COM/MOBILES/EASYFONE~BRAND/PR?SID=TYY,4IO
ECOLAND	ECOLAND	flipkart.com	HTTPS://WWW.FLIPKART.COM/FOOTWEAR/ECOLAND~BRAND/PR?SID=OSP
ECOLUXDECOR	ECOLUXECO2	flipkart.com	HTTPS://WWW.FLIPKART.COM/HOME-LIGHTING/DECOR-LIGHTING-ACCESSORIES/CEILING-LAMPS/ECOLUX-ECO2~BRAND/PR?SID=JHG,6W8,RWS&PAGE=17
ECOMAHOLICS	ECOMAHOLICS	flipkart.com	HTTPS://WWW.FLIPKART.COM/COMPUTERS/ECOMAHOLICS~BRAND/PR?SID=6BO
ECOMAHOLICS	ECOMAHOLICS	flipkart.com	HTTPS://WWW.FLIPKART.COM/MOBILE-ACCESSORIES/MOBILE-HOLDERS/ECOMAHOLICS~BRAND/PR?SID=TYY,4MR,VNF
ECRAFTINDIA	ECRAFTINDIA	flipkart.com	HTTPS://WWW.FLIPKART.COM/HOME-DECOR/ECRAFTINDIA~BRAND/PR?SID=ARB
EINSTEINBOX	EINSTEINBOX	flipkart.com	HTTPS://WWW.FLIPKART.COM/TOYS/EINSTEIN-BOX~BRAND/PR?SID=TNG
ELEESPIRIT	ELEESPIRIT	flipkart.com	HTTPS://WWW.FLIPKART.COM/HOME-KITCHEN/HOME-APPLIANCES/ELE-ESPIRIT~BRAND/PR?SID=J9E%2CABM&MARKETPLACE=FLIPKART&OTRACKER=PRODUCT_BREADCRUMBS_ELE+ESPIRIT+HOME+APPLIANCES
ENTHRA	ENTHRACARE	flipkart.com	HTTPS://WWW.FLIPKART.COM/BRAS/ENTHRA-CARE~BRAND/PR?SID=CLO,QFL,V5V,KZG&MARKETPLACE=FLIPKART&OTRACKER=PRODUCT_BREADCRUMBS_ENTHRA+CARE+WOMEN%27S+BRAS
ENVY	ENVY	flipkart.com	HTTPS://WWW.FLIPKART.COM/BEAUTY-AND-GROOMING/FRAGRANCES/PERFUME/ENVY~BRAND/PR?SID=G9B,0YH,JHZ
ERLVERYDAMAIN	ERLVERYDAMAIN	flipkart.com	HTTPS://WWW.FLIPKART.COM/TOYS/ERLVERY-DAMAIN~BRAND/PR?SID=TNG
ESSENTIALLYGREENWOOD	GREENWOODESSENTIAL	flipkart.com	HTTPS://WWW.FLIPKART.COM/BEAUTY-AND-GROOMING/BATH-SHOWER/BATH-ESSENTIALS/BATH-ESSENTIAL-OIL/GREENWOOD-ESSENTIAL~BRAND/PR?SID=G9B,5NZ,B1B,DFS
ESTAND	ESTAND	flipkart.com	HTTPS://WWW.FLIPKART.COM/LAPTOP-ACCESSORIES/STANDS/ESTAND~BRAND/PR?SID=6BO,AI3,0RP
ESTAND	ESTAND	flipkart.com	HTTPS://WWW.FLIPKART.COM/COMPUTERS/ESTAND~BRAND/PR?SID=6BO
ESTAVUCCI	ESTAVITO	flipkart.com	HTTPS://WWW.FLIPKART.COM/BEAUTY-AND-GROOMING/BODY-FACE-SKIN-CARE/BODY-AND-FACE-CARE/ESTAVITO~BRAND/PR?SID=G9B,EMA,5LA
ESTAVUCCI	ESTAVITO	flipkart.com	HTTPS://WWW.FLIPKART.COM/BEAUTY-AND-GROOMING/BODY-FACE-SKIN-CARE/BODY-AND-FACE-CARE/HAIR-REMOVAL/ESTAVITO~BRAND/PR?SID=G9B%2CEMA%2C5LA%2CIC8
ESTGC	ESTGC	flipkart.com	HTTPS://WWW.FLIPKART.COM/WOMENS-KURTAS-KURTIS/ESTGC~BRAND/PR?SID=CLO,CFV,CIB,RKT
ESTGC	ESTGCKURTI	flipkart.com	HTTPS://WWW.FLIPKART.COM/WOMENS-ETHNIC-SETS/ESTGC-KURTI~BRAND/PR?SID=CLO,CFV,ITG,TYS&MARKETPLACE=FLIPKART&OTRACKER=PRODUCT_BREADCRUMBS_ESTGC+KURTI+WOMEN'S+ETHNIC+SETS
ETHNICFOREST	ETHNICFOREST	flipkart.com	HTTPS://WWW.FLIPKART.COM/CLOTHING-AND-ACCESSORIES/ETHNIC-FOREST~BRAND/PR?SID=CLO
EUME	EUME	flipkart.com	HTTPS://WWW.FLIPKART.COM/BAGS-WALLETS-BELTS/BAGS-BACKPACKS/EUME~BRAND/PR?SID=REH,4D7
EUONE	EUONE	flipkart.com	HTTPS://WWW.FLIPKART.COM/BEAUTY-AND-GROOMING/MAKEUP/MAKEUP-ACCESSORY/MAKEUP-BRUSH/EUONE~BRAND/PR?SID=G9B,FFI,SSF,GEM
EVERYOUTH	EVERYOUTH	flipkart.com	HTTPS://WWW.FLIPKART.COM/HEALTH-CARE/HEALTH-SUPPLEMENTS/EVERYOUTH~BRAND/PR?SID=HLC
EVERYOUTH	EVERYOUTH	flipkart.com	HTTPS://WWW.FLIPKART.COM/FOOD-PRODUCTS/FRUITS/EVERYOUTH~BRAND/PR?SID=EAT,W2Q
EVERYOUTH	EVERYOUTH	flipkart.com	HTTPS://WWW.FLIPKART.COM/FOOD-PRODUCTS/FOOD-COMBO/EVERYOUTH~BRAND/PR?SID=EAT
EVERYOUTH	EVERYOUTH	flipkart.com	HTTPS://WWW.FLIPKART.COM/FOOD-PRODUCTS/CONFECTIONERY-PRODUCTS/EVERYOUTH~BRAND/PR?SID=EAT
EWWE	EWWE	flipkart.com	HTTPS://WWW.FLIPKART.COM/WATCHES/EWWE~BRAND/PR?SID=R18
EWWE	EWWE	flipkart.com	HTTPS://WWW.FLIPKART.COM/WATCHES/WRIST-WATCHES/EWWE~BRAND/PR?SID=R18,F13
EXCLUSIVELANE	EXCLUSIVELANE	flipkart.com	HTTPS://WWW.FLIPKART.COM/HOME-DECOR/EXCLUSIVELANE~BRAND/PR?SID=ARB
FABPAD	FABPAD	flipkart.com	HTTPS://WWW.FLIPKART.COM/BEAUTY-AND-GROOMING/WOMENS-PERSONAL-HYGIENE/SANITARY-PAD/FABPAD~BRAND/PR?SID=G9B,IPH,JTH
FABURAA	FABURAA	flipkart.com	HTTPS://WWW.FLIPKART.COM/FURNITURE/TABLES/OFFICE-STUDY-TABLE/FABURAA~BRAND/PR?SID=WWE,KI7,L1T&MARKETPLACE=FLIPKART&OTRACKER=PRODUCT_BREADCRUMBS_FABURAA+OFFICE+STUDY+TABLE
FANZI	FANZI	flipkart.com	HTTPS://WWW.FLIPKART.COM/CLOTHING-AND-ACCESSORIES/FANZI~BRAND/PR?SID=CLO
FASHMADE	FASHMADE	flipkart.com	HTTPS://WWW.FLIPKART.COM/CLOTHING-AND-ACCESSORIES/CLOTHING-ACCESSORIES/CAPS/MENS-CAPS/FASHMADE~BRAND/PR?SID=CLO,QD8,Y9U,GY0
FDSWEETZJ	FDS	flipkart.com	HTTPS://WWW.FLIPKART.COM/CLOTHING-AND-ACCESSORIES/INNERWEAR-AND-SWIMWEAR/VESTS/FDS~BRAND/PR?SID=CLO,QFL,WP7
FEBIA	FEBIA	flipkart.com	HTTPS://WWW.FLIPKART.COM/CLOTHING/FEBIA~BRAND/PR?SID=2OQ
FEBIA	FEBIA	flipkart.com	HTTPS://WWW.FLIPKART.COM/CLOTHING-AND-ACCESSORIES/FEBIA~BRAND/PR?SID=CLO
FEBIA	FEBIA	flipkart.com	HTTPS://WWW.FLIPKART.COM/WOMENS-KURTAS-KURTIS/FEBIA~BRAND/PR?SID=CLO,CFV,CIB,RKT
FEENM	FEENM	flipkart.com	HTTPS://WWW.FLIPKART.COM/KIDS-ACCESSORIES/SCHOOL-SUPPLIES/EXAMINATION-PADS/FEENM~BRAND/PR?SID=D69,THR,A34&PAGE=14&SORT=POPULARITY&START_URL=BROWSERLAUNCH_AMP
FEENM	FEENM	flipkart.com	HTTPS://WWW.FLIPKART.COM/KIDS-ACCESSORIES/SCHOOL-SUPPLIES/FEENM~BRAND/PR?SID=D69,THR
FGHF	FGHF	flipkart.com	HTTPS://WWW.FLIPKART.COM/HEALTH-PERSONAL-CARE-APPLIANCES/PERSONAL-CARE-APPLIANCES/TRIMMERS/FGHF~BRAND/PR?SID=ZLW,79S,BY3&MARKETPLACE=FLIPKART&OTRACKER=PRODUCT_BREADCRUMBS_FGHF+TRIMMERS
FIAMA	FIAMA	flipkart.com	HTTPS://WWW.FLIPKART.COM/BEAUTY-AND-GROOMING/BATH-SHOWER/BATH-ESSENTIALS/BATH-SOAP/FIAMA~BRAND/PR?SID=G9B,5NZ,B1B,YUG
FIRSTLIKE	FIRSTLIKE	flipkart.com	HTTPS://WWW.FLIPKART.COM/HOME-LIGHTING/UTILITY-LIGHTING/TORCHES/FIRSTLIKE~BRAND/PR?SID=ALL%2CJHG%2CYQN%2CDB9
FITEVER	FITEVER	flipkart.com	HTTPS://WWW.FLIPKART.COM/EXERCISE-FITNESS/FITNESS-ACCESSORIES/FITEVER~BRAND/PR?SID=QOC,ACB
FITGURU	FITGURU	flipkart.com	HTTPS://WWW.FLIPKART.COM/EXERCISE-FITNESS/FITGURU~BRAND/PR?SID=QOC&PAGE=1
FITNESSDYNAMO	DYNAMO	flipkart.com	HTTPS://WWW.FLIPKART.COM/EXERCISE-FITNESS/FITNESS-EQUIPMENT/DYNAMO~BRAND/PR?SID=QOC,AMF
FITPLUS	FITPLUS	flipkart.com	HTTPS://WWW.FLIPKART.COM/EXERCISE-FITNESS/FITNESS-EQUIPMENT/FITPLUS~BRAND/PR?SID=QOC,AMF
FITSHOT	FITSHOT	flipkart.com	HTTPS://WWW.FLIPKART.COM/WEARABLE-SMART-DEVICES/SMART-WATCHES/FITSHOT~BRAND/PR?SID=AJY,BUH
FITX	FITX	flipkart.com	HTTPS://WWW.FLIPKART.COM/EXERCISE-FITNESS/FITNESS-EQUIPMENT/FITX~BRAND/PR?SID=QOC,AMF
FITYEKY	FITY	flipkart.com	HTTPS://WWW.FLIPKART.COM/CLOTHING-AND-ACCESSORIES/FITY~BRAND/PR?SID=CLO
FITZEN	FITZEN	flipkart.com	HTTPS://WWW.FLIPKART.COM/EXERCISE-FITNESS/FITNESS-ACCESSORIES/SUPPORTS/FITZEN~BRAND/PR?SID=QOC,ACB,AA3
FIXWELL	FIXWELL	flipkart.com	HTTPS://WWW.FLIPKART.COM/KITCHEN-COOKWARE-SERVEWARE/KNIVES-CHOPPERS-CUTTERS/KITCHEN-KNIVES/FIXWELL~BRAND/PR?SID=UPP,NWV,OTQ
FKL	FKL	flipkart.com	HTTPS://WWW.FLIPKART.COM/AUTOMOTIVE-ACCESSORIES/FKL~BRAND/PR?SID=1MT
FLYMART	FLYMART	flipkart.com	HTTPS://WWW.FLIPKART.COM/TOYS/FLYMART~BRAND/PR?SID=TNG
FNINE	FNINE	flipkart.com	HTTPS://WWW.FLIPKART.COM/WATCHES/FNINE~BRAND/PR?SID=R18
FODATTM	FODAT	flipkart.com	HTTPS://WWW.FLIPKART.COM/BEAUTY-AND-GROOMING/HAIR-CARE-AND-ACCESSORY/HAIR-ACCESSORY/FODATTM~BRAND/PR?SID=G9B,LCF,BJL
FOOTFOX	FOOTFOX	flipkart.com	HTTPS://WWW.FLIPKART.COM/MENS-FOOTWEAR/FOOTFOX~BRAND/PR?SID=OSP,CIL
FOOTFOX	FOOTFOX	flipkart.com	HTTPS://WWW.FLIPKART.COM/ALL/FOOTWEAR/FOOTFOX~BRAND/PR?SID=ALL,OSP
FOOTFUL	FOOTFUL	flipkart.com	HTTPS://WWW.FLIPKART.COM/FOOTWEAR/FOOTFUL~BRAND/PR?SID=OSP&MARKETPLACE=FLIPKART&OTRACKER=PRODUCT_BREADCRUMBS_FOOTFUL+FOOTWEAR
FORCA	FORCA	flipkart.com	HTTPS://WWW.FLIPKART.COM/FOOTWEAR/FORCA~BRAND/PR?SID=OSP
FORCA	FORCA	flipkart.com	HTTPS://WWW.FLIPKART.COM/CLOTHING-AND-ACCESSORIES/FORCA~BRAND/PR?SID=CLO
FOREAST	FOREAST	flipkart.com	HTTPS://WWW.FLIPKART.COM/TOYS/SOFT-TOYS/FOREAST~BRAND/PR?SID=TNG,CLB
FOROLY	FOROLY	flipkart.com	HTTPS://WWW.FLIPKART.COM/EXERCISE-FITNESS/FITNESS-ACCESSORIES/FOROLY~BRAND/PR?SID=QOC,ACB
FOROLY	FOROLY	flipkart.com	HTTPS://WWW.FLIPKART.COM/BAGS-WALLETS-BELTS/LUGGAGE-TRAVEL/FOROLY~BRAND/PR?SID=REH%2CPLK
FOROLY	FOROLY	flipkart.com	HTTPS://WWW.FLIPKART.COM/HOME-CLEANING-BATHROOM-ACCESSORIES/FOROLY~BRAND/PR?SID=RJA
FOROLY	FOROLY	flipkart.com	HTTPS://WWW.FLIPKART.COM/HOME-CLEANING-BATHROOM-ACCESSORIES/CLEANING-SUPPLIES/FOROLY~BRAND/PR?SID=RJA,Z2D
FOXINK	FOXINK	flipkart.com	HTTPS://WWW.FLIPKART.COM/CLOTHING-AND-ACCESSORIES/FOXINK~BRAND/PR?SID=CLO
FRESHNUP	FRESHUP	flipkart.com	HTTPS://WWW.FLIPKART.COM/FURNITURE/MATTRESSES/BED-MATTRESS/FRESH-UP~BRAND/PR?SID=WWE,RG9,6T1
FROSKEY	FROSKIE	flipkart.com	HTTPS://WWW.FLIPKART.COM/FOOTWEAR/FROSKIE~BRAND/PR?SID=OSP
FROSKEY	FROSKIE	flipkart.com	HTTPS://WWW.FLIPKART.COM/MENS-FOOTWEAR/FROSKIE~BRAND/PR?SID=OSP,CIL
FUAIOKT	FUAARK	flipkart.com	HTTPS://WWW.FLIPKART.COM/CLOTHING-AND-ACCESSORIES/FUAARK~BRAND/PR?SID=CLO
FUKE	FUKE	flipkart.com	HTTPS://WWW.FLIPKART.COM/EXERCISE-FITNESS/FITNESS-EQUIPMENT/FUKE~BRAND/PR?SID=QOC,AMF&PAGE=3
FUN2PLAYTOYS	FUN2PLAY	flipkart.com	HTTPS://WWW.FLIPKART.COM/TOYS/SOFT-TOYS/FUN2PLAY~BRAND/PR?SID=TNG,CLB&OTRACKER=CATEGORYTREE
FUN2PLAYTOYS	FUN2PLAY	flipkart.com	HTTPS://WWW.FLIPKART.COM/TOYS/FUN2PLAY~BRAND/PR?SID=TNG
FUNBLAST	FUNBLAST	flipkart.com	HTTPS://WWW.FLIPKART.COM/TOYS/FUNBLAST~BRAND/PR?SID=TNG
FUNMOMAMZ	FUNMAZA	flipkart.com	HTTPS://WWW.FLIPKART.COM/TOYS/INDOOR-GAMES/CARD-GAMES/FUNMAZA~BRAND/PR?SID=TNG,GFV,H1E&MARKETPLACE=FLIPKART&OTRACKER=PRODUCT_BREADCRUMBS_FUNMAZA+CARD+GAMES&P%5B%5D=FACETS.RATING%5B%5D%3D4%E2%98%85+%26+ABOVE&DROPPEDD2%5B%5D=2A7FF24D-B40C-4997-97B0-474F41E02F6B,7ABFC946-017D-4523-987C-5C423EDBFD0E,CFA06E7E-7329-4F65-A950-EB6F1618CDD4,4DFCD3E1-5F93-4D6C-9F84-E9B198355AA1
FUNZONE	FUNZONE	flipkart.com	HTTPS://WWW.FLIPKART.COM/TOYS/INDOOR-GAMES/BOARD-GAMES/FUNZONE~BRAND/PR?SID=TNG,GFV,ISV&MARKETPLACE=FLIPKART&OTRACKER=PRODUCT_BREADCRUMBS_FUNZONE+BOARD+GAMES&DROPPEDD2%5B%5D=7ABFC946-017D-4523-987C-5C423EDBFD0E,E5F19ADA-2454-48F2-A4D0-ED19E54B9092,3B934E9D-5261-44C7-B6A1-9F97BCFF6554,4DFCD3E1-5F93-4D6C-9F84-E9B198355AA1
FURNIZONE	FURNIZONE	flipkart.com	HTTPS://WWW.FLIPKART.COM/FURNITURE/SOFAS/SOFA-SETS/FURNIZONE~BRAND/PR?SID=WWE,C3Z,R0C&PAGE=2
FUROLD	FURO	flipkart.com	HTTPS://WWW.FLIPKART.COM/FOOTWEAR/FURO~BRAND/PR?SID=OSP
GALASALA	GALA	flipkart.com	HTTPS://WWW.FLIPKART.COM/HOME-CLEANING-BATHROOM-ACCESSORIES/CLEANING-SUPPLIES/GALA~BRAND/PR?SID=RJA,Z2D
GAOCHENG	GAOCHENG	flipkart.com	HTTPS://WWW.FLIPKART.COM/HOME-IMPROVEMENT/TOOLS-AND-MEASURING-EQUIPMENT/POWER-TOOLS/GAOCHENG~BRAND/PR?SID=ALL,H1M,HWW,SLM
GAPPET	GAPPU	flipkart.com	HTTPS://WWW.FLIPKART.COM/MUSICAL-INSTRUMENTS/DRUMS-PERCUSSION/CAJONS/GAPPU~BRAND/PR?SID=YPU,TTD,4PF
GDHJ	GDHJ	flipkart.com	HTTPS://WWW.FLIPKART.COM/SPORTS/SWIMMING/GDHJ~BRAND/PR?SID=ABC,BYQ
GEECO	GEECO	flipkart.com	HTTPS://WWW.FLIPKART.COM/BUILDING-MATERIALS-AND-SUPPLIES/ELECTRICAL-HARDWARE/PUMPS/GEECO~BRAND/PR?SID=B8S%2CPRQ%2CNZW
GENESEA	GENESEA	flipkart.com	HTTPS://WWW.FLIPKART.COM/GROCERY/HOUSEHOLD-CARE/REPELLANTS-FRESHENERS/AIR-FRESHENERS/GENESEA~BRAND/PR?SID=73Z,CWL,QZ9,N7Z&PAGE=6&MARKETPLACE=GROCERY
GENIUSBOXPLAYSOMELEARNING	GENIUSBOX	flipkart.com	HTTPS://WWW.FLIPKART.COM/TOYS/LEARNING-AND-EDUCATIONAL-TOYS/GENIUS-BOX~BRAND/PR?SID=TNG,LL1
GEOKRAFT	GEOKRAFT	flipkart.com	HTTPS://WWW.FLIPKART.COM/PENS-STATIONERY/COLLEGE-SUPPLIES/GLOBES/GEOKRAFT~BRAND/PR?SID=DGV,RXJ,HK2
GFDG	GFDG	flipkart.com	HTTPS://WWW.FLIPKART.COM/BUILDING-MATERIALS-AND-SUPPLIES/ELECTRICAL-HARDWARE/GFDG~BRAND/PR?SID=B8S,PRQ
GGDC3PACBOX	DCGPAC	flipkart.com	HTTPS://WWW.FLIPKART.COM/INDUSTRIAL-SCIENTIFIC-SUPPLIES/PACKAGING-SHIPPING-PRODUCTS/CORRUGATED-BOXES/DCGPAC~BRAND/PR?SID=GSX,BAD,CSQ
GGDE	GGDE	flipkart.com	HTTPS://WWW.FLIPKART.COM/TOYS/PARTY-SUPPLIES/BALLOONS-DECORATION/BALLOONS/GGDE~BRAND/PR?SID=MGL,KSC,GCV,OAM&MARKETPLACE=FLIPKART&OTRACKER=PRODUCT_BREADCRUMBS_GGDE BALLOONS
GHIRARDELLI	GHIRARDELLI	flipkart.com	HTTPS://WWW.FLIPKART.COM/FOOD-PRODUCTS/CHOCOLATES/GHIRARDELLI~BRAND/PR?SID=EAT,0PT
GHYDRO	HYDRO	flipkart.com	HTTPS://WWW.FLIPKART.COM/HOME-IMPROVEMENT/HYDRO~BRAND/PR?SID=H1M
GHYT	GHYT	flipkart.com	HTTPS://WWW.FLIPKART.COM/HEALTH-PERSONAL-CARE-APPLIANCES/PERSONAL-CARE-APPLIANCES/TRIMMERS/GHYT~BRAND/PR?SID=ZLW,79S,BY3
GHYT	GHYT	flipkart.com	HTTPS://WWW.FLIPKART.COM/HEALTH-PERSONAL-CARE-APPLIANCES/PERSONAL-CARE-APPLIANCES/GHYT~BRAND/PR?SID=ZLW,79S
GIBELLE	GIBELLE	flipkart.com	HTTPS://WWW.FLIPKART.COM/FOOTWEAR/GIBELLE~BRAND/PR?SID=OSP
GINOYA	GINOYABROTHERS	flipkart.com	HTTPS://WWW.FLIPKART.COM/KITCHEN-COOKWARE-SERVEWARE/TABLEWARE-DINNERWARE/GINOYA-BROTHERS~BRAND/PR?SID=UPP,I7T
GITS	GITS	flipkart.com	HTTPS://WWW.FLIPKART.COM/FOOD-PRODUCTS/GITS~BRAND/PR?SID=EAT
GIVALUE	GIVA	flipkart.com	HTTPS://WWW.FLIPKART.COM/JEWELLERY/GIVA~BRAND/PR?SID=MCR
GIVISION	GIVSON	flipkart.com	HTTPS://WWW.FLIPKART.COM/MUSICAL-INSTRUMENTS/STRING-INSTRUMENTS/ACOUSTIC-GUITARS/GIVSON~BRAND/PR?SID=YPU,UJD,7WZ
GKI	GKI	flipkart.com	HTTPS://WWW.FLIPKART.COM/SPORTS/TABLE-TENNIS/TABLE-TENNIS-RACQUETS/GKI~BRAND/PR?SID=ABC,D8A,FY5
GKK	GKK	flipkart.com	HTTPS://WWW.FLIPKART.COM/HOME-IMPROVEMENT/HOME-UTILITIES-AND-ORGANIZERS/APPLIANCES-FILTERS-AND-CARTRIDGES/GKK~BRAND/PR?SID=H1M,IEE,KJM&PAGE=4
GKK	GKK	flipkart.com	HTTPS://WWW.FLIPKART.COM/HOME-IMPROVEMENT/HOME-UTILITIES-AND-ORGANIZERS/APPLIANCES-FILTERS-AND-CARTRIDGES/WATER-FILTER-CARTRIDGES/GKK~BRAND/PR?SID=H1M,IEE,KJM,JT3&PAGE=25
GKKUSA	GKK	flipkart.com	HTTPS://WWW.FLIPKART.COM/HOME-IMPROVEMENT/HOME-UTILITIES-AND-ORGANIZERS/APPLIANCES-FILTERS-AND-CARTRIDGES/GKK~BRAND/PR?SID=H1M,IEE,KJM&PAGE=4
GLAGLY	GLAGLY	flipkart.com	HTTPS://WWW.FLIPKART.COM/INDUSTRIAL-SCIENTIFIC-SUPPLIES/SAFETY-PRODUCTS/SAFETY-GLASSES/GLAGLY~BRAND/PR?SID=GSX,BFK,51Q&MARKETPLACE=FLIPKART&OTRACKER=PRODUCT_BREADCRUMBS_GLAGLY+SAFETY+GLASSES
GLOBESHUB	GLOBEHUBHUB	flipkart.com	HTTPS://WWW.FLIPKART.COM/PENS-STATIONERY/COLLEGE-SUPPLIES/GLOBES/GLOBEHUB-HUB~BRAND/PR?SID=DGV,RXJ,HK2
GLOWIVA	GLOVIVA	flipkart.com	HTTPS://WWW.FLIPKART.COM/BEAUTY-AND-GROOMING/BODY-FACE-SKIN-CARE/BODY-AND-FACE-CARE/GLOVIVA~BRAND/PR?SID=G9B,EMA,5LA
GODESI	GODESI	flipkart.com	HTTPS://WWW.FLIPKART.COM/FOOD-PRODUCTS/GO-DESI~BRAND/PR?SID=EAT
GODREJ	GODREJINTERIO	flipkart.com	HTTPS://WWW.FLIPKART.COM/FURNITURE/GODREJ-INTERIO~BRAND/PR?SID=WWE
GOFRIEND	GOFRIEND	flipkart.com	HTTPS://WWW.FLIPKART.COM/TOYS/GOFRIEND~BRAND/PR?SID=ALL,MGL
GOGOLAN	GOGOLAN	flipkart.com	HTTPS://WWW.FLIPKART.COM/HOME-IMPROVEMENT/HOME-UTILITIES-AND-ORGANIZERS/GOGOLAN~BRAND/PR?SID=H1M,IEE
GOHIYANDA	GODIVA	flipkart.com	HTTPS://WWW.FLIPKART.COM/FOOD-PRODUCTS/CHOCOLATES/GODIVA~BRAND/PR?SID=EAT,0PT
GOSGAGA	GOOGOGAAGA	flipkart.com	HTTPS://WWW.FLIPKART.COM/CLOTHING-AND-ACCESSORIES/GOOGOGAAGA~BRAND/PR?SID=CLO
GOWORTH	GOWORTH	flipkart.com	HTTPS://WWW.FLIPKART.COM/BEAUTY-AND-GROOMING/MAKEUP/GOWORTH~BRAND/PR?SID=G9B,FFI&PAGE=10
GREECO	GREECO	flipkart.com	HTTPS://WWW.FLIPKART.COM/HOME-LIGHTING/DECOR-LIGHTING-ACCESSORIES/CEILING-LAMPS/GREECO~BRAND/PR?PAGE=36&SID=JHG,6W8,RWS
GREENWOODESSENTIAL	GREENWOODESSENTIAL	flipkart.com	HTTPS://WWW.FLIPKART.COM/BEAUTY-AND-GROOMING/BATH-SHOWER/BATH-ESSENTIALS/BATH-ESSENTIAL-OIL/GREENWOOD-ESSENTIAL~BRAND/PR?SID=G9B,5NZ,B1B,DFS
GSFAB	GSFAB	flipkart.com	HTTPS://WWW.FLIPKART.COM/WOMENS-CLOTHING/GSFAB~BRAND/PR?SID=2OQ%2CC1R
GSFAB	GSFAB	flipkart.com	HTTPS://WWW.FLIPKART.COM/CLOTHING/GSFAB~BRAND/PR?SID=2OQ
GUOYU	GUOYU	flipkart.com	HTTPS://WWW.FLIPKART.COM/WATCHES/GUOYU~BRAND/PR?SID=R18
HAIANSUPPORT	HANOI	flipkart.com	HTTPS://WWW.FLIPKART.COM/EXERCISE-FITNESS/FITNESS-ACCESSORIES/SUPPORTS/HANOI~BRAND/PR?SID=QOC,ACB,AA3
HANMEI	HANMEI	flipkart.com	HTTPS://WWW.FLIPKART.COM/BEAUTY-AND-GROOMING/MAKEUP/MAKEUP-ACCESSORY/HANMEI~BRAND/PR?SID=G9B,FFI,SSF
HANQ	HANQ	flipkart.com	HTTPS://WWW.FLIPKART.COM/COMPUTERS/HANQ~BRAND/PR?SID=6BO
HAPPIPIZZA	HAPPI	flipkart.com	HTTPS://WWW.FLIPKART.COM/KITCHEN-COOKWARE-SERVEWARE/KNIVES-CHOPPERS-CUTTERS/PIZZA-CUTTERS/HAPPI~BRAND/PR?SID=UPP,NWV,DXA
HAPPYWILL	HAPPYWILL	flipkart.com	HTTPS://WWW.FLIPKART.COM/BEAUTY-AND-GROOMING/HAPPYWILL~BRAND/PR?SID=G9B
HAROLDELECTRICALS	HAROLDELECTRICALS	flipkart.com	HTTPS://WWW.FLIPKART.COM/HOME-LIGHTING/HAROLD-ELECTRICALS~BRAND/PR?SID=JHG
HASTHIP	HASTHIP	flipkart.com	HTTPS://WWW.FLIPKART.COM/HOME-DECOR/PAINTINGS-POSTERS/PAINTINGS/HASTHIP~BRAND/PR?SID=ARB,BGA,MMF
HASTHIP	HASTHIP	flipkart.com	HTTPS://WWW.FLIPKART.COM/HOME-IMPROVEMENT/HOME-UTILITIES-AND-ORGANIZERS/HASTHIP~BRAND/PR?SID=H1M,IEE
HASTHIP	HASTHIP	flipkart.com	HTTPS://WWW.FLIPKART.COM/BEAUTY-AND-GROOMING/HASTHIP~BRAND/PR?SID=G9B
HAWKEYESURVEILLANCE	HAWKEYE	flipkart.com	HTTPS://WWW.FLIPKART.COM/AUTOMATION-ROBOTICS/SURVEILLANCE-DEVICES/SECURITY-CAMERAS/HAWKEYE~BRAND/PR?SID=IGC,J69,AGD
HAWKINS	HAWKINS	flipkart.com	HTTPS://WWW.FLIPKART.COM/KITCHEN-COOKWARE-SERVEWARE/HAWKINS~BRAND/PR?SID=UPP
HAYUYUXO	HAYYO	flipkart.com	HTTPS://WWW.FLIPKART.COM/COMPUTERS/HAYYO~BRAND/PR?SID=6BO
HCHANA	HCHANA	flipkart.com	HTTPS://WWW.FLIPKART.COM/BEAUTY-AND-GROOMING/BODY-FACE-SKIN-CARE/BODY-AND-FACE-CARE/HCHANA~BRAND/PR?SID=G9B,EMA,5LA
HDJKJ	HDHDJ	flipkart.com	HTTPS://WWW.FLIPKART.COM/KIDS-ACCESSORIES/SCHOOL-SUPPLIES/SCHOOL-BAGS/HDHDJ~BRAND/PR?SID=D69,THR,WSP&OTRACKER=CATEGORYTREE
HEALTHGENIE	HEALTHGENIE	flipkart.com	HTTPS://WWW.FLIPKART.COM/HEALTH-PERSONAL-CARE-APPLIANCES/HEALTH-CARE/HEALTH-CARE-DEVICES/HEALTHGENIE~BRAND/PR?SID=ZLW,NYL,BVV
HEALTHGENIE	HEALTHGENIE	flipkart.com	HTTPS://WWW.FLIPKART.COM/HEALTH-PERSONAL-CARE-APPLIANCES/HEALTH-CARE/WEIGHING-SCALES/HEALTHGENIE~BRAND/PR?SID=ZLW,NYL,O4O
HEGIENESDECORS	HEGIENESDECORS	flipkart.com	HTTPS://WWW.FLIPKART.COM/FESTIVE-DECOR-GIFTING/FESTIVE-DECOR/TORAN/HEGIENES-DECORS~BRAND/PR?SID=BRO%2CTEZ%2CHPT
HEGZA	HEGZA	flipkart.com	HTTPS://WWW.FLIPKART.COM/WOMENS-ETHNIC-SETS/HEGZA~BRAND/PR?SID=CLO,CFV,ITG,TYS&MARKETPLACE=FLIPKART&OTRACKER=PRODUCT_BREADCRUMBS_HEGZA+WOMEN%27S+ETHNIC+SETS
HEMEIYU	HEMUYOU	flipkart.com	HTTPS://WWW.FLIPKART.COM/HOME-IMPROVEMENT/HOME-UTILITIES-AND-ORGANIZERS/UMBRELLAS/HEMUYOU~BRAND/PR?SID=H1M,IEE,KJP&OTRACKER=CATEGORYTREE&PAGE=24
