30SECONDSCLEANERS	30SECONDSCLEANER	lowes.com	HTTPS://WWW.LOWES.COM/B/30-SECONDS-CLEANER
3M	3M	lowes.com	HTTPS://WWW.LOWES.COM/B/3M
ACSMITH	AOSMITH	lowes.com	HTTPS://WWW.LOWES.COM/B/AO-SMITH
ACUITYBRANDSLIGHTINGLITHONIA	LITHONIALIGHTING	lowes.com	HTTPS://WWW.LOWES.COM/B/LITHONIA-LIGHTING
ACUITYLITHONIA	LITHONIALIGHTING	lowes.com	HTTPS://WWW.LOWES.COM/B/LITHONIA-LIGHTING
ACUITYLITHONIALIGHTING	LITHONIALIGHTING	lowes.com	HTTPS://WWW.LOWES.COM/B/LITHONIA-LIGHTING
ALENROTH	ALLENANDROTH	lowes.com	HTTPS://WWW.LOWES.COM/B/ALLEN-AND-ROTH
ALERTSAFETYPRODUCTS	FIRSTALERT	lowes.com	HTTPS://WWW.LOWES.COM/B/FIRST-ALERT
ALKENROTH	ALLENANDROTH	lowes.com	HTTPS://WWW.LOWES.COM/B/ALLEN-AND-ROTH
ALLANANDROTH	ALLENANDROTH	lowes.com	HTTPS://WWW.LOWES.COM/B/ALLEN-AND-ROTH
ALLANANROTH	ALLENANDROTH	lowes.com	HTTPS://WWW.LOWES.COM/B/ALLEN-AND-ROTH
ALLANROTH	ALLENANDROTH	lowes.com	HTTPS://WWW.LOWES.COM/B/ALLEN-AND-ROTH
ALLEN4ROTH	ALLENANDROTH	lowes.com	HTTPS://WWW.LOWES.COM/B/ALLEN-AND-ROTH
ALLENANDROTH	ALLENANDROTH	lowes.com	HTTPS://WWW.LOWES.COM/B/ALLEN-AND-ROTH
ALLENANROTH	ALLENANDROTH	lowes.com	HTTPS://WWW.LOWES.COM/B/ALLEN-AND-ROTH
ALLENPLUSROTH	ALLENANDROTH	lowes.com	HTTPS://WWW.LOWES.COM/B/ALLEN-AND-ROTH
ALLENROT	ALLENANDROTH	lowes.com	HTTPS://WWW.LOWES.COM/B/ALLEN-AND-ROTH
ALLENROTH	ALLENANDROTH	lowes.com	HTTPS://WWW.LOWES.COM/B/ALLEN-AND-ROTH
ALLENROTH1INCORDLESSWHITEVIN	ALLENANDROTH	lowes.com	HTTPS://WWW.LOWES.COM/B/ALLEN-AND-ROTH
ALLENROTH20INVALDOSTADARKOIL	ALLENANDROTH	lowes.com	HTTPS://WWW.LOWES.COM/B/ALLEN-AND-ROTH
ALLENROTH84LONYXEMILIABACKT	ALLENANDROTH	lowes.com	HTTPS://WWW.LOWES.COM/B/ALLEN-AND-ROTH
ALLENROTHANDEATON	ALLENANDROTH	lowes.com	HTTPS://WWW.LOWES.COM/B/ALLEN-AND-ROTH
ALLENROTHCASTINE2375INHRUBB	ALLENANDROTH	lowes.com	HTTPS://WWW.LOWES.COM/B/ALLEN-AND-ROTH
ALLENROTHER	ALLENANDROTH	lowes.com	HTTPS://WWW.LOWES.COM/B/ALLEN-AND-ROTH
ALLENROTHGATTON	ALLENANDROTH	lowes.com	HTTPS://WWW.LOWES.COM/B/ALLEN-AND-ROTH
ALLENROTHHOLIDAYLIVING	ALLENANDROTH	lowes.com	HTTPS://WWW.LOWES.COM/B/ALLEN-AND-ROTH
ALLENROTHHOLIDAYLIVINGGEMMY	ALLENANDROTH	lowes.com	HTTPS://WWW.LOWES.COM/B/ALLEN-AND-ROTH
ALLENROTHKINSLEY	ALLENANDROTH	lowes.com	HTTPS://WWW.LOWES.COM/B/ALLEN-AND-ROTH
ALLENROTHKWIKSETSTYLESELECTION	ALLENANDROTH	lowes.com	HTTPS://WWW.LOWES.COM/B/ALLEN-AND-ROTH
ALLENROTHLEVOLOR	ALLENANDROTH	lowes.com	HTTPS://WWW.LOWES.COM/B/ALLEN-AND-ROTH
ALLENROTHLEVOLORANDPROJECTS	ALLENANDROTH	lowes.com	HTTPS://WWW.LOWES.COM/B/ALLEN-AND-ROTH
ALLENROTHLEVOLORANDPROJECTSO	ALLENANDROTH	lowes.com	HTTPS://WWW.LOWES.COM/B/ALLEN-AND-ROTH
ALLENROTHLEVOLORPROJECTSOURC	ALLENANDROTH	lowes.com	HTTPS://WWW.LOWES.COM/B/ALLEN-AND-ROTH
ALLENROTHPORTFOLIO	ALLENANDROTH	lowes.com	HTTPS://WWW.LOWES.COM/B/ALLEN-AND-ROTH
ALLENROTHPROJECTSOURCE	ALLENANDROTH	lowes.com	HTTPS://WWW.LOWES.COM/B/ALLEN-AND-ROTH
ALLENROTHPROJECTSOURCEGOODEAR	ALLENANDROTH	lowes.com	HTTPS://WWW.LOWES.COM/B/ALLEN-AND-ROTH
ALLENROTHPROJECTSOURCELEVOLO	ALLENANDROTH	lowes.com	HTTPS://WWW.LOWES.COM/B/ALLEN-AND-ROTH
ALLENROTHSIMPLEHUMAN	ALLENANDROTH	lowes.com	HTTPS://WWW.LOWES.COM/B/ALLEN-AND-ROTH
ALLENROTHSTYLESELECTIONSLIVING	ALLENANDROTH	lowes.com	HTTPS://WWW.LOWES.COM/B/ALLEN-AND-ROTH
ALLENROTHWAVERLYSTYLESELECTION	ALLENANDROTH	lowes.com	HTTPS://WWW.LOWES.COM/B/ALLEN-AND-ROTH
ALLLENROTH	ALLENANDROTH	lowes.com	HTTPS://WWW.LOWES.COM/B/ALLEN-AND-ROTH
ALTMANPLANTS	ALANPLANTS	lowes.com	HTTPS://WWW.LOWES.COM/B/ALTMAN-PLANTS
AMANA	AMANAAPPLIANCES	lowes.com	HTTPS://WWW.LOWES.COM/B/AMANA-APPLIANCES
AMANACORPORATION	AMANAAPPLIANCES	lowes.com	HTTPS://WWW.LOWES.COM/B/AMANA-APPLIANCES
AMEICANSTANDARD	AMERICANSTANDARD	lowes.com	HTTPS://WWW.LOWES.COM/B/AMERICAN-STANDARD
AMERICAMSTANDARD	AMERICANSTANDARD	lowes.com	HTTPS://WWW.LOWES.COM/B/AMERICAN-STANDARD
AMERICANOLEAN	AMERICANOLEAN	lowes.com	HTTPS://WWW.LOWES.COM/B/AMERICANOLEAN
AMERICANSDANDARD	AMERICANSTANDARD	lowes.com	HTTPS://WWW.LOWES.COM/B/AMERICAN-STANDARD
AMERICANSRANDARD	AMERICANSTANDARD	lowes.com	HTTPS://WWW.LOWES.COM/B/AMERICAN-STANDARD
AMERICANSTABDARD	AMERICANSTANDARD	lowes.com	HTTPS://WWW.LOWES.COM/B/AMERICAN-STANDARD
AMERICANSTANDARD	AMERICANSTANDARD	lowes.com	HTTPS://WWW.LOWES.COM/B/AMERICAN-STANDARD
AMERICANSTANDARD2034314020CHAMPI	AMERICANSTANDARD	lowes.com	HTTPS://WWW.LOWES.COM/B/AMERICAN-STANDARD
AMERICANSTANDARD3701001020YORKV	AMERICANSTANDARD	lowes.com	HTTPS://WWW.LOWES.COM/B/AMERICAN-STANDARD
AMERICANSTANDARDAMERICANSTANDARD	AMERICANSTANDARD	lowes.com	HTTPS://WWW.LOWES.COM/B/AMERICAN-STANDARD
AMERICANSTANDARDANDCHURCH	AMERICANSTANDARD	lowes.com	HTTPS://WWW.LOWES.COM/B/AMERICAN-STANDARD
AMERICANSTANDARDOO	AMERICANSTANDARD	lowes.com	HTTPS://WWW.LOWES.COM/B/AMERICAN-STANDARD
AMERICANSTANDARDPLUMBING	AMERICANSTANDARD	lowes.com	HTTPS://WWW.LOWES.COM/B/AMERICAN-STANDARD
AMERICANSTANDARDPROJECTSOURCE	AMERICANSTANDARD	lowes.com	HTTPS://WWW.LOWES.COM/B/AMERICAN-STANDARD
AMERICANSTANDARND	AMERICANSTANDARD	lowes.com	HTTPS://WWW.LOWES.COM/B/AMERICAN-STANDARD
AMERICANSTANDART	AMERICANSTANDARD	lowes.com	HTTPS://WWW.LOWES.COM/B/AMERICAN-STANDARD
AMERICASTANDARD	AMERICANSTANDARD	lowes.com	HTTPS://WWW.LOWES.COM/B/AMERICAN-STANDARD
AMEROCK	AMEROCK	lowes.com	HTTPS://WWW.LOWES.COM/B/AMEROCK
AMEROCKAMEROCK	AMEROCK	lowes.com	HTTPS://WWW.LOWES.COM/B/AMEROCK
AMEROCKAMEROCKAMEROCK	AMEROCK	lowes.com	HTTPS://WWW.LOWES.COM/B/AMEROCK
AMEROCKCORP	AMEROCK	lowes.com	HTTPS://WWW.LOWES.COM/B/AMEROCK
AMMONLOWEN	AMANAAPPLIANCES	lowes.com	HTTPS://WWW.LOWES.COM/B/AMANA-APPLIANCES
AOSMITH	AOSMITH	lowes.com	HTTPS://WWW.LOWES.COM/B/AO-SMITH
AOSMITHWHOLEHOUSEREPLACEMENTFIL	AOSMITH	lowes.com	HTTPS://WWW.LOWES.COM/B/AO-SMITH
ARIEN	ARIENS	lowes.com	HTTPS://WWW.LOWES.COM/B/ARIENS
ARIENS	ARIENS	lowes.com	HTTPS://WWW.LOWES.COM/B/ARIENS
ARIENSCOMPANY	ARIENS	lowes.com	HTTPS://WWW.LOWES.COM/B/ARIENS
ARIZONASHOWERDOOR	ARIZONASHOWERDOOR	lowes.com	HTTPS://WWW.LOWES.COM/B/ARIZONA-SHOWER-DOOR
ARROWPONYJORGENSEN	PONYJORGENSEN	lowes.com	HTTPS://WWW.LOWES.COM/B/PONY-JORGENSEN
ARROWSTORAGE	ARROW	lowes.com	HTTPS://WWW.LOWES.COM/B/ARROW
ARROWSTORAGEPRODUCTIONS	ARROW	lowes.com	HTTPS://WWW.LOWES.COM/B/ARROW
ARROWSTORAGEPRODUCTS	ARROW	lowes.com	HTTPS://WWW.LOWES.COM/B/ARROW
BACKYARDDISCOVERY	BACKYARDDISCOVERY	lowes.com	HTTPS://WWW.LOWES.COM/B/BACKYARD-DISCOVERY
BALDOUFCLOCKCOMPANY	BALDWIN	lowes.com	HTTPS://WWW.LOWES.COM/B/BALDWIN
BALDWIN	BALDWIN	lowes.com	HTTPS://WWW.LOWES.COM/B/BALDWIN
BALDWINHARDWARE	BALDWIN	lowes.com	HTTPS://WWW.LOWES.COM/B/BALDWIN
BALDWINPRESTIGESERIES	BALDWIN	lowes.com	HTTPS://WWW.LOWES.COM/B/BALDWIN
BALIBLINDS	BALI	lowes.com	HTTPS://WWW.LOWES.COM/B/BALI
BALIWINDOWSOLUTIONS	BALI	lowes.com	HTTPS://WWW.LOWES.COM/B/BALI
BESPOKE	SAMSUNGBESPOKE	lowes.com	HTTPS://WWW.LOWES.COM/B/SAMSUNG-BESPOKE
BETTERBUILTGOODEARTHUTILITECH	UTILITECH	lowes.com	HTTPS://WWW.LOWES.COM/B/UTILITECH
BIOADVANCED	BIOADVANCED	lowes.com	HTTPS://WWW.LOWES.COM/B/BIOADVANCED
BONIEE	BONNIE	lowes.com	HTTPS://WWW.LOWES.COM/B/BONNIE
BONNI	BONNIE	lowes.com	HTTPS://WWW.LOWES.COM/B/BONNIE
BONNIEPLANTS	BONNIE	lowes.com	HTTPS://WWW.LOWES.COM/B/BONNIE
BOSCH	BOSCHAPPLIANCES	lowes.com	HTTPS://WWW.LOWES.COM/B/BOSCH-APPLIANCES
BOSCHPOWERTOOLS	BOSCHTOOLS	lowes.com	HTTPS://WWW.LOWES.COM/B/BOSCH-TOOLS
BOSCHS	BOSCHAPPLIANCES	lowes.com	HTTPS://WWW.LOWES.COM/B/BOSCH-APPLIANCES
BOSCHYOU	BOSCHAPPLIANCES	lowes.com	HTTPS://WWW.LOWES.COM/B/BOSCH-APPLIANCES
BOSCHYOU	BOSCHTOOLS	lowes.com	HTTPS://WWW.LOWES.COM/B/BOSCH-TOOLS
BOSH	BOSCHAPPLIANCES	lowes.com	HTTPS://WWW.LOWES.COM/B/BOSCH-APPLIANCES
BOSHCHEN	BOSCHAPPLIANCES	lowes.com	HTTPS://WWW.LOWES.COM/B/BOSCH-APPLIANCES
BRAINERDARCHITECTURAL114KNOB1	BRAINERDCABINETANDWALLDECORATIVEHOMEHARDWARE	lowes.com	HTTPS://WWW.LOWES.COM/B/BRAINERD-CABINET-AND-WALL-DECORATIVE-HOME-HARDWARE
BRAINERDARCHITECTURALPULLS	BRAINERDCABINETANDWALLDECORATIVEHOMEHARDWARE	lowes.com	HTTPS://WWW.LOWES.COM/B/BRAINERD-CABINET-AND-WALL-DECORATIVE-HOME-HARDWARE
BRAINERDHARDWARE	BRAINERDCABINETANDWALLDECORATIVEHOMEHARDWARE	lowes.com	HTTPS://WWW.LOWES.COM/B/BRAINERD-CABINET-AND-WALL-DECORATIVE-HOME-HARDWARE
BRUCE	BRUCE	lowes.com	HTTPS://WWW.LOWES.COM/B/BRUCE
BRUCEFLOORING	BRUCE	lowes.com	HTTPS://WWW.LOWES.COM/B/BRUCE
BRUCEHARDWOODFLOORS	BRUCE	lowes.com	HTTPS://WWW.LOWES.COM/B/BRUCE
CABOT	CABOTSTAINSEALER	lowes.com	HTTPS://WWW.LOWES.COM/B/CABOT-STAIN-SEALER
CABOTSTAIN	CABOTSTAINSEALER	lowes.com	HTTPS://WWW.LOWES.COM/B/CABOT-STAIN-SEALER
CAFEAPPLIANCES	CAFEAPPLIANCES	lowes.com	HTTPS://WWW.LOWES.COM/B/CAFE-APPLIANCES
CAFECOLLECTION	CAFEAPPLIANCES	lowes.com	HTTPS://WWW.LOWES.COM/B/CAFE-APPLIANCES
CAIAMERICANSTANDARD	AMERICANSTANDARD	lowes.com	HTTPS://WWW.LOWES.COM/B/AMERICAN-STANDARD
CALIBAMBOO	CALIFLOORING	lowes.com	HTTPS://WWW.LOWES.COM/B/CALIFLOORING
CARAFTSMAN	CRAFTSMAN	lowes.com	HTTPS://WWW.LOWES.COM/B/CRAFTSMAN
CHAMBERLAIN	CHAMBERLAIN	lowes.com	HTTPS://WWW.LOWES.COM/B/CHAMBERLAIN
CHAMBERLAINCONSUMER	CHAMBERLAIN	lowes.com	HTTPS://WWW.LOWES.COM/B/CHAMBERLAIN
CHANBERLAIN	CHAMBERLAIN	lowes.com	HTTPS://WWW.LOWES.COM/B/CHAMBERLAIN
CHARBOIL	CHARBROIL	lowes.com	HTTPS://WWW.LOWES.COM/B/CHAR-BROIL
CHARBROIL	CHARBROIL	lowes.com	HTTPS://WWW.LOWES.COM/B/CHAR-BROIL
CHARBROILSTANDARDPORTABLELIQUID	CHARBROIL	lowes.com	HTTPS://WWW.LOWES.COM/B/CHAR-BROIL
CHARBROILSTORE	CHARBROIL	lowes.com	HTTPS://WWW.LOWES.COM/B/CHAR-BROIL
CLOROXPOOL	CLOROXPOOLSPA	lowes.com	HTTPS://WWW.LOWES.COM/B/CLOROX-POOL-SPA
CLOROXPOOLSPA	CLOROXPOOLSPA	lowes.com	HTTPS://WWW.LOWES.COM/B/CLOROX-POOL-SPA
CLOSERMAID	CLOSEAID	lowes.com	HTTPS://WWW.LOWES.COM/B/CLOSETMAID
CLOSESTMAID	CLOSEAID	lowes.com	HTTPS://WWW.LOWES.COM/B/CLOSETMAID
CLOSETMADE	CLOSEAID	lowes.com	HTTPS://WWW.LOWES.COM/B/CLOSETMAID
CLOSETMAID	CLOSEAID	lowes.com	HTTPS://WWW.LOWES.COM/B/CLOSETMAID
CLOSETMAID1315RECTANGULARWOODCOF	CLOSEAID	lowes.com	HTTPS://WWW.LOWES.COM/B/CLOSETMAID
CLOSETMAID5786CUBEICALSFABRICDRA	CLOSEAID	lowes.com	HTTPS://WWW.LOWES.COM/B/CLOSETMAID
CLOSETMAIDCORPDIVOFEMERSON	CLOSEAID	lowes.com	HTTPS://WWW.LOWES.COM/B/CLOSETMAID
CLOSETMAIDSTORE	CLOSEAID	lowes.com	HTTPS://WWW.LOWES.COM/B/CLOSETMAID
COASTALSHOWERDOORS	COASTALSHOWERDOORS	lowes.com	HTTPS://WWW.LOWES.COM/B/COASTAL-SHOWER-DOORS
COLORPLACEGLIDDENKRYLONMINWAX	KRYLON	lowes.com	HTTPS://WWW.LOWES.COM/B/KRYLON
COLORPLACEKILZGLIDDEN	KILZ	lowes.com	HTTPS://WWW.LOWES.COM/B/KILZ
COLORPLACEKRYLON	KRYLON	lowes.com	HTTPS://WWW.LOWES.COM/B/KRYLON
COLORPLACEMINWAX	MINWAX	lowes.com	HTTPS://WWW.LOWES.COM/B/MINWAX
COMLLOW	CLOSEAID	lowes.com	HTTPS://WWW.LOWES.COM/B/CLOSETMAID
COMMERCIALELECTRICLITHONIALIGHTI	LITHONIALIGHTING	lowes.com	HTTPS://WWW.LOWES.COM/B/LITHONIA-LIGHTING
COMPOSITECRAFTSMAN	CRAFTSMAN	lowes.com	HTTPS://WWW.LOWES.COM/B/CRAFTSMAN
CRAFFTSMAN	CRAFTSMAN	lowes.com	HTTPS://WWW.LOWES.COM/B/CRAFTSMAN
CRAFSMAN	CRAFTSMAN	lowes.com	HTTPS://WWW.LOWES.COM/B/CRAFTSMAN
CRAFSTMAN	CRAFTSMAN	lowes.com	HTTPS://WWW.LOWES.COM/B/CRAFTSMAN
CRAFTMAIN	CRAFTSMAN	lowes.com	HTTPS://WWW.LOWES.COM/B/CRAFTSMAN
CRAFTMAN	CRAFTSMAN	lowes.com	HTTPS://WWW.LOWES.COM/B/CRAFTSMAN
CRAFTMANS	CRAFTSMAN	lowes.com	HTTPS://WWW.LOWES.COM/B/CRAFTSMAN
CRAFTSMA	CRAFTSMAN	lowes.com	HTTPS://WWW.LOWES.COM/B/CRAFTSMAN
CRAFTSMAN	CRAFTSMAN	lowes.com	HTTPS://WWW.LOWES.COM/B/CRAFTSMAN
CRAFTSMAN1759412GALLON6PEAKHP	CRAFTSMAN	lowes.com	HTTPS://WWW.LOWES.COM/B/CRAFTSMAN
CRAFTSMANBRAND	CRAFTSMAN	lowes.com	HTTPS://WWW.LOWES.COM/B/CRAFTSMAN
CRAFTSMANENERGIZERCOAST	CRAFTSMAN	lowes.com	HTTPS://WWW.LOWES.COM/B/CRAFTSMAN
CRAFTSMANN	CRAFTSMAN	lowes.com	HTTPS://WWW.LOWES.COM/B/CRAFTSMAN
CRAFTSMANPOULANMCCULLOCHFLYMOWEE	CRAFTSMAN	lowes.com	HTTPS://WWW.LOWES.COM/B/CRAFTSMAN
CRAFTSMANPRODUCT1	CRAFTSMAN	lowes.com	HTTPS://WWW.LOWES.COM/B/CRAFTSMAN
CRAFTSMANPROFESSIONAL	CRAFTSMAN	lowes.com	HTTPS://WWW.LOWES.COM/B/CRAFTSMAN
CRAFTSMANROAD	CRAFTSMAN	lowes.com	HTTPS://WWW.LOWES.COM/B/CRAFTSMAN
CRAFTSMANS	CRAFTSMAN	lowes.com	HTTPS://WWW.LOWES.COM/B/CRAFTSMAN
CRAFTSMANSPIRIT	CRAFTSMAN	lowes.com	HTTPS://WWW.LOWES.COM/B/CRAFTSMAN
CRAFTSMEN	CRAFTSMAN	lowes.com	HTTPS://WWW.LOWES.COM/B/CRAFTSMAN
CRAFTZMAN	CRAFTSMAN	lowes.com	HTTPS://WWW.LOWES.COM/B/CRAFTSMAN
CRESCENT	CRESCENT	lowes.com	HTTPS://WWW.LOWES.COM/B/CRESCENT
CRESCENTFLOW	CRESCENT	lowes.com	HTTPS://WWW.LOWES.COM/B/CRESCENT
CRESENT	CRESCENT	lowes.com	HTTPS://WWW.LOWES.COM/B/CRESCENT
CRESSENT	CRESCENT	lowes.com	HTTPS://WWW.LOWES.COM/B/CRESCENT
DAP	DAP	lowes.com	HTTPS://WWW.LOWES.COM/B/DAP
DAPFLA	DAP	lowes.com	HTTPS://WWW.LOWES.COM/B/DAP
DAPINCORPORATED	DAP	lowes.com	HTTPS://WWW.LOWES.COM/B/DAP
DAPING	DAP	lowes.com	HTTPS://WWW.LOWES.COM/B/DAP
DAPPRODUCTS	DAP	lowes.com	HTTPS://WWW.LOWES.COM/B/DAP
DECKLORY	DECKORATORS	lowes.com	HTTPS://WWW.LOWES.COM/B/DECKORATORS
DECKMORE	DECKORATORS	lowes.com	HTTPS://WWW.LOWES.COM/B/DECKORATORS
DECKORATOR	DECKORATORS	lowes.com	HTTPS://WWW.LOWES.COM/B/DECKORATORS
DECKORATORS	DECKORATORS	lowes.com	HTTPS://WWW.LOWES.COM/B/DECKORATORS
DECKORTORS	DECKORATORS	lowes.com	HTTPS://WWW.LOWES.COM/B/DECKORATORS
DECKPLUS	DECKPLUS	lowes.com	HTTPS://WWW.LOWES.COM/B/DECK-PLUS
DEKORATORS	DECKORATORS	lowes.com	HTTPS://WWW.LOWES.COM/B/DECKORATORS
DEKORMASTER	DECKORATORS	lowes.com	HTTPS://WWW.LOWES.COM/B/DECKORATORS
DELTA126639ALEXANDRIABATHHARDWA	DELTA	lowes.com	HTTPS://WWW.LOWES.COM/B/DELTA
DELTAALLENROTHSTYLESELECTIONS	ALLENANDROTH	lowes.com	HTTPS://WWW.LOWES.COM/B/ALLEN-AND-ROTH
DELTAFAUCET	DELTA	lowes.com	HTTPS://WWW.LOWES.COM/B/DELTA
DELTAFAUCET79646BNWINDEMERETOWE	DELTA	lowes.com	HTTPS://WWW.LOWES.COM/B/DELTA
DELTAFAUCETCO	DELTA	lowes.com	HTTPS://WWW.LOWES.COM/B/DELTA
DELTAFAUCETCOMPANY	DELTA	lowes.com	HTTPS://WWW.LOWES.COM/B/DELTA
DELTAFAUCETCOQ	DELTA	lowes.com	HTTPS://WWW.LOWES.COM/B/DELTA
DELTAFAUCETS	DELTA	lowes.com	HTTPS://WWW.LOWES.COM/B/DELTA
DELYWH	DEWALT	lowes.com	HTTPS://WWW.LOWES.COM/B/DEWALT
DEWAKATT	DEWALT	lowes.com	HTTPS://WWW.LOWES.COM/B/DEWALT
DEWAL	DEWALT	lowes.com	HTTPS://WWW.LOWES.COM/B/DEWALT
DEWALTBETTERBUILTLUXPROSMART	DEWALT	lowes.com	HTTPS://WWW.LOWES.COM/B/DEWALT
DEWALTDWHT754972PCDIPGRIPADJU	DEWALT	lowes.com	HTTPS://WWW.LOWES.COM/B/DEWALT
DEWALTHDX	DEWALT	lowes.com	HTTPS://WWW.LOWES.COM/B/DEWALT
DEWALTORIGINAL	DEWALT	lowes.com	HTTPS://WWW.LOWES.COM/B/DEWALT
DEWALTPOWERTOOLS	DEWALT	lowes.com	HTTPS://WWW.LOWES.COM/B/DEWALT
DEWALTSTORE	DEWALT	lowes.com	HTTPS://WWW.LOWES.COM/B/DEWALT
DEWALTTOOLS	DEWALT	lowes.com	HTTPS://WWW.LOWES.COM/B/DEWALT
DEWAULT	DEWALT	lowes.com	HTTPS://WWW.LOWES.COM/B/DEWALT
DEWLT	DEWALT	lowes.com	HTTPS://WWW.LOWES.COM/B/DEWALT
DEWWELL	DEWALT	lowes.com	HTTPS://WWW.LOWES.COM/B/DEWALT
DRANISON	DRANO	lowes.com	HTTPS://WWW.LOWES.COM/B/DRANO
DRANO	DRANO	lowes.com	HTTPS://WWW.LOWES.COM/B/DRANO
DREAMLINE	DREAMLINE	lowes.com	HTTPS://WWW.LOWES.COM/B/DREAMLINE
DREAMLINEPRODUCTS	DREAMLINE	lowes.com	HTTPS://WWW.LOWES.COM/B/DREAMLINE
DREMBUILDERTOY	DREMELTOOLS	lowes.com	HTTPS://WWW.LOWES.COM/B/DREMEL-TOOLS
DREMEL	DREMELTOOLS	lowes.com	HTTPS://WWW.LOWES.COM/B/DREMEL-TOOLS
DREMEL2900102AMP7200STROKEP	DREMELTOOLS	lowes.com	HTTPS://WWW.LOWES.COM/B/DREMEL-TOOLS
DREMELDREMEL	DREMELTOOLS	lowes.com	HTTPS://WWW.LOWES.COM/B/DREMEL-TOOLS
DREMELMFGCO	DREMELTOOLS	lowes.com	HTTPS://WWW.LOWES.COM/B/DREMEL-TOOLS
DREMMA	DREMELTOOLS	lowes.com	HTTPS://WWW.LOWES.COM/B/DREMEL-TOOLS
DREMTOY	DREMELTOOLS	lowes.com	HTTPS://WWW.LOWES.COM/B/DREMEL-TOOLS
DREMZLY	DREMELTOOLS	lowes.com	HTTPS://WWW.LOWES.COM/B/DREMEL-TOOLS
DRIMILER	DREMELTOOLS	lowes.com	HTTPS://WWW.LOWES.COM/B/DREMEL-TOOLS
DRME	DREMELTOOLS	lowes.com	HTTPS://WWW.LOWES.COM/B/DREMEL-TOOLS
DUPONTCONSTRUCTION	DUPONT	lowes.com	HTTPS://WWW.LOWES.COM/B/DUPONT
EATON	EATON	lowes.com	HTTPS://WWW.LOWES.COM/B/EATON
ECOLABRUBBERMAID	RUBBERMAID	lowes.com	HTTPS://WWW.LOWES.COM/B/RUBBERMAID
EGO	EGO	lowes.com	HTTPS://WWW.LOWES.COM/B/EGO
EGOO	EGO	lowes.com	HTTPS://WWW.LOWES.COM/B/EGO
ENERGIZERBATTERY	ENERGIZER	lowes.com	HTTPS://WWW.LOWES.COM/B/ENERGIZER
EUTTON49	EATON	lowes.com	HTTPS://WWW.LOWES.COM/B/EATON
FIGIDARE	FRIGIDAIREAPPLIANCES	lowes.com	HTTPS://WWW.LOWES.COM/B/FRIGIDAIRE-APPLIANCES
FIIGDAIRE	FRIGIDAIREAPPLIANCES	lowes.com	HTTPS://WWW.LOWES.COM/B/FRIGIDAIRE-APPLIANCES
FILTERETE	FILTRETE	lowes.com	HTTPS://WWW.LOWES.COM/B/FILTRETE
FILTRATE	FILTRETE	lowes.com	HTTPS://WWW.LOWES.COM/B/FILTRETE
FILTRETE	FILTRETE	lowes.com	HTTPS://WWW.LOWES.COM/B/FILTRETE
FILTRETE1	FILTRETE	lowes.com	HTTPS://WWW.LOWES.COM/B/FILTRETE
FIRGIDAIRE	FRIGIDAIREAPPLIANCES	lowes.com	HTTPS://WWW.LOWES.COM/B/FRIGIDAIRE-APPLIANCES
FIRSTALERT	FIRSTALERT	lowes.com	HTTPS://WWW.LOWES.COM/B/FIRST-ALERT
FIRSTALERTBRK9120BHARDWIREDSMOK	FIRSTALERT	lowes.com	HTTPS://WWW.LOWES.COM/B/FIRST-ALERT
FISKAR	FISKARS	lowes.com	HTTPS://WWW.LOWES.COM/B/FISKARS
FISKARS	FISKARS	lowes.com	HTTPS://WWW.LOWES.COM/B/FISKARS
FISKARS3850911002CLEARINGTOOLGA	FISKARS	lowes.com	HTTPS://WWW.LOWES.COM/B/FISKARS
FISKARS634INTITANIUMANVILRAT	FISKARS	lowes.com	HTTPS://WWW.LOWES.COM/B/FISKARS
FISKARS9223FORGEDGRASSSHEARSDI	FISKARS	lowes.com	HTTPS://WWW.LOWES.COM/B/FISKARS
FISKARSANDHUSKY	FISKARS	lowes.com	HTTPS://WWW.LOWES.COM/B/FISKARS
FISKARSBRANDS	FISKARS	lowes.com	HTTPS://WWW.LOWES.COM/B/FISKARS
FISKARSGARDEN	FISKARS	lowes.com	HTTPS://WWW.LOWES.COM/B/FISKARS
FISKARSINCORPORATED	FISKARS	lowes.com	HTTPS://WWW.LOWES.COM/B/FISKARS
FISKAS	FISKARS	lowes.com	HTTPS://WWW.LOWES.COM/B/FISKARS
FITIDARE	FRIGIDAIREAPPLIANCES	lowes.com	HTTPS://WWW.LOWES.COM/B/FRIGIDAIRE-APPLIANCES
FIXALAWN	FISKARS	lowes.com	HTTPS://WWW.LOWES.COM/B/FISKARS
FLEXSEAL	FLEXSEAL	lowes.com	HTTPS://WWW.LOWES.COM/B/FLEXSEAL
FLTRETE	FILTRETE	lowes.com	HTTPS://WWW.LOWES.COM/B/FILTRETE
FRASERFARM	FRASERHILLFARM	lowes.com	HTTPS://WWW.LOWES.COM/B/FRASER-HILL-FARM
FRASERFARMHILL	FRASERHILLFARM	lowes.com	HTTPS://WWW.LOWES.COM/B/FRASER-HILL-FARM
FRASERHILL	FRASERHILLFARM	lowes.com	HTTPS://WWW.LOWES.COM/B/FRASER-HILL-FARM
FRASERHILLFARM	FRASERHILLFARM	lowes.com	HTTPS://WWW.LOWES.COM/B/FRASER-HILL-FARM
FRASIERHILL	FRASERHILLFARM	lowes.com	HTTPS://WWW.LOWES.COM/B/FRASER-HILL-FARM
FREONIC	FREONIC	lowes.com	HTTPS://WWW.LOWES.COM/B/FREONIC
FRIDAIRE	FRIGIDAIREAPPLIANCES	lowes.com	HTTPS://WWW.LOWES.COM/B/FRIGIDAIRE-APPLIANCES
FRIDGEAIRE	FRIGIDAIREAPPLIANCES	lowes.com	HTTPS://WWW.LOWES.COM/B/FRIGIDAIRE-APPLIANCES
FRIDGEDAIRE	FRIGIDAIREAPPLIANCES	lowes.com	HTTPS://WWW.LOWES.COM/B/FRIGIDAIRE-APPLIANCES
FRIDGIAIE	FRIGIDAIREAPPLIANCES	lowes.com	HTTPS://WWW.LOWES.COM/B/FRIGIDAIRE-APPLIANCES
FRIDGIAIRE	FRIGIDAIREAPPLIANCES	lowes.com	HTTPS://WWW.LOWES.COM/B/FRIGIDAIRE-APPLIANCES
FRIDGIDAIRE	FRIGIDAIREAPPLIANCES	lowes.com	HTTPS://WWW.LOWES.COM/B/FRIGIDAIRE-APPLIANCES
FRIDGIDARE	FRIGIDAIREAPPLIANCES	lowes.com	HTTPS://WWW.LOWES.COM/B/FRIGIDAIRE-APPLIANCES
FRIDIAIRE	FRIGIDAIREAPPLIANCES	lowes.com	HTTPS://WWW.LOWES.COM/B/FRIGIDAIRE-APPLIANCES
FRIDIDAIRE	FRIGIDAIREAPPLIANCES	lowes.com	HTTPS://WWW.LOWES.COM/B/FRIGIDAIRE-APPLIANCES
FRIGIADAIRE	FRIGIDAIREAPPLIANCES	lowes.com	HTTPS://WWW.LOWES.COM/B/FRIGIDAIRE-APPLIANCES
FRIGIAIRE	FRIGIDAIREAPPLIANCES	lowes.com	HTTPS://WWW.LOWES.COM/B/FRIGIDAIRE-APPLIANCES
FRIGIDAIER	FRIGIDAIREAPPLIANCES	lowes.com	HTTPS://WWW.LOWES.COM/B/FRIGIDAIRE-APPLIANCES
FRIGIDAIR	FRIGIDAIREAPPLIANCES	lowes.com	HTTPS://WWW.LOWES.COM/B/FRIGIDAIRE-APPLIANCES
FRIGIDAIRE	FRIGIDAIREAPPLIANCES	lowes.com	HTTPS://WWW.LOWES.COM/B/FRIGIDAIRE-APPLIANCES
FRIGIDAIRECOMPANY	FRIGIDAIREAPPLIANCES	lowes.com	HTTPS://WWW.LOWES.COM/B/FRIGIDAIRE-APPLIANCES
FRIGIDAIRELOCATIONB89	FRIGIDAIREAPPLIANCES	lowes.com	HTTPS://WWW.LOWES.COM/B/FRIGIDAIRE-APPLIANCES
FRIGIDAIREMAJORSCOLLECT	FRIGIDAIREAPPLIANCES	lowes.com	HTTPS://WWW.LOWES.COM/B/FRIGIDAIRE-APPLIANCES
FRIGIDAIREPRODUCTS	FRIGIDAIREAPPLIANCES	lowes.com	HTTPS://WWW.LOWES.COM/B/FRIGIDAIRE-APPLIANCES
FRIGIDAIREPROFESSIONAL	FRIGIDAIREPROFESSIONAL	lowes.com	HTTPS://WWW.LOWES.COM/B/FRIGIDAIRE-PROFESSIONAL
FRIGIDARE	FRIGIDAIREAPPLIANCES	lowes.com	HTTPS://WWW.LOWES.COM/B/FRIGIDAIRE-APPLIANCES
FRIGIDARIE	FRIGIDAIREAPPLIANCES	lowes.com	HTTPS://WWW.LOWES.COM/B/FRIGIDAIRE-APPLIANCES
FRIGIDIARE	FRIGIDAIREAPPLIANCES	lowes.com	HTTPS://WWW.LOWES.COM/B/FRIGIDAIRE-APPLIANCES
FRIGIGIDAIRE	FRIGIDAIREAPPLIANCES	lowes.com	HTTPS://WWW.LOWES.COM/B/FRIGIDAIRE-APPLIANCES
FRISKARS	FISKARS	lowes.com	HTTPS://WWW.LOWES.COM/B/FISKARS
FROGIDAIRE	FRIGIDAIREAPPLIANCES	lowes.com	HTTPS://WWW.LOWES.COM/B/FRIGIDAIRE-APPLIANCES
FTCHAMBERLAIN	CHAMBERLAIN	lowes.com	HTTPS://WWW.LOWES.COM/B/CHAMBERLAIN
FUDSHTER	PFISTER	lowes.com	HTTPS://WWW.LOWES.COM/B/PFISTER
GAF	GAF	lowes.com	HTTPS://WWW.LOWES.COM/B/GAF
GAFMATERIALS	GAF	lowes.com	HTTPS://WWW.LOWES.COM/B/GAF
GAFREM	GAF	lowes.com	HTTPS://WWW.LOWES.COM/B/GAF
GE	GEAPPLIANCES	lowes.com	HTTPS://WWW.LOWES.COM/B/GE-APPLIANCES
GEAIN	GEAPPLIANCES	lowes.com	HTTPS://WWW.LOWES.COM/B/GE-APPLIANCES
GEAKESHCRE	GEAPPLIANCES	lowes.com	HTTPS://WWW.LOWES.COM/B/GE-APPLIANCES
GEAPPLIANCE	GEAPPLIANCES	lowes.com	HTTPS://WWW.LOWES.COM/B/GE-APPLIANCES
GEAPPLIANCES	GEAPPLIANCES	lowes.com	HTTPS://WWW.LOWES.COM/B/GE-APPLIANCES
GEAPPLIANES	GEAPPLIANCES	lowes.com	HTTPS://WWW.LOWES.COM/B/GE-APPLIANCES
GEBOORYUEER	GEAPPLIANCES	lowes.com	HTTPS://WWW.LOWES.COM/B/GE-APPLIANCES
GEEENWORKS	GREENWORKS	lowes.com	HTTPS://WWW.LOWES.COM/B/GREENWORKS
GEHAUNTEDLIVING	HAUNTEDLIVING	lowes.com	HTTPS://WWW.LOWES.COM/B/HAUNTED-LIVING
GEHE	GEAPPLIANCES	lowes.com	HTTPS://WWW.LOWES.COM/B/GE-APPLIANCES
GEHS	GEAPPLIANCES	lowes.com	HTTPS://WWW.LOWES.COM/B/GE-APPLIANCES
GELIGHT	GELIGHTING	lowes.com	HTTPS://WWW.LOWES.COM/B/GE-LIGHTING
GELIGHTINGCO	GELIGHTING	lowes.com	HTTPS://WWW.LOWES.COM/B/GE-LIGHTING
GENERA	GENERAC	lowes.com	HTTPS://WWW.LOWES.COM/B/GENERAC
GENERAC	GENERAC	lowes.com	HTTPS://WWW.LOWES.COM/B/GENERAC
GENERALELECTRICLIGHTING	GELIGHTING	lowes.com	HTTPS://WWW.LOWES.COM/B/GE-LIGHTING
GENERAS	GENERAC	lowes.com	HTTPS://WWW.LOWES.COM/B/GENERAC
GENERATIONLIGHTING	GENERATIONLIGHTING	lowes.com	HTTPS://WWW.LOWES.COM/B/GENERATION-LIGHTING
GEREARC	GENERAC	lowes.com	HTTPS://WWW.LOWES.COM/B/GENERAC
GES	GEAPPLIANCES	lowes.com	HTTPS://WWW.LOWES.COM/B/GE-APPLIANCES
GEUORGEXY	GEAPPLIANCES	lowes.com	HTTPS://WWW.LOWES.COM/B/GE-APPLIANCES
GEVAABU	GEAPPLIANCES	lowes.com	HTTPS://WWW.LOWES.COM/B/GE-APPLIANCES
GIPSOT	NATIONALGYPSUM	lowes.com	HTTPS://WWW.LOWES.COM/B/NATIONAL-GYPSUM
GLADIATORBYTUFFSTUFF	GLADIATOR	lowes.com	HTTPS://WWW.LOWES.COM/B/GLADIATOR
GRAYSONLANE	GRAYSONLANE	lowes.com	HTTPS://WWW.LOWES.COM/B/GRAYSON-LANE
GREENDIGS	GREENDIGS	lowes.com	HTTPS://WWW.LOWES.COM/B/GREENDIGS
GREENWORK	GREENWORKS	lowes.com	HTTPS://WWW.LOWES.COM/B/GREENWORKS
GREENWORKPRO	GREENWORKS	lowes.com	HTTPS://WWW.LOWES.COM/B/GREENWORKS
GREENWORKS	GREENWORKS	lowes.com	HTTPS://WWW.LOWES.COM/B/GREENWORKS
GREENWORKS24VCORDLESSHEDGETRIMME	GREENWORKS	lowes.com	HTTPS://WWW.LOWES.COM/B/GREENWORKS
GREENWORKS40V185MPHVARIABLESPEE	GREENWORKS	lowes.com	HTTPS://WWW.LOWES.COM/B/GREENWORKS
GREENWORKSNOWEEDEATER	GREENWORKS	lowes.com	HTTPS://WWW.LOWES.COM/B/GREENWORKS
GREENWORKSPRO	GREENWORKS	lowes.com	HTTPS://WWW.LOWES.COM/B/GREENWORKS
GREENWORKSSTORE	GREENWORKS	lowes.com	HTTPS://WWW.LOWES.COM/B/GREENWORKS
GREENWORKSTM	GREENWORKS	lowes.com	HTTPS://WWW.LOWES.COM/B/GREENWORKS
GREENWORKSTOOLS	GREENWORKS	lowes.com	HTTPS://WWW.LOWES.COM/B/GREENWORKS
GREEWOR	GREENWORKS	lowes.com	HTTPS://WWW.LOWES.COM/B/GREENWORKS
GREEWORKS	GREENWORKS	lowes.com	HTTPS://WWW.LOWES.COM/B/GREENWORKS
GRKFASTENERS	GRK	lowes.com	HTTPS://WWW.LOWES.COM/B/GRK
HAARBORBREEZE	HARBORBREEZE	lowes.com	HTTPS://WWW.LOWES.COM/B/HARBOR-BREEZE
HAEWLEAR	HAIER	lowes.com	HTTPS://WWW.LOWES.COM/B/HAIER
HAIER	HAIER	lowes.com	HTTPS://WWW.LOWES.COM/B/HAIER
HAIERC	HAIER	lowes.com	HTTPS://WWW.LOWES.COM/B/HAIER
HAIIIER	HAIER	lowes.com	HTTPS://WWW.LOWES.COM/B/HAIER
HAIUWOER	HAIER	lowes.com	HTTPS://WWW.LOWES.COM/B/HAIER
HALOHOME	HALO	lowes.com	HTTPS://WWW.LOWES.COM/B/HALO
HALOLED	HALO	lowes.com	HTTPS://WWW.LOWES.COM/B/HALO
HALOLIGHTING	HALO	lowes.com	HTTPS://WWW.LOWES.COM/B/HALO
HALOLITHONIALIGHTING	HALO	lowes.com	HTTPS://WWW.LOWES.COM/B/HALO
HALOLITHONIALIGHTING	LITHONIALIGHTING	lowes.com	HTTPS://WWW.LOWES.COM/B/LITHONIA-LIGHTING
HALORECESSED	HALO	lowes.com	HTTPS://WWW.LOWES.COM/B/HALO
HALORECESSEDDOWNLIGHT	HALO	lowes.com	HTTPS://WWW.LOWES.COM/B/HALO
HALORECESSEDLIGHTING	HALO	lowes.com	HTTPS://WWW.LOWES.COM/B/HALO
HAOJEER	HAIER	lowes.com	HTTPS://WWW.LOWES.COM/B/HAIER
HARBIRBREEZE	HARBORBREEZE	lowes.com	HTTPS://WWW.LOWES.COM/B/HARBOR-BREEZE
HARBORBREESE	HARBORBREEZE	lowes.com	HTTPS://WWW.LOWES.COM/B/HARBOR-BREEZE
HARBORBREEZ	HARBORBREEZE	lowes.com	HTTPS://WWW.LOWES.COM/B/HARBOR-BREEZE
HARBORBREEZE	HARBORBREEZE	lowes.com	HTTPS://WWW.LOWES.COM/B/HARBOR-BREEZE
HARBORBREEZECEILINGFANS	HARBORBREEZE	lowes.com	HTTPS://WWW.LOWES.COM/B/HARBOR-BREEZE
HARBORBREEZEPRODUCTS	HARBORBREEZE	lowes.com	HTTPS://WWW.LOWES.COM/B/HARBOR-BREEZE
HARBORBREEZS	HARBORBREEZE	lowes.com	HTTPS://WWW.LOWES.COM/B/HARBOR-BREEZE
HARBORBREZZE	HARBORBREEZE	lowes.com	HTTPS://WWW.LOWES.COM/B/HARBOR-BREEZE
HASQVARNA	HUSQVARNA	lowes.com	HTTPS://WWW.LOWES.COM/B/HUSQVARNA
HAUNTEDHILLFARM	HAUNTEDHILLFARM	lowes.com	HTTPS://WWW.LOWES.COM/B/HAUNTED-HILL-FARM
HAUNTEDHILLFARMHAUNTEDHILLFARM	HAUNTEDHILLFARM	lowes.com	HTTPS://WWW.LOWES.COM/B/HAUNTED-HILL-FARM
HAUNTEDLIVING	HAUNTEDLIVING	lowes.com	HTTPS://WWW.LOWES.COM/B/HAUNTED-LIVING
HAUNTEDLIVINGHOLIDAYLIVINGAND	HOLIDAYANDHAUNTEDLIVING	lowes.com	HTTPS://WWW.LOWES.COM/B/HOLIDAY-AND-HAUNTED-LIVING
HAUNTEDLIVINGHOLIDAYLIVINGAND	HAUNTEDLIVING	lowes.com	HTTPS://WWW.LOWES.COM/B/HAUNTED-LIVING
HAUNTINGLIVING	HAUNTEDLIVING	lowes.com	HTTPS://WWW.LOWES.COM/B/HAUNTED-LIVING
HAUNTINGLIVING	HOLIDAYANDHAUNTEDLIVING	lowes.com	HTTPS://WWW.LOWES.COM/B/HOLIDAY-AND-HAUNTED-LIVING
