ABSETSHOP	ABSETSHOP	manuals.plus	HTTPS://MANUALS.PLUS/ABSETSHOP/334237019268-DIGITAL-VOICE-RECORDER-MANUAL
ACBAETA	ACBAETA	manuals.plus	HTTPS://MANUALS.PLUS/ACBAETA/MA3-MINI-SPY-CAMERAS-HIDDEN-CAMERAS-FOR-HOME-SECURITY-MANUAL
ACEBAFF	ACEBAFF	manuals.plus	HTTPS://MANUALS.PLUS/ACEBAFF/B0CGRBGCGQ-WIRELESS-KEYBOARD-AND-MOUSE-COMBO-MANUAL
ACENX	ACENX	manuals.plus	HTTPS://MANUALS.PLUS/ACENX/OUTDOOR-SMART-PLUG-MANUAL-2
ACTWIND	ACTWIND	manuals.plus	HTTPS://MANUALS.PLUS/ACTWIND/SL-Q20-UNDER-DESK-TREADMILL-WALKING-PAD-MANUAL
ADEPTICO	ADEPTICO	manuals.plus	HTTPS://MANUALS.PLUS/ADEPTICO/LS35UW-PROJECTOR-FOR-HOME-ENTERTAINMENT-MANUAL
ADOLBO	ADOLBO	manuals.plus	HTTPS://MANUALS.PLUS/ADOLBO/LED-LIGHTS-FOR-CAR-MANUAL
ADOLBO	ADOLBO	manuals.plus	HTTPS://MANUALS.PLUS/ADOLBO/LED-LIGHTS-FOR-CAR-MANUAL.PDF
ADPROTECH	ADPROTECH	manuals.plus	HTTPS://MANUALS.PLUS/ADPROTECH/ADPROTECH-LIGHTNING-HEADPHONES-EARPHONES-MAGNETIC-EARBUDS-IN-EAR-MFI-CERTIFIED-WITH-MICROPHONE-COMPLETE-FEATURES-USER-GUIDE
AEINIDI	AEINIDI	manuals.plus	HTTPS://MANUALS.PLUS/CATEGORY/AEINIDI
AEINIDI	AEINIDI	manuals.plus	HTTPS://MANUALS.PLUS/AEINIDI/PD20W-3-IN-1-WIRELESS-CHARGING-STAND-MANUAL
AHJDL	AHJDL	manuals.plus	HTTPS://MANUALS.PLUS/CATEGORY/AHJDL
AHJDL	AHJDL	manuals.plus	HTTPS://MANUALS.PLUS/AHJDL/AHJDL-448-DOG-BARK-COLLAR.PDF
AHJDL	AHJDL	manuals.plus	HTTPS://MANUALS.PLUS/AHJDL/AHJDL-448-DOG-BARK-COLLAR
AHSELLUS	AHSELLUS	manuals.plus	HTTPS://MANUALS.PLUS/CATEGORY/AHSELLUS
AHSELLUS	AHSELLUS	manuals.plus	HTTPS://MANUALS.PLUS/AHSELLUS/B08CMKYM6V-LED-LANDSCAPE-LIGHT-MANUAL
AIDMOM	AIDMOM	manuals.plus	HTTPS://MANUALS.PLUS/AIDMOM/AIDMOM-S12-ELECTRIC-WEARABLE-BREAST-PUMP-INSTRUCTION-MANUAL
AIDROIT	AIDROIT	manuals.plus	HTTPS://MANUALS.PLUS/CATEGORY/AIDROIT
AIMEIZI	AIMEIZI	manuals.plus	HTTPS://MANUALS.PLUS/CATEGORY/AIMEIZI
AINAVITO	AINAVITO	manuals.plus	HTTPS://MANUALS.PLUS/AINAVITO/10-1-INCH-5G-WIFI-8-CORE-CAR-RADIO-STEREO-MANUAL
AIRLINNNK	AIRLINNNK	manuals.plus	HTTPS://MANUALS.PLUS/AIRLINNNK/WIRELESS-CARPLAY-ANDROID-AUTO-ADAPTER-MANUAL
AIRORIG	AIRORIG	manuals.plus	HTTPS://MANUALS.PLUS/CATEGORY/AIRORIG
AITOPLUS	AITOPLUS	manuals.plus	HTTPS://MANUALS.PLUS/AITOPLUS/SMART-WIRELESS-CAR-STEERING-WHEEL-CONTROL-REMOTE-BUTTON-MANUAL
AKKIGL	AKKIGL	manuals.plus	HTTPS://MANUALS.PLUS/AKKIGL/AKKIGL-PROJECTION-ALARM-CLOCK-RADIO-DIGITAL-ALARM-CLOCKS-FOR-BEDROOMS-WITH-USB-CHARGER-USER-INSTRUCTIONS
AKSONIC	AKSONIC	manuals.plus	HTTPS://MANUALS.PLUS/AKSONIC/HD-BLUETOOTH-V5-0-HI-FI-RECEIVER-WITH-ANTENNA-MANUAL
AKYPACH	AKYPACH	manuals.plus	HTTPS://MANUALS.PLUS/AKYPACH/15PCS-WOOD-ROUTER-MANUAL
ALINALAN	ALINALAN	manuals.plus	HTTPS://MANUALS.PLUS/ALINALAN/ALINALAN-BLACKHEAD-REMOVER-VACUUM-PORE-CLEANER
ALLCELE	ALLCELE	manuals.plus	HTTPS://MANUALS.PLUS/ALLCELE/ALLCELE-SQN-008-REMOTE-CONTROL-ROBOT-USER-MANUAL
AMAZONBASICS1CURTAINRODWITHCAP	AMAZONBASICS	manuals.plus	HTTPS://MANUALS.PLUS/AMAZON-BASICS/36-68-1-INCH-CURTAIN-ROD-WITH-CAP-FINIALS-MANUAL
AMAZONBASICSSINGLEDOORDOUBLEDO	AMAZONBASICS	manuals.plus	HTTPS://MANUALS.PLUS/AMAZON-BASICS/B08J4J2FNY-CONTEMPORARY-SINGLE-CYLINDER-DOOR-HANDLESET-WITH-MADISON-LEVER-MANUAL
AMELEMA	AMELEMA	manuals.plus	HTTPS://MANUALS.PLUS/AMELEMA/AMELEMA-AM01-PORTABLE-CHARGER-USER-MANUAL
AMICCOM	AMICCOM	manuals.plus	HTTPS://MANUALS.PLUS/AMICCOM/AMICCOM-Z5-NEW-OUTDOOR-SECURITY-CAMERA
AMITFO	AMTIFO	manuals.plus	HTTPS://MANUALS.PLUS/CATEGORY/AMTIFO
AMYZAVLS	AMYZAVLS	manuals.plus	HTTPS://MANUALS.PLUS/AMYZAVLS/AMYZAVLS-ELECTRIC-LIQUID-SOAP-DISPENSER-USER-MANUAL
AMZHRLY	AMZHRLY	manuals.plus	HTTPS://MANUALS.PLUS/AMZHRLY/4K-HDMI-TO-USB-2-0-VIDEO-CAPTURE-CARD-MANUAL
AMZYXUAN	AMZYXUAN	manuals.plus	HTTPS://MANUALS.PLUS/AMZYXUAN/FULL-FACE-GAS-MASK-MANUAL
ANBERX	ANBERX	manuals.plus	HTTPS://MANUALS.PLUS/CATEGORY/ANBERX
ANCHIOO	ANCHIOO	manuals.plus	HTTPS://MANUALS.PLUS/ANCHIOO/CN-SERIES-INSTANT-PRINT-CAMERA-MANUAL
ANGKNG	ANGKNG	manuals.plus	HTTPS://MANUALS.PLUS/ANGKNG/XH-1201-AIR-SPACE-HEAYER-MANUAL
ANGREAT	ANGREAT	manuals.plus	HTTPS://MANUALS.PLUS/ANGREAT/ANGREAT-AMAZON-WIRELESS-CHARGING-DOCK-USER-MANUAL
ANGROX	ANGROX	manuals.plus	HTTPS://MANUALS.PLUS/ANGROX/ANGROX-UNIVERSAL-REMOTE-CONTROL-FOR-SAMSUNG-TV-REMOTE-COMPLETE-FEATURES-USER-MANUAL
ANICANON	ANICANON	manuals.plus	HTTPS://MANUALS.PLUS/ANICANON/A1RMBJIVSCL-SOLAR-SECURITY-CAMERAS-WIRELESS-OUTDOOR-MANUAL
ANICANON	ANICANON	manuals.plus	HTTPS://MANUALS.PLUS/ANICANON/A1RMBJIVSCL-SOLAR-SECURITY-CAMERAS-WIRELESS-OUTDOOR-MANUAL
ANPODE	ANPODE	manuals.plus	HTTPS://MANUALS.PLUS/ANPODE/FM01-FOOT-MASSAGER-MANUAL
ANRAYE	ANRAYE	manuals.plus	HTTPS://MANUALS.PLUS/ANRAYE/CV15-AIR-DUSTER-MANUAL
ANSAUCT	ANSAUCT	manuals.plus	HTTPS://MANUALS.PLUS/ANSAUCT/ANS-1-DOCUMENT-CAMERA-FOR-TEACHERS-MANUAL
ANUOMY	ANUOMY	manuals.plus	HTTPS://MANUALS.PLUS/ANUOMY/ANUOMY-250-BATTERY-OPERATED-LIGHT-BULBS-USER-MANUAL
ANZINER	ANZINER	manuals.plus	HTTPS://MANUALS.PLUS/ANZINER/ANZINER-3D-WICK-REALISTIC-FLICKERING-CANDLES-USER-MANUAL.PDF
ANZINER	ANZINER	manuals.plus	HTTPS://MANUALS.PLUS/ANZINER/ANZINER-3D-WICK-REALISTIC-FLICKERING-CANDLES-USER-MANUAL
AOAILION	CITIFREE	manuals.plus	HTTPS://MANUALS.PLUS/CITIFREE/CITIFREE-FC-82MS-C-SCIENTIFIC-CALCULATOR-USER-MANUAL
AOCKTOBAR	AOCKTOBAR	manuals.plus	HTTPS://MANUALS.PLUS/AOCKTOBAR/K08-MONEY-COUNTER-MACHINE-MANUAL
AOMIDA	AOMIDA	manuals.plus	HTTPS://MANUALS.PLUS/AOMIDA/82W-PROFESSIONAL-UV-LED-NAIL-LAMP-MANUAL
AOOGITF	AOOGITF	manuals.plus	HTTPS://MANUALS.PLUS/AOOGITF/AOOGITF-S5-CAT-WATER-FOUNTAIN-USER-MANUAL
AOSHET	AOSHET	manuals.plus	HTTPS://MANUALS.PLUS/CATEGORY/AOSHET
AOSHET	AOSHET	manuals.plus	HTTPS://MANUALS.PLUS/AOSHET/B0CKX74BMZ-ASTRONAUT-LIGHTS-MANUAL
AOUMCOM	AOUMCOM	manuals.plus	HTTPS://MANUALS.PLUS/AOUMCOM/200GPH-SUBMERSIBLE-WATER-PUMP-MANUAL
APLUSBOOST	WEBOOST	manuals.plus	HTTPS://MANUALS.PLUS/WEBOOST/APLUSBOOST-HOME-MULTIROOM-CELL-PHONE-SIGNAL-BOOSTER-MANUAL
APXPF	APXPF	manuals.plus	HTTPS://MANUALS.PLUS/CATEGORY/APXPF
ARGIGU	ARGIGU	manuals.plus	HTTPS://MANUALS.PLUS/ARGIGU/BL-HJ07-SPACEMAN-MUSIC-STAR-LIGHT-MANUAL
ARRISMODEMMODELNVG443B	ARRIS	manuals.plus	HTTPS://MANUALS.PLUS/ARRIS/NVG443B-VOICE-GATEWAY-MANUAL
ARUNICHO	ARUNICHO	manuals.plus	HTTPS://MANUALS.PLUS/CATEGORY/ARUNICHO
ASALL	ASALL	manuals.plus	HTTPS://MANUALS.PLUS/CATEGORY/ASALL
ASISNAI	ASISNAI	manuals.plus	HTTPS://MANUALS.PLUS/ASISNAI/ASISNAI-DOUBLE-PACK-BUG-ZAPPER-ELECTRIC-FLY-MOSQUITO-SWATTER-RACKET
ASYOREN	ASYOREN	manuals.plus	HTTPS://MANUALS.PLUS/ASYOREN/A3-WIRELESS-SPEAKER-MANUAL
ATOKIT	ATOKIT	manuals.plus	HTTPS://MANUALS.PLUS/CATEGORY/ATOKIT
AUBRIC	AUBRIC	manuals.plus	HTTPS://MANUALS.PLUS/AUBRIC/WG-088-WI-FI-SMART-GARAGE-DOOR-OPENER-MANUAL
AUCANLA	AUCANLA	manuals.plus	HTTPS://MANUALS.PLUS/AUCANLA/AUCANLA-BC-BLA-NOTEPAD-CALCULATOR-USER-MANUAL
AUDIBLEFIDELITY	AUDIBLEFIDELITY	manuals.plus	HTTPS://MANUALS.PLUS/CATEGORY/AUDIBLE-FIDELITY
AUDIBLEFIDELITY	AUDIBLEFIDELITY	manuals.plus	HTTPS://MANUALS.PLUS/AUDIBLE-FIDELITY/TRY1137-BLUETOOTH-SOUNDBAR-WITH-REMOTE-CONTROL-MANUAL
AUF001	BELKIN	manuals.plus	HTTPS://MANUALS.PLUS/BELKIN/AUF001-V2-SOUNDFORM-CHARGE-MANUAL
AURAXY	AURAXY	manuals.plus	HTTPS://MANUALS.PLUS/AURAXY/AURAXY-RECHARGEABLE-BATTERY-NIGHT-LIGHT-USER-MANUAL
AUSRANVIK	AUSRANVIK	manuals.plus	HTTPS://MANUALS.PLUS/AUSRANVIK/PORTABLE-REFRIGERATOR-FREEZER-APR-25D-MANUAL
AVMTON	AVMTON	manuals.plus	HTTPS://MANUALS.PLUS/AVMTON/D4-HONEYCOMB-MOUSE-WIRED-MANUAL
AWESMOM	AWESMOM	manuals.plus	HTTPS://MANUALS.PLUS/AWESMOM/BABY-FOOD-MAKER-5-IN-1-BABY-FOOD-PROCESSOR-MANUAL
AWOLIMEI	AWOLIMEI	manuals.plus	HTTPS://MANUALS.PLUS/CATEGORY/AWOLIMEI
AWUTZUT	AWUTZUT	manuals.plus	HTTPS://MANUALS.PLUS/AWUTZUT/A3001-FLAP-DISCS-MANUAL.PDF
AWUTZUT	AWUTZUT	manuals.plus	HTTPS://MANUALS.PLUS/AWUTZUT/A3001-FLAP-DISCS-MANUAL
AXEFIT	AXEFIT	manuals.plus	HTTPS://MANUALS.PLUS/AXEFIT/C2-A-WALKING-PAD-WITH-INCLINE-MANUAL
AYVVPII	AYVVPII	manuals.plus	HTTPS://MANUALS.PLUS/AYVVPII/10PCS-BUNDLE-WIRELESS-SILENT-DISCO-LED-FLASHING-LIGHT-HEADPHONES-COMPLETE-FEATURES-USER-MANUAL
BANPESTT	BANPESTT	manuals.plus	HTTPS://MANUALS.PLUS/BANPESTT/2024-BUG-ZAPPER-OUTDOOR-INDOOR-MANUAL
BANWEY	BANWEY	manuals.plus	HTTPS://MANUALS.PLUS/BANWEY/SZXY001-6-INCH-SMART-LED-RECESSED-LIGHTING-MANUAL
BAVCIEU	BAVCIEU	manuals.plus	HTTPS://MANUALS.PLUS/BAVCIEU/BAVCIEU-R01-360-ROTATION-SUNSET-LAMP-USER-MANUAL
BCJJ	BCJJ	manuals.plus	HTTPS://MANUALS.PLUS/BCJJ/SXT-168-ELECTRIC-SPIN-SCRUBBER-MANUAL
BEAMLUX	BEAMLUX	manuals.plus	HTTPS://MANUALS.PLUS/BEAMLUX/BLX501-MR16-SMART-LED-BULBS-MANUAL
BEARTAIN	BEARTAIN	manuals.plus	HTTPS://MANUALS.PLUS/BEARTAIN/H16-BONE-CONDUCTION-WIRELESS-HEADPHONES-MANUAL-2
BEIOOYA	BEIOOYA	manuals.plus	HTTPS://MANUALS.PLUS/BEIOOYA/BY001-ESPRESSO-MACHINE-20-BAR-MANUAL
BEMEXRED	BEMEXRED	manuals.plus	HTTPS://MANUALS.PLUS/BEMEXRED/BEMEXRED-REMOTE-CONTROL-SOLAR-PENDANT-LIGHT-INSTRUCTION-MANUAL
BENQBOT	BENQBOT	manuals.plus	HTTPS://MANUALS.PLUS/BENQBOT/BENQBOT-S09-WIRELESS-BLUETOOTH-PORTABLE-SOUNDBAR-USER-MANUAL
BEVLXNIV	BEVLXNIV	manuals.plus	HTTPS://MANUALS.PLUS/BEVLXNIV/BEVLXNIV-DC311L-AF-DIGITAL-BABY-CAMERA
BEVLXNIV	BEVLXNIV	manuals.plus	HTTPS://MANUALS.PLUS/BEVLXNIV/BEVLXNIV-DC311L-AF-DIGITAL-BABY-CAMERA.PDF
BEYSEN	BEYSEN	manuals.plus	HTTPS://MANUALS.PLUS/BEYSEN/V105-MATTER-SMART-PLUG-VERSION-MANUAL
BGFHOME	BGFHOME	manuals.plus	HTTPS://MANUALS.PLUS/BGFHOME/BGFHOME-162PAC-CRYSTAL-TABLE-LAMP-USER-MANUAL
BHDUDF	BHDUDF	manuals.plus	HTTPS://MANUALS.PLUS/BHDUDF/BHDUDF-1200MBPS-WIFI-RANGE-EXTENDER-SIGNAL-BOOSTER
BHDUDF	BHDUDF	manuals.plus	HTTPS://MANUALS.PLUS/BHDUDF/BHDUDF-1200MBPS-WIFI-RANGE-EXTENDER-SIGNAL-BOOSTER.PDF
BIFYTON	BIFYTON	manuals.plus	HTTPS://MANUALS.PLUS/BIFYTON/BIFYTON-REMOTE-CONTROL-CAR-TRANSFORMING-ROBOT
BIIONE	BIIONE	manuals.plus	HTTPS://MANUALS.PLUS/CATEGORY/BIIONE
BISHKJOK	BISHKJOK	manuals.plus	HTTPS://MANUALS.PLUS/BISHKJOK/E27-LIGHT-BULB-SECURITY-CAMERA-TUYA-MANUAL.PDF
BISHKJOK	BISHKJOK	manuals.plus	HTTPS://MANUALS.PLUS/BISHKJOK/E27-LIGHT-BULB-SECURITY-CAMERA-TUYA-MANUAL
BITAMOM	BITAMOM	manuals.plus	HTTPS://MANUALS.PLUS/BITAMOM/BITAMOM-DIGITAL-BATHROOM-SCALES
BITAMOM	BITAMOM	manuals.plus	HTTPS://MANUALS.PLUS/CATEGORY/BITAMOM
BJNAAL	BJNAAL	manuals.plus	HTTPS://MANUALS.PLUS/BJNAAL/P36-SMART-WATCH-MANUAL-2
BJNAAL	BJNAAL	manuals.plus	HTTPS://MANUALS.PLUS/BJNAAL/P22-SMART-WATCH-FOR-ANDROID-PHONES-MANUAL.PDF
BJNAAL	BJNAAL	manuals.plus	HTTPS://MANUALS.PLUS/BJNAAL/P22-SMART-WATCH-FOR-ANDROID-PHONES-MANUAL
BJNAAL	BJNAAL	manuals.plus	HTTPS://MANUALS.PLUS/BJNAAL/P36-SMART-WATCH-MANUAL-2.PDF
BJNAAL	BJNAAL	manuals.plus	HTTPS://MANUALS.PLUS/BJNAAL/F12-SMART-WATCH-MANUAL-2
BLONBAR	BLONBAR	manuals.plus	HTTPS://MANUALS.PLUS/CATEGORY/BLONBAR
BLUEDERY	BLUEDERY	manuals.plus	HTTPS://MANUALS.PLUS/CATEGORY/BLUEDERY
BLUEDERY	BLUEDERY	manuals.plus	HTTPS://MANUALS.PLUS/BLUEDERY/CPE220-WIRELESS-BRIDGE-MANUAL
BLUELAKEPERFORMANCE	BLUELAKEPERFORMANCE	manuals.plus	HTTPS://MANUALS.PLUS/BLUE-LAKE-PERFORMANCE/BLUE-LAKE-PERFORMANCE-PS2-GAMING-WIRELESS-CONTROLLER
BLUFREE	BLUFREE	manuals.plus	HTTPS://MANUALS.PLUS/CATEGORY/BLUFREE
BOJIELIGHTSCOLTD	SHENZHENBOJIAELECTRONICTECHNOLOGY	manuals.plus	HTTPS://MANUALS.PLUS/SHENZHEN-BOJIA-ELECTRONIC-TECHNOLOGY/2BBKORGB-SMART-LED-COLOR-CHANGING-LIGHT-BULB-MANUAL
BOKAWENLUO	BOKAWENLUO	manuals.plus	HTTPS://MANUALS.PLUS/BOKAWENLUO/V5DZWNQ-AI-BIRD-FEEDER-WITH-CAMERA-MANUAL
BOKAWENLUO	BOKAWENLUO	manuals.plus	HTTPS://MANUALS.PLUS/CATEGORY/BOKAWENLUO
BOLDFLAME	BOLDFLAME	manuals.plus	HTTPS://MANUALS.PLUS/BOLD-FLAME/BOLD-FLAME-SP5981-SP5982-ELECTRIC-FIREPLACES-DIRECT-MANUAL
BOOGIIO	BOOGIIO	manuals.plus	HTTPS://MANUALS.PLUS/CATEGORY/BOOGIIO
BPAZVUH	BPAZVUH	manuals.plus	HTTPS://MANUALS.PLUS/BPAZVUH/B09XMWBQWX-LOW-VOLTAGE-200-LED-STRING-LIGHT-MANUAL
BQTECH	BQTECH	manuals.plus	HTTPS://MANUALS.PLUS/B-QTECH/199PSI-WIRELESS-TYRE-PRESSURE-MONITORING-SYSTEM-MANUAL
BRIGHTWE	BRIGHTWE	manuals.plus	HTTPS://MANUALS.PLUS/CATEGORY/BRIGHTWE
BSWALF	BSWALF	manuals.plus	HTTPS://MANUALS.PLUS/CATEGORY/BSWALF
BT28SPM	BOYTONE	manuals.plus	HTTPS://MANUALS.PLUS/BOYTONE/BOYTONE-BT-28SPM-BLUETOOTH-CLASSIC-STYLE-RECORD-PLAYER
BUKEBU	BUKEBU	manuals.plus	HTTPS://MANUALS.PLUS/BUKEBU/BUKEBU-LCD-WRITING-ELECTRONIC-TABLET-USER-MANUAL
CACKBIRD	CACKBIRD	manuals.plus	HTTPS://MANUALS.PLUS/CACKBIRD/A1JA-LS67PL-PORTABLE-60-MECHANICAL-GAMING-KEYBOARD-MANUAL
CAIVUN	CAIVUN	manuals.plus	HTTPS://MANUALS.PLUS/CAIVUN/WJ001-REMOTE-CONTROL-CAR-MANUAL
CALEFACTIVE	CALEFACTIVE	manuals.plus	HTTPS://MANUALS.PLUS/CALEFACTIVE/D2-SPACE-HEATER-MANUAL
CAMDOTS	CAMDOTS	manuals.plus	HTTPS://MANUALS.PLUS/CAMDOTS/GD10-DUAL-DASH-CAMERA-MANUAL
CAMDOTS	CAMDOTS	manuals.plus	HTTPS://MANUALS.PLUS/CAMDOTS/GD10-DUAL-DASH-CAMERA-MANUAL.PDF
CAMZEB	CAMZEB	manuals.plus	HTTPS://MANUALS.PLUS/CAMZEB/2MP-OUTDOOR-WIRELESS-SOLAR-SECURITY-CAMERA-MANUAL
CAMZEB	CAMZEB	manuals.plus	HTTPS://MANUALS.PLUS/CATEGORY/CAMZEB
CANMIXS	CANMIXS	manuals.plus	HTTPS://MANUALS.PLUS/CATEGORY/CANMIXS
CAREENOAH	CAREENOAH	manuals.plus	HTTPS://MANUALS.PLUS/CAREENOAH/ABS-681-KIDS-CAMERA-INSTANT-PRINT-WITH-UNICORN-COVER-MANUAL
CARHEV	CARHEV	manuals.plus	HTTPS://MANUALS.PLUS/CARHEV/CARHEV-JS-01-24000MAH-CAR-BATTERY-JUMP-STARTER-USER-MANUAL
CASHTEK	CASHTEK	manuals.plus	HTTPS://MANUALS.PLUS/CASHTEK/CASHTEK-N10-MONEY-COUNTER-MACHINE-USER-MANUAL
CAVIENSNWSW	CAVIENSNWSW	manuals.plus	HTTPS://MANUALS.PLUS/CAVIENS-NWSW/CAVIENS-NWSW-6002-CA-NANO-IONIC-FACIAL-STEAMER-WARM-MIST-HUMIDIFIER-USER-MANUAL
CAVIENSNWSW	CAVIENSNWSW	manuals.plus	HTTPS://MANUALS.PLUS/CAVIENS-NWSW/CAVIENS-NWSW-6002-CA-NANO-IONIC-FACIAL-STEAMER-WARM-MIST-HUMIDIFIER-USER-MANUAL
CCKHDD	CCKHDD	manuals.plus	HTTPS://MANUALS.PLUS/CCKHDD/FT105-MINI-USB-FINGERPRINT-READER-MANUAL
CCKHDD	CCKHDD	manuals.plus	HTTPS://MANUALS.PLUS/CATEGORY/CCKHDD
CEINOL	CEINOL	manuals.plus	HTTPS://MANUALS.PLUS/CEINOL/FXQH-1-WATERFALL-BATHROOM-FAUCET-MANUAL
CENMING	CENMING	manuals.plus	HTTPS://MANUALS.PLUS/CENMING/HD3AC8-3-T-UNIVERSAL-THERMOSTATIC-CEILING-FAN-REMOTE-CONTROL-KIT-MANUAL
CEOUHEIA	CEOUHEIA	manuals.plus	HTTPS://MANUALS.PLUS/CEOUHEIA/12PODS-HYDROPONICS-GROWING-SYSTEM-MANUAL
CEVIEPT	CEVIEPT	manuals.plus	HTTPS://MANUALS.PLUS/CEVIEPT/MRW114-ENCLOSED-FAN-LIGHT-MANUAL
CHAOKE	CHAOKE	manuals.plus	HTTPS://MANUALS.PLUS/CATEGORY/CHAOKE
CHAOKEJI	CHAOKE	manuals.plus	HTTPS://MANUALS.PLUS/CHAOKE/CHAOKE-ULTRA-QUIET-INDOOR-CYCLING-BIKE-USER-MANUAL
CHARMDOO	CHARMDOO	manuals.plus	HTTPS://MANUALS.PLUS/CHARMDOO/CHARMDOO-EL-G-001-ELECTRIC-LUNCH-BOX-INSTRUCTION-MANUAL
CHEFZILLA	CHEFZILLA	manuals.plus	HTTPS://MANUALS.PLUS/CHEFZILLA/HL-SC-1A-INDUCTION-COOKTOP-DOUBLE-BURNER-1800W-PORTABLE-MANUAL
CHOOSEEN	CHOOSEEN	manuals.plus	HTTPS://MANUALS.PLUS/CHOOSEEN/CHOOSEEN-HG03-THERMOMETER
CHORTAU	CHORTAU	manuals.plus	HTTPS://MANUALS.PLUS/CATEGORY/CHORTAU
CHRINOMEE	CHRINOMEE	manuals.plus	HTTPS://MANUALS.PLUS/CHRINOMEE/CHRINOMEE-LCGT-1202-HANDHELD-STEAMER-USER-MANUAL
CHRINOMEE	CHRINOMEE	manuals.plus	HTTPS://MANUALS.PLUS/CHRINOMEE/CHRINOMEE-LCGT-1202-HANDHELD-STEAMER-USER-MANUAL
CIHOACIR	CIHOACIR	manuals.plus	HTTPS://MANUALS.PLUS/CIHOACIR/LIFT-ASSIST-FOR-ELDERLY-PATIENT-LIFT-TRANSFER-CHAIR-MANUAL
CIODAT	CIODAT	manuals.plus	HTTPS://MANUALS.PLUS/CIODAT/CIODAT-Q10-TRUE-WIRELESS-BLUETOOTH-EARBUDS
CJTECH	CJTECH	manuals.plus	HTTPS://MANUALS.PLUS/CATEGORY/CJ-TECH
CLAESYDORN	CLAESYDORN	manuals.plus	HTTPS://MANUALS.PLUS/CLAESYDORN/P10-CORDLESS-VACUUM-CLEANER-MANUAL
CLEANICA360	CLEANICA360	manuals.plus	HTTPS://MANUALS.PLUS/CLEANICA-360/CL360-STEAM-CLEANING-MANUAL
CLLEYLISE	CLLEYLISE	manuals.plus	HTTPS://MANUALS.PLUS/CLLEYLISE/KIDS-SMART-WATCH-FOR-KIDS-MANUAL
CLLEYLISE	CLLEYLISE	manuals.plus	HTTPS://MANUALS.PLUS/CLLEYLISE/MT6261-KIDS-SMART-WATCH-MANUAL
CNBANAN	CNBANAN	manuals.plus	HTTPS://MANUALS.PLUS/CNBANAN/P17A18BWG-PORTABLE-MONITOR-MANUAL
COLACAM	APPS	manuals.plus	HTTPS://MANUALS.PLUS/APPS/COLACAM-LIFE-CAMERA-APP-MANUAL
COMAOGO	COMAOGO	manuals.plus	HTTPS://MANUALS.PLUS/COMAOGO/COMAOGO-ENHANCED-MINI-MOVIE-PROJECTOR
CONDUCTVBRANDS	IRONGYM	manuals.plus	HTTPS://MANUALS.PLUS/IRONGYM/IRON-GYM-ULTIMATE-UPPER-BODY-WORKOUT-AND-NUTRITION-GUIDE
CONNECTPREMIUMVOLUMELIMITEDWIRE	LILGADGETS	manuals.plus	HTTPS://MANUALS.PLUS/LILGADGETS/LILGADGETS-CONNECT-KIDS-PREMIUM-VOLUME-LIMITED-WIRED-HEADPHONES-COMPLETE-FEATURESINSTRUCTION-MANUAL
CONSASY	CONSASY	manuals.plus	HTTPS://MANUALS.PLUS/CATEGORY/CONSASY
COOLFOR	COOLFOR	manuals.plus	HTTPS://MANUALS.PLUS/COOLFOR/COOLFOR-N063-PTC-CERAMIC-ELECTRIC-DESKTOP-HEATER-USER-MANUAL
COOLJEEN	COOLJEEN	manuals.plus	HTTPS://MANUALS.PLUS/COOLJEEN/COOLJEEN-LARGE-HOLLYWOOD-VANITY-MIRROR-USER-MANUAL
COSITTE	COSITTE	manuals.plus	HTTPS://MANUALS.PLUS/COSITTE/COSITTE-USB-ELECTRIC-NAIL-DRILL-MACHINE-USER-MANUAL
CRECOLIFE	CRECOLIFE	manuals.plus	HTTPS://MANUALS.PLUS/CRECOLIFE/KJ402F-SERIES-AIR-PURIFIERS-FOR-HOME-LARGE-ROOM-MANUAL
CRYO360BYMACARD	MACARD	manuals.plus	HTTPS://MANUALS.PLUS/MACARD/CRYO-360-WIFI-EXTENDER-SIGNAL-BOOSTER-MANUAL
CT25QTQUIETDRIVE	CENTEC	manuals.plus	HTTPS://MANUALS.PLUS/CEN-TEC/CT25QD-QUIETDRIVE-ELECTRIC-BRUSH-FLUSH-INTEGRATED-WAND-MANUAL
CURECURE	CURECURE	manuals.plus	HTTPS://MANUALS.PLUS/CURECURE/CURECURE-HLB-FY-ELECTRIC-HEATED-BLANKET-USER-MANUAL
CXFTEOXK	CXFTEOXK	manuals.plus	HTTPS://MANUALS.PLUS/CXFTEOXK/CXFTEOXK-H108-WIRELESS-USB-WIFI-ADAPTER-USER-MANUAL
CYCLEINN	CYCLEINN	manuals.plus	HTTPS://MANUALS.PLUS/CYCLEINN/CI-FT001-BIKE-TRAINER-MANUAL
CYKOARMOR	CYKOARMOR	manuals.plus	HTTPS://MANUALS.PLUS/CYKOARMOR/CYKOARMOR-PS5-DUAL-CONTROLLER-CHARGING-STATION-USER-MANUAL
DALLFOLL	DALLFOLL	manuals.plus	HTTPS://MANUALS.PLUS/DALLFOLL/DALLFOLL-B07RVLMGQ9-RECHARGEABLE-ELECTRIC-MILK-FROTHER-INSTRUCTION-MANUAL
DALLFOLL	DALLFOLL	manuals.plus	HTTPS://MANUALS.PLUS/DALLFOLL/DALLFOLL-B07RVLMGQ9-RECHARGEABLE-ELECTRIC-MILK-FROTHER-INSTRUCTION-MANUAL
DANICUB	DANICUB	manuals.plus	HTTPS://MANUALS.PLUS/DANICUB/V63-SILVER-VACUUM-SEALER-MANUAL
DANICUB	DANICUB	manuals.plus	HTTPS://MANUALS.PLUS/DANICUB/V-63-AUTOMATIC-FOOD-VACUUM-SEALER-MANUAL
DANICUB	DANICUB	manuals.plus	HTTPS://MANUALS.PLUS/DANICUB/V63-SILVER-VACUUM-SEALER-MANUAL.PDF
DANNARY	DANNARY	manuals.plus	HTTPS://MANUALS.PLUS/DANNARY/DANNARY-MJQ-V-GREY-EFILE-MANICURE-AND-PEDICURE-ELECTRIC-NAIL-DRILL-MACHINE-USER-MANUAL
DAOMIM	DAOMIM	manuals.plus	HTTPS://MANUALS.PLUS/DAOMIM/T730Q-TRUE-WIRELESS-EARBUDS-MANUAL
DATOHOME	DATOHOME	manuals.plus	HTTPS://MANUALS.PLUS/DATOHOME/SMART-LOCK-L-B400-MANUAL
DATOHOME	DATOHOME	manuals.plus	HTTPS://MANUALS.PLUS/CATEGORY/DATOHOME
DCSEC	DCSEC	manuals.plus	HTTPS://MANUALS.PLUS/DCSEC/DCSEC-DC-CL40CD-WIDE-ANGLE-DOME-SECURITY-CAMERA
DCSEC	DCSEC	manuals.plus	HTTPS://MANUALS.PLUS/CATEGORY/DCSEC
DEEAK	DEEAK	manuals.plus	HTTPS://MANUALS.PLUS/DEEAK/MF19334-LED-FLOOR-LAMP-MANUAL
DEEBOX	DEEBOX	manuals.plus	HTTPS://MANUALS.PLUS/CATEGORY/DEEBOX
DEEIPET	DEEIPET	manuals.plus	HTTPS://MANUALS.PLUS/DEEIPET/DEEIPET-JC-A15-CAT-WATER-FOUNTAIN-USER-MANUAL
DEEPMOTO	DEEPMOTO	manuals.plus	HTTPS://MANUALS.PLUS/DEEPMOTO/D10PLUS-DASH-CAM-MANUAL
DEEYAPLE	DEEYAPLE	manuals.plus	HTTPS://MANUALS.PLUS/CATEGORY/DEEYAPLE
DEFFANIC	DEFFANIC	manuals.plus	HTTPS://MANUALS.PLUS/DEFFANIC/DF-S1003-WIRELESS-SOUNDBAR-MANUAL.PDF
DEFFANIC	DEFFANIC	manuals.plus	HTTPS://MANUALS.PLUS/DEFFANIC/DF-S1003-WIRELESS-SOUNDBAR-MANUAL
DEIOVWXS	DEIOVWXS	manuals.plus	HTTPS://MANUALS.PLUS/DEIOVWXS/DEIOVWXS-MM-M-RECHARGEABLE-DOUBLE-SIDED-MAGNIFYING-MIRROR-USER-MANUAL
DEIOVWXS	DEIOVWXS	manuals.plus	HTTPS://MANUALS.PLUS/DEIOVWXS/DEIOVWXS-1X-10X-360-ROTATION-TOUCH-SCREEN-VANITY-MIRROR-USER-MANUAL
DENGWENQIANG	DENGWENQIANG	manuals.plus	HTTPS://MANUALS.PLUS/DENGWENQIANG/DENGWENQIANG-OFS-391-2-PACK-USB-C-CHARGER-BLOCK-USER-MANUAL
DENGWENQIANG	DENGWENQIANG	manuals.plus	HTTPS://MANUALS.PLUS/DENGWENQIANG/DENGWENQIANG-OFS-391-2-PACK-USB-C-CHARGER-BLOCK-USER-MANUAL.PDF
DETECTTREK	DETECTTREK	manuals.plus	HTTPS://MANUALS.PLUS/CATEGORY/DETECTTREK
DEYING	DEYING	manuals.plus	HTTPS://MANUALS.PLUS/DEYING/MK365-WIRELESS-KEYBOARD-MANUAL
DIILSWX	DIILSWX	manuals.plus	HTTPS://MANUALS.PLUS/DIILSWX/HUGGABLE-TEDDY-BEAR-STUFFED-ANIMALS-WITH-DYNAMIC-STAR-PROJECTION-LAMP-MANUAL
DLYOASIS	DLYFULL	manuals.plus	HTTPS://MANUALS.PLUS/CATEGORY/DLYFULL
DODOSOUL	DODOSOUL	manuals.plus	HTTPS://MANUALS.PLUS/DODOSOUL/DODOSOUL-M800-128G-MP3-BLUETOOTH-PLAYER-USER-MANUAL
DOHOII	DOHOII	manuals.plus	HTTPS://MANUALS.PLUS/DOHOII/CH186-STAR-OCEAN-PROJECTION-LAMP-MANUAL
DOKPARTSBEST	DOKPARTSBEST	manuals.plus	HTTPS://MANUALS.PLUS/CATEGORY/DOK-PARTS-BEST/PAGE/2
DOLIYEARNING	DOLIYEARNING	manuals.plus	HTTPS://MANUALS.PLUS/CATEGORY/DOLI-YEARNING
DONPEREGRINO	DONPEREGRINO	manuals.plus	HTTPS://MANUALS.PLUS/DON-PEREGRINO/DON-PEREGRINO-M2-REAR-BIKE-LIGHT
DOOVII	DOOVII	manuals.plus	HTTPS://MANUALS.PLUS/DOOVII/DOOVII-D-001-LED-CORN-BULB-USER-GUIDE
DOQUO	DOQUO	manuals.plus	HTTPS://MANUALS.PLUS/DOQUO/DOQUO-AA6-BLUETOOTH-DIGITAL-ALARM-CLOCK-SPEAKER-USER-MANUAL
DORELASIA	DORELASIA	manuals.plus	HTTPS://MANUALS.PLUS/CATEGORY/DOREL-ASIA
DORELASIA	DORELASIA	manuals.plus	HTTPS://MANUALS.PLUS/DOREL-ASIA/DORELASIA-WM1646-SERIES-TODDLER-BED-INSTRUCTION-BOOKLET-PDF
DORELASIA	DORELASIA	manuals.plus	HTTPS://MANUALS.PLUS/DOREL-ASIA/DORELASIA-BUNK-BED-WM3911-13-WM3921-13-WM3921E2-WM3921B-DC-WM3921W-DC-13-WM-3921G-DC-MANUAL
DOURARY	DOURARY	manuals.plus	HTTPS://MANUALS.PLUS/DOURARY/FLUSH-MOUNT-CEILING-FAN-WITH-LIGHTS-MANUAL
DOUXURY	DOUXURY	manuals.plus	HTTPS://MANUALS.PLUS/DOUXURY/DOUXURY-D-7-1T3-TRUCK-TRAILER-CAMPER-DIGITAL
DQWALLSUPPORT	DQWALLSUPPORT	manuals.plus	HTTPS://MANUALS.PLUS/CATEGORY/DQ-WALL-SUPPORT
DQWALLSUPPORT	DQWALLSUPPORT	manuals.plus	HTTPS://MANUALS.PLUS/DQ-WALL-SUPPORT/WALL-SUPPORT-MANUAL
DRAWGREEN	DRAWGREEN	manuals.plus	HTTPS://MANUALS.PLUS/DRAWGREEN/DRAWGREEN-DG08-MOTION-SENSOR-SOLAR-LIGHT-INSTRUCTION-MANUAL
DRPTR2900SSD	BLACKDECKER2	manuals.plus	HTTPS://MANUALS.PLUS/BLACKDECKER-2/BLACKDECKER-TR4900SSD-4-SLICE-TOASTER-INSTRUCTION-MANUAL
DTAPE	DTAPE	manuals.plus	HTTPS://MANUALS.PLUS/DTAPE/DTAPE-DT50-LASER-DISTANCE-METER-USER-MANUAL
DUKYA	DUKYA	manuals.plus	HTTPS://MANUALS.PLUS/DUKYA/DUKYA-CAST-169-5-IN-1-ULTRASONIC-AROMATHERAPY-FRAGRANT-OIL-HUMIDIFIER-USER-MAUNAL
DUPADSTORY	DUPADSTORY	manuals.plus	HTTPS://MANUALS.PLUS/CATEGORY/DUPAD-STORY
DWIDOWELLIN	DWIDOWELLIN	manuals.plus	HTTPS://MANUALS.PLUS/DWI-DOWELLIN/D9-RC-DRONE-MANUAL
DYEETIC	DYEETIC	manuals.plus	HTTPS://MANUALS.PLUS/CATEGORY/DYEETIC
DYZERYK	DYZERYK	manuals.plus	HTTPS://MANUALS.PLUS/CATEGORY/DYZERYK
E1C137W	BRITAX	manuals.plus	HTTPS://MANUALS.PLUS/BRITAX/E1C137W-CONVERTIBLE-CAR-SEATS-MANUAL
E1C137W	BRITAX	manuals.plus	HTTPS://MANUALS.PLUS/BRITAX/E1C137W-CONVERTIBLE-CAR-SEATS-MANUAL.PDF
EAGOUDIARY	EAGOUGIARY	manuals.plus	HTTPS://MANUALS.PLUS/EAGOU-GIARY/DIARY-UV-FLASHLIGHTS-MANUAL
EAGOUDIARY	EAGOUGIARY	manuals.plus	HTTPS://MANUALS.PLUS/EAGOU-GIARY/DIARY-UV-FLASHLIGHTS-MANUAL.PDF
EANCEIL	EANCEIL	manuals.plus	HTTPS://MANUALS.PLUS/EANCEIL/EANCEIL-YD-0528-CERAMIC-BLADE-ELECTRIC-KIDS-HAIR-TRIMMER-USER-MANUAL
EAOYHGB	JA	manuals.plus	HTTPS://MANUALS.PLUS/JA/CATEGORY/EAOYHGB
EASYEAST	EASYEAST	manuals.plus	HTTPS://MANUALS.PLUS/EASYEAST/EASYEAST-OTB00013-TOUCHLESS-INFRARED-THERMOMETER
EASYLIFECARE	EASYLIFECARE	manuals.plus	HTTPS://MANUALS.PLUS/EASYLIFECARE/EASYLIFECARE-ELC-M110LN-LED-MAGNIFYING-GLASS-USER-MANUAL
EASYLIFECARE	EASYLIFECARE	manuals.plus	HTTPS://MANUALS.PLUS/EASYLIFECARE/EASYLIFECARE-ELC-M110LN-LED-MAGNIFYING-GLASS-USER-MANUAL
EATEKPOWER	EATEKPOWER	manuals.plus	HTTPS://MANUALS.PLUS/EATEKPOWER/BARK-CONTROL-COLLAR-B800-MANUAL
EBESTAUTO	BESTZHEYU	manuals.plus	HTTPS://MANUALS.PLUS/BESTZHEYU/BESTZHEYU-EBESTAUTO-HITCH-LED-LIGHT-INSTALLATION-MANUAL
ECILESAY	AUBNICO	manuals.plus	HTTPS://MANUALS.PLUS/AUBNICO/AUBNICO-1-ELECTRIC-CAN-OPENER-USER-GUIDE
ECILESAY	AUBNICO	manuals.plus	HTTPS://MANUALS.PLUS/AUBNICO/AUBNICO-1-ELECTRIC-CAN-OPENER-USER-GUIDE
ECOLYA	ECOLYA	manuals.plus	HTTPS://MANUALS.PLUS/ECOLYA/25-IN-1-MULTIFUNCTION-ONION-CHOPPER-DICER-MANUAL
EDMBW16TM	EUROMAID	manuals.plus	HTTPS://MANUALS.PLUS/EUROMAID/EDWB16G-60CM-FREESTANDING-DISHWASHER-MANUAL
EDNZION	EDNZION	manuals.plus	HTTPS://MANUALS.PLUS/EDNZION/V-5-A-CARD-EARLY-EDUCATION-DEVICE-MANUAL
EDTISKE	EDTISKE	manuals.plus	HTTPS://MANUALS.PLUS/EDTISKE/2024-WIFI-EXTENDER-MANUAL
EDUCUTIES	EDUCUTIES	manuals.plus	HTTPS://MANUALS.PLUS/EDUCUTIES/EDUCUTIES-EC22-5R-SMART-WALKING-DANCING-ROBOT-TOY-USER-MANUAL
EDUPHOME	EDUPHOME	manuals.plus	HTTPS://MANUALS.PLUS/EDUP-HOME/EDUP-HOME-EH-LED1302-3D-LED-DIGITAL-WALL-CLOCK-USER-MANUAL
EDUPLOVE	EDUP	manuals.plus	HTTPS://MANUALS.PLUS/EDUP/LOVE-USB-BLUETOOTH-5-0-ADAPTER-WITH-EXTERNAL-ANTENNA-MANUAL
EINOOR	EINOOR	manuals.plus	HTTPS://MANUALS.PLUS/EINOOR/M2CI-PROFESSIONAL-PET-GROOMING-KIT-WITH-VACUUM-FUNCTION-MANUAL
EISTAKAO	EISTAKAO	manuals.plus	HTTPS://MANUALS.PLUS/CATEGORY/EISTAKAO
EISTAKAO	EISTAKAO	manuals.plus	HTTPS://MANUALS.PLUS/EISTAKAO/1O6IZQI3C-15W-FAST-CHARGING-WIRELESS-CAR-CHARGER-MANUAL
EJVV	EJVV	manuals.plus	HTTPS://MANUALS.PLUS/EJVV/EJVV-300MBPS-NEWEST-WIFI-EXTENDER-WIFI-BOOSTER
ELEESPIRIT	ELEESPIRIT	manuals.plus	HTTPS://MANUALS.PLUS/CATEGORY/ELE-ESPIRIT
ELEHOTDIRECT	ELEHOTDIRECT	manuals.plus	HTTPS://MANUALS.PLUS/CATEGORY/ELEHOT-DIRECT
ELESALL	ELESALL	manuals.plus	HTTPS://MANUALS.PLUS/ELESALL/ELESALL-STICK-ON-MOTION-SENSOR-LIGHT-INSTRUCTION-MANUAL
ELISWEEN	ELISWEEN	manuals.plus	HTTPS://MANUALS.PLUS/ELISWEEN/ELISWEEN-X107-WIRELESS-SWITCH-CONTROLLER-USER-MANUAL
ELSENT	ELSENT	manuals.plus	HTTPS://MANUALS.PLUS/ELSENT/ELSENT-LSENT-PLUG-IN-LED-NIGHT-LIGHT-USER-MANUAL
ENERMOON	ENERMOON	manuals.plus	HTTPS://MANUALS.PLUS/ENERMOON/UNDER-DESK-TREADMILL-MANUAL
ENERMOON	ENERMOON	manuals.plus	HTTPS://MANUALS.PLUS/ENERMOON/UNDER-DESK-TREADMILL-MANUAL.PDF
ENERWOW	ENERWOW	manuals.plus	HTTPS://MANUALS.PLUS/ENERWOW/ENERWOW-P500-PORTABLE-POWER-BANK-USER-MANUAL
ENIFFBAA	ENIFFBAA	manuals.plus	HTTPS://MANUALS.PLUS/ENIFFBAA/MQH718-102-STUFFED-ANIMAL-ZOO-STUFFED-ANIMAL-STORAGE-WOOD-MANUAL
ENJIPRIME	ENJI	manuals.plus	HTTPS://MANUALS.PLUS/ENJI/INSTANT-FLEXIBLE-DIGITAL-THERMOMETER-MANUAL
ENJOYSEATING	ENJOYSEATING	manuals.plus	HTTPS://MANUALS.PLUS/ENJOYSEATING/YK-9018-ERGONOMIC-OFFICE-CHAIR-MANUAL
ENJOYSEATING	ENJOYSEATING	manuals.plus	HTTPS://MANUALS.PLUS/ENJOYSEATING/6702-HOME-OFFICE-DESK-CHAIRS-MANUAL
ENLFJOSS	ENLFJOSS	manuals.plus	HTTPS://MANUALS.PLUS/CATEGORY/ENLFJOSS
ENOKER	ENOKER	manuals.plus	HTTPS://MANUALS.PLUS/ENOKER/FINGERPRINT-DOOR-LOCK-KNOB-MANUAL
ENWSHOP	ENWSHOP	manuals.plus	HTTPS://MANUALS.PLUS/ENWSHOP/ZUMKUNM-MECOOL-GOOGLE-G10-REFERENCE-VOICE-REMOTE-FOR-GOOGLE-TV-10-MANUAL
EOHMAY	EOHMAY	manuals.plus	HTTPS://MANUALS.PLUS/EOHMAY/JB-018-EYE-MASSAGER-MANUAL.PDF
EOHMAY	EOHMAY	manuals.plus	HTTPS://MANUALS.PLUS/EOHMAY/JB-018-EYE-MASSAGER-MANUAL
EOPECLES	EOPECLES	manuals.plus	HTTPS://MANUALS.PLUS/EOPECLES/EOPECLES-FULL-SIZE-ELECTRIC-HEATED-BLANKET-USER-MANUAL
EOPECLES	EOPECLES	manuals.plus	HTTPS://MANUALS.PLUS/CATEGORY/EOPECLES
EOTOLIGHT	EOTOLIGHT	manuals.plus	HTTPS://MANUALS.PLUS/EOTO-LIGHT/18N-LED-RING-LIGHT-WITH-TRIPOD-STAND-MANUAL
EOXSMILE	EOXSMILE	manuals.plus	HTTPS://MANUALS.PLUS/EOXSMILE/NOAA-WEATHER-RADIO-EMERGENCY-HAND-CRANK-RADIO-WITH-SOLAR-CHARGER-PORTABLE-BATTERY-COMPLETE-FEATURES-USER-GUIDE
EQKK	EQKK	manuals.plus	HTTPS://MANUALS.PLUS/EQKK/EQKK-EQK003-KARAOKE-MACHINE-SPEAKER-USER-MANUAL
EQKK	EQKK	manuals.plus	HTTPS://MANUALS.PLUS/EQKK/EQKK-EQK003-KARAOKE-MACHINE-SPEAKER-USER-MANUAL
EQKK	EQKK	manuals.plus	HTTPS://MANUALS.PLUS/CATEGORY/EQKK
ERIDAX	ERIDAX	manuals.plus	HTTPS://MANUALS.PLUS/ERIDAX/OK-837-1080P-FULL-HD-CAR-DRIVING-RECORDER-MANUAL
ERIDAX	ERIDAX	manuals.plus	HTTPS://MANUALS.PLUS/ERIDAX/OK-837-1080P-FULL-HD-CAR-DRIVING-RECORDER-MANUAL.PDF
ERYITRDK	ERYITRDK	manuals.plus	HTTPS://MANUALS.PLUS/CATEGORY/ERYITRDK
ERYITRDK	ERYITRDK	manuals.plus	HTTPS://MANUALS.PLUS/ERYITRDK/X16-HIDDEN-CAMERA-DETECTORS-AND-BUG-DETECTOR-MANUAL
ESBEECABLESBURKEMANY	ESBEECABLES	manuals.plus	HTTPS://MANUALS.PLUS/ESBEECABLES/IPHONE-AUX-CORD-FOR-CAR-WITH-CHARGING-PORTAPPLE-MFI-CERTIFIED-LIGHTNING-COMPLETE-FEATURES-INSTRUCTION-MANUAL
ESBEECABLESESBEECABLES	ESBEECABLES	manuals.plus	HTTPS://MANUALS.PLUS/ESBEECABLES/IPHONE-AUX-CORD-FOR-CAR-WITH-CHARGING-PORTAPPLE-MFI-CERTIFIED-LIGHTNING-COMPLETE-FEATURES-INSTRUCTION-MANUAL
ESHIDAI	ESHIDAI	manuals.plus	HTTPS://MANUALS.PLUS/E-SHIDAI/E-SHIDAI-325648795-RECHARGEABLE-LED-FLASHLIGHT-USER-MANUAL
ETAREWILT	ETAREWILT	manuals.plus	HTTPS://MANUALS.PLUS/CATEGORY/ETAREWILT
ETEKJOY	ETEKJOY	manuals.plus	HTTPS://MANUALS.PLUS/ETEKJOY/ET915-RFID-ELECTRONIC-LOCK-FOR-WOODEN-CABINETDRAWER-MANUAL
EUTERPY	EUTERPY	manuals.plus	HTTPS://MANUALS.PLUS/EUTERPY/1F7VAE3Q-KARAOKE-MACHINE-SINGING-FOR-LIFE-MANUAL
EVERPEST	EVERPEST	manuals.plus	HTTPS://MANUALS.PLUS/EVER-PEST/EVER-PEST-ULTRASONIC-PEST-REPELLER-ELECTRONIC-INSECT-CONTROL-DEFENDER
EXIOTY	EXIOTY	manuals.plus	HTTPS://MANUALS.PLUS/EXIOTY/SMART-HOME-APPLICATION-MANUAL
EZKT	AE	manuals.plus	HTTPS://MANUALS.PLUS/AE/1005006758432986
FAMINODE	FAMINODE	manuals.plus	HTTPS://MANUALS.PLUS/FAMINODE/SMART10-DIGITAL-PICTURE-FRAME-MANUAL
FDCELIGOO	FDCELIGOO	manuals.plus	HTTPS://MANUALS.PLUS/FDCELIGOO/FDDTC001-DOG-TRAINING-ANTI-BARK-COLLAR-MANUAL
FEABASK	FEABASK	manuals.plus	HTTPS://MANUALS.PLUS/FEABASK/EH07-USB-HEADSET-WITH-MICROPHONE-MANUAL
FECULSOFFICIAL	FECULSOFFICIAL	manuals.plus	HTTPS://MANUALS.PLUS/FECULS-OFFICIAL/FECULS-OFFICIAL-GD9215AD10-INDOOR-SPACE-HEATER-USER-MANUAL
FECULSOFFICIAL	FECULSOFFICIAL	manuals.plus	HTTPS://MANUALS.PLUS/CATEGORY/FECULS-OFFICIAL
FEINODI	FEINODI	manuals.plus	HTTPS://MANUALS.PLUS/CATEGORY/FEINODI
FEINODI	FEINODI	manuals.plus	HTTPS://MANUALS.PLUS/FEINODI/2023-CAR-PLAY-WIRELESS-ADAPTER-MANUAL
FEMII	FEMII	manuals.plus	HTTPS://MANUALS.PLUS/FEMII/2K-SECURITY-CAMERAS-OUTDOOR-HOME-SECURITY-CAMERA-SYSTEM-WIRELESS-COMPLETE-FEATURES-INSTRUCTION-GUIDE
FEUYMOENT	FEUYMOENT	manuals.plus	HTTPS://MANUALS.PLUS/CATEGORY/FEUYMOENT
FEUYMOENT	FEUYMOENT	manuals.plus	HTTPS://MANUALS.PLUS/FEUYMOENT/L11-MOBILE-PHONE-SELFIE-STICK-MANUAL
FEUYMOENT	FEUYMOENT	manuals.plus	HTTPS://MANUALS.PLUS/FEUYMOENT/LET614-HUMAN-BABY-SENSING-LIGHT-STRIP-MANUAL
FEUYMOENT	FEUYMOENT	manuals.plus	HTTPS://MANUALS.PLUS/FEUYMOENT/FQ02-SELFIE-STICK-TRIPOD-WIRELESS-REMOTE-MANUAL
FEUYMOENT	KAIESS	manuals.plus	HTTPS://MANUALS.PLUS/KAIESS/TP-03-62-INCH-SELFIE-STICK-TRIPOD-WITH-REMOTE-MANUAL
FICHAIY	FICHAIY	manuals.plus	HTTPS://MANUALS.PLUS/FICHAIY/H-508-CORDLESS-HANDHELD-VACUUM-CLEANER-MANUAL.PDF
FICHAIY	FICHAIY	manuals.plus	HTTPS://MANUALS.PLUS/FICHAIY/H-508-CORDLESS-HANDHELD-VACUUM-CLEANER-MANUAL
FINESOURCE	FINESOURCE	manuals.plus	HTTPS://MANUALS.PLUS/FINESOURCE/FINESOURCE-DC-HKC-DIGITAL-VERNIER-CALIPER-USER-MANUAL
FIREBLAZEWHEREWARMTHBEGINS	FIREBLAZE	manuals.plus	HTTPS://MANUALS.PLUS/FIREBLAZE/FIREBLAZE-WHERE-WARMTH-BEGINS-FB-SPA26-ELECTRIC-FIREPLACE-OWNERS-MANUAL
FITHRILL	FITHRILL	manuals.plus	HTTPS://MANUALS.PLUS/FITHRILL/FT-SE02-WALKING-PAD-UNDER-DESK-TREADMILL-MANUAL
FITHRILL	FITHRILL	manuals.plus	HTTPS://MANUALS.PLUS/FITHRILL/FT-SE01-WALKING-PAD-UNDER-DESK-TREADMILL-MANUAL
FITONUS	FITONUS	manuals.plus	HTTPS://MANUALS.PLUS/FITONUS/WOMENS-SMARTWATCH-WITH-BLUETOOTH-CALL-MANUAL
FLBFORELIBRA	FLBFORELIBRA	manuals.plus	HTTPS://MANUALS.PLUS/FLB-FORELIBRA/SUS304-GM-SERIES-ELECTRONIC-BALANCE-WEIGHING-PAN-MANUAL
FLEWKEN	FLEWKEN	manuals.plus	HTTPS://MANUALS.PLUS/FLEWKEN/A3-0-12-IN-1-PLANETARIUM-GALAXY-PROJECTOR-MANUAL
FLITI	FLITI	manuals.plus	HTTPS://MANUALS.PLUS/FLITI/FLITI-BLUETOOTH-SPEAKER-STAR-PROJECTOR-USER-MANUAL
FLITI	FLITI	manuals.plus	HTTPS://MANUALS.PLUS/FLITI/FLITI-GALAXY-LIGHT-1-2-0-STAR-PROJECTOR-USER-MANUAL
FLODREAM	FLODREAM	manuals.plus	HTTPS://MANUALS.PLUS/FLODREAM/SMARTBIDET-7709-M-SMART-BIDET-TOILET-FOR-BATHROOM-WITH-REMOTE-CONTROL-MANUAL
FLYNEEI	FLYNEEI	manuals.plus	HTTPS://MANUALS.PLUS/FLYNEEI/E27-OUTDOOR-SECURITY-CAMERA-MANUAL
FOBELISK	FOBELISK	manuals.plus	HTTPS://MANUALS.PLUS/FOBELISK/FOBELISK-ELECTRIC-FLY-SWATTER-USER-MANUAL
FOBELISK	FOBELISK	manuals.plus	HTTPS://MANUALS.PLUS/FOBELISK/FOBELISK-ELECTRIC-FLY-SWATTER-USER-MANUAL
FOJOJO	FOJOJO	manuals.plus	HTTPS://MANUALS.PLUS/FOJOJO/FOJOJO-Q10-WH-1-IPAD-ACTIVE-CAPACITIVE-PEN-USER-MANUAL
FOJOJO	FOJOJO	manuals.plus	HTTPS://MANUALS.PLUS/FOJOJO/FOJOJO-Q10-WH-1-IPAD-ACTIVE-CAPACITIVE-PEN-USER-MANUAL
FORTREHUI	FORTREHUI	manuals.plus	HTTPS://MANUALS.PLUS/FORTREHUI/WIFI-EXTENDER-MANUAL
FOXPEED	FOXPEED	manuals.plus	HTTPS://MANUALS.PLUS/FOXPEED/2500A-PORTABLE-CAR-JUMP-STARTER-MANUAL
FREECUBE	FREECUBE	manuals.plus	HTTPS://MANUALS.PLUS/FREECUBE/AWP02L-N-WIFI-SMART-OUTLET-WORK-WITH-ALEXA-GOOGLE-HOME-MANUAL
FS4RU3	YOTTAMASTER	manuals.plus	HTTPS://MANUALS.PLUS/YOTTAMASTER/PS400RU3-MULTI-BAY-HDD-ENCLOSURE-MANUAL
FUEGOBIRD	FUEGOBIRD	manuals.plus	HTTPS://MANUALS.PLUS/FUEGOBIRD/K3-100-KEYS-RGB-BACKLIT-GAMING-KEYBOARD-MANUAL
FUEGOBIRD	FUEGOBIRD	manuals.plus	HTTPS://MANUALS.PLUS/FUEGOBIRD/K3-100-KEYS-RGBS-BACKLIT-GAMING-KEYBOARD-MANUAL
FUNAURORE	FUNAURORE	manuals.plus	HTTPS://MANUALS.PLUS/FUNAURORE/SMS6-1-7-INCHES-MP5-TOUCHSCREEN-MULTIMEDIA-PLAYER-MANUAL
FUNAURORE	FUNAURORE	manuals.plus	HTTPS://MANUALS.PLUS/FUNAURORE/SMS6-1-7-INCHES-MP5-TOUCHSCREEN-MULTIMEDIA-PLAYER-MANUAL.PDF
FUNLENRY	FUNLENRY	manuals.plus	HTTPS://MANUALS.PLUS/FUNLENRY/FUNLENRY-T041-MOTION-SENSOR-CEILING-LIGHT-USER-MANUAL
FURGOR	FURGOR	manuals.plus	HTTPS://MANUALS.PLUS/FURGOR/FURGOR-PD-118W-MAC-BOOK-PRO-CHARGER-USER-GUIDE
FUWINET	FUWINET	manuals.plus	HTTPS://MANUALS.PLUS/CATEGORY/FUWINET
FYYZY	FYYZY	manuals.plus	HTTPS://MANUALS.PLUS/FYYZY/FYYZY-LXD-SHOWER-RAIN-LIGHT-USER-MANUAL
GALANZLOCATIONB37	GALANZ	manuals.plus	HTTPS://MANUALS.PLUS/CATEGORY/GALANZ
GALECES	GALECES	manuals.plus	HTTPS://MANUALS.PLUS/GALECES/AE01-10000MAH-WIRELESS-POWER-BANK-MANUAL
GALIRITY	GALIRITY	manuals.plus	HTTPS://MANUALS.PLUS/CATEGORY/GALIRITY
GANIBAY	GANIBAY	manuals.plus	HTTPS://MANUALS.PLUS/GANIBAY/MW-816-1600W-HANDHELD-CLOTHES-STEAMER-WITH-360ML-TANK-MANUAL
GAORYT	GAORYT	manuals.plus	HTTPS://MANUALS.PLUS/GAORYT/GAORYT-LIGHT-BULB-CAMERABULB-CAMERA.PDF
GAORYT	GAORYT	manuals.plus	HTTPS://MANUALS.PLUS/GAORYT/GAORYT-LIGHT-BULB-CAMERABULB-CAMERA
GARINOSEN	GARINOSEN	manuals.plus	HTTPS://MANUALS.PLUS/GARINOSEN/EMERGENCY-RADIO-WATERPROOF-BLUETOOTH-SPEAKERPORTABLE-DIGITAL-AM-FM-RADIO-WITH-FLASHLIGHT-COMPLETE-FEATURES-INSTRUCTION-GUIDE
GARMAY	GARMAY	manuals.plus	HTTPS://MANUALS.PLUS/GARMAY/GARMAY-DIGITAL-VOICE-RECORDER
GARMEE	GARMEE	manuals.plus	HTTPS://MANUALS.PLUS/GARMEE/GARMEE-B09BFJHBXX-ELECTRIC-COFFEE-WARMER-INSTRUCTION-MANUAL
GATEWAYPLASTICHARDWAREANDLIGHTIN	GATEWAYPLASTICHARDWARELIGHTING	manuals.plus	HTTPS://MANUALS.PLUS/CATEGORY/GATEWAY-PLASTIC-HARDWARE-LIGHTING
GATEWAYPLASTICHARDWARELIGHTING	GATEWAYPLASTICHARDWARELIGHTING	manuals.plus	HTTPS://MANUALS.PLUS/CATEGORY/GATEWAY-PLASTIC-HARDWARE-LIGHTING
GCBIG	GCBIG	manuals.plus	HTTPS://MANUALS.PLUS/GCBIG/MD026-TRUE-WIRELESS-EARBUDS-MANUAL
GEDIAO	FUTURECARPING	manuals.plus	HTTPS://MANUALS.PLUS/FUTURE-CARPING/V70-GEDIAO-INTELLIGENT-REMOTE-CONTROL-BAIT-BOAT-MANUAL
GELGEY	GELGEY	manuals.plus	HTTPS://MANUALS.PLUS/GELGEY/F6-SMART-DOOR-LOCK-WITH-HANDLE-MANUAL
GEOHEE	GEOHEE	manuals.plus	HTTPS://MANUALS.PLUS/GEOHEE/GEOHEE-B0CR9NKYXS-PORTABLE-SMOOTHIE-BLENDER-INSTRUCTION-MANUAL
GERLEEK	GERLEEK	manuals.plus	HTTPS://MANUALS.PLUS/GERLEEK/LOW019865-43-PIECES-PYROGRAPHY-SOLDERING-IRON-WOOD-BURNER-FOR-HOBBY-MANUAL
GETKEN	GETKEN	manuals.plus	HTTPS://MANUALS.PLUS/GETKEN/GETKEN-CQAWD-RECHARGEABLE-WATER-PUMP-DISPENSER-INSTRUCTION-MANUAL
GEWANOLLA	GEWANOLLA	manuals.plus	HTTPS://MANUALS.PLUS/GEWANOLLA/GEWANOLLA-K100-PORTABLE-WAIST-FAN-USER-MANUAL
GEWANOLLA	GEWANOLLA	manuals.plus	HTTPS://MANUALS.PLUS/GEWANOLLA/GEWANOLLA-K100-PORTABLE-WAIST-FAN-USER-MANUAL
GHJGAGE	GHJGAGE	manuals.plus	HTTPS://MANUALS.PLUS/GHJGAGE/3-7-CU-FT-LARGE-HOME-SAFE-FIREPROOF-WATERPROOF-MANUAL
GHJGAGE	GHJGAGE	manuals.plus	HTTPS://MANUALS.PLUS/GHJGAGE/50EM-1-5-CUBIC-FIREPROOF-SAFE-BOX-MANUAL
GIRLMAZING	JADA	manuals.plus	HTTPS://MANUALS.PLUS/JADA/F84220-GIRLMAZING-JEEP-RC-VEHICLE-MANUAL
GIWIOS	GIWIOS	manuals.plus	HTTPS://MANUALS.PLUS/GIWIOS/SMT-V06-WIRELESS-CARPLAY-ACTIVATOR-MANUAL
GIXIYIDY	GIXIYIDY	manuals.plus	HTTPS://MANUALS.PLUS/GIXIYIDY/GIXIYIDY-SELFIE-RING-LIGHT-WITH-TRIPOD.PDF
GIXIYIDY	GIXIYIDY	manuals.plus	HTTPS://MANUALS.PLUS/GIXIYIDY/GIXIYIDY-SELFIE-RING-LIGHT-WITH-TRIPOD
GJJGAELECTRONICS	GJJGAELECTRONICS	manuals.plus	HTTPS://MANUALS.PLUS/GJ-JGA-ELECTRONICS/GJ-JGA-ELECTRONICS-ACTIVE-PA-SPEAKER-SYSTEM
GMKITCHENESSENTIALS	GMKITCHENESSENTIALS	manuals.plus	HTTPS://MANUALS.PLUS/GM-KITCHEN-ESSENTIALS/GM-KITCHEN-ESSENTIALS-COMINHKPR137463-CREPE-MAKER
GMKITCHENESSENTIALS	GMKITCHENESSENTIALS	manuals.plus	HTTPS://MANUALS.PLUS/CATEGORY/GM-KITCHEN-ESSENTIALS
GO2CRAFT	GO2CRAFT	manuals.plus	HTTPS://MANUALS.PLUS/GO2CRAFT/20607185-AUTO-SEAMLESS-TUMBLER-HEAT-PRESS-MACHINE-MANUAL
GOENDR	GOENDR	manuals.plus	HTTPS://MANUALS.PLUS/GOENDR/GOENDR-T300-LONG-LIGHT-BULB-USER-MANUAL
GOHANGIT	SHARPERIMAGE	manuals.plus	HTTPS://MANUALS.PLUS/SHARPER-IMAGE/GO-HANG-IT-INSTRUCTIONS-INSPIRED-USER-MANUAL
GOKUID	GOKUID	manuals.plus	HTTPS://MANUALS.PLUS/CATEGORY/GOKUID
GOKUID	GOKUID	manuals.plus	HTTPS://MANUALS.PLUS/GOKUID/B09KR49N4G-DVD-PLAYER-MANUAL
GOMETRS	GOMETRS	manuals.plus	HTTPS://MANUALS.PLUS/GOMETRS/GP-11-ELECTRIC-PORTABLE-BIDET-SPRAYER-MANUAL
GOODUM	GOODUM	manuals.plus	HTTPS://MANUALS.PLUS/GOODUM/P63TT-SMART-LOCK-MANUAL
GOPRIMENOW	GOPRIMENOW	manuals.plus	HTTPS://MANUALS.PLUS/GOPRIMENOW/G63-SMART-LIGHT-SOUND-MACHINE-MANUAL
GOPRIMENOW	GOPRIMENOW	manuals.plus	HTTPS://MANUALS.PLUS/GOPRIMENOW/N69-SMART-LIGHT-SOUND-MACHINE-MANUAL
GOPRIMENOW	GOPRIMENOW	manuals.plus	HTTPS://MANUALS.PLUS/GOPRIMENOW/N69-SMART-LIGHT-SOUND-MACHINE-MANUAL.PDF
GOWIZDREAM	GOWIZDREAM	manuals.plus	HTTPS://MANUALS.PLUS/GOWIZDREAM/SPY-CAMERA-HIDDEN-CAMERA-WITH-VIDEO-MANUAL.PDF
GOWIZDREAM	GOWIZDREAM	manuals.plus	HTTPS://MANUALS.PLUS/GOWIZDREAM/HIDDEN-CAMERA-WIFI-1080P-ALARM-CLOCK-MANUAL
GOWIZDREAM	GOWIZDREAM	manuals.plus	HTTPS://MANUALS.PLUS/GOWIZDREAM/SPY-CAMERA-HIDDEN-CAMERA-WITH-VIDEO-MANUAL
GRANDACO	GRANDACO	manuals.plus	HTTPS://MANUALS.PLUS/GRANDACO/GRANDACO-GP16-LAPTOP-PORTABLE-PROJECTOR
GRANTMAYA	GRANTMAYA	manuals.plus	HTTPS://MANUALS.PLUS/GRANTMAYA/HP300T-PORTABLE-POWER-STATION-MANUAL
GRICAFE	GRICAFE	manuals.plus	HTTPS://MANUALS.PLUS/GRICAFE/MF01-MILK-FROTHER-WITH-STAND-MANUAL.PDF
GRICAFE	GRICAFE	manuals.plus	HTTPS://MANUALS.PLUS/GRICAFE/MF01-MILK-FROTHER-WITH-STAND-MANUAL
GUEUDY	GUEUDY	manuals.plus	HTTPS://MANUALS.PLUS/GUEUDY/GUEUDY-BG-Z1119-PORTABLE-MINI-WASHING-MACHINE-USER-MANUAL
GUEUDY	GUEUDY	manuals.plus	HTTPS://MANUALS.PLUS/GUEUDY/GUEUDY-BG-Z1119-PORTABLE-MINI-WASHING-MACHINE-USER-MANUAL
GUKANUYI	GUKANUYI	manuals.plus	HTTPS://MANUALS.PLUS/GUKANUYI/HJ-003-MUSICAL-BOXING-TARGET-MANUAL
GUKANUYI	GUKANUYI	manuals.plus	HTTPS://MANUALS.PLUS/GUKANUYI/HJ-003-MUSICAL-BOXING-TARGET-MANUAL.PDF
GUSICIL	GUSICIL	manuals.plus	HTTPS://MANUALS.PLUS/GUSICIL/GUSICIL-T-172-REMOTE-CONTROL-SOLAR-LIGHT-USER-MANUAL
GUTTYLIEF	GUTTYLIEF	manuals.plus	HTTPS://MANUALS.PLUS/GUTTYLIEF/B0BZCBFZHS-MEMORY-FOAM-LUMBAR-SUPPORT-PILLOW-MANUAL
GXEGAUY	GXEGAUY	manuals.plus	HTTPS://MANUALS.PLUS/GXEGAUY/GXEGAUY-2-4G-STICK-LITE-WIRELESS-RETRO-GAME-CONSOLE-USER-MANUAL
GYWOWKEN	GYWOWKEN	manuals.plus	HTTPS://MANUALS.PLUS/GYWOWKEN/2-25HP-2-IN-1-FOLDABLE-TREADMILL-MANUAL
HAOKEO	HAOKEO	manuals.plus	HTTPS://MANUALS.PLUS/HAOKEO/HAOKEO-MAGNETIC-WIRELESS-BACKUP-CAMERA-USER-MANUAL
HAOYIJOR	HAOYIJOR	manuals.plus	HTTPS://MANUALS.PLUS/HAOYIJOR/V15-WET-AND-DRY-USE-VACUUM-CLEANER-WITH-MOP-MANUAL
HAOYIJOR	HAOYIJOR	manuals.plus	HTTPS://MANUALS.PLUS/HAOYIJOR/V15-ELECTRIC-MOP-HEAD-ATTACHMENT-MANUAL
HARFOOWO	HARFO	manuals.plus	HTTPS://MANUALS.PLUS/HARFO/F01-FINGERPRINT-DOOR-LOCK-MANUAL
HASAKEI	HASAKEI	manuals.plus	HTTPS://MANUALS.PLUS/CATEGORY/HASAKEI
HASATEK	HASATEK	manuals.plus	HTTPS://MANUALS.PLUS/HASATEK/HASATEK-WIFI-AND-BLUETOOTH-HD-PROJECTOR
HASSOKON	HASSOKON	manuals.plus	HTTPS://MANUALS.PLUS/HASSOKON/HASSOKON-ELECTRIC-TEETH-CLEANER-KIT-USER-MANUAL
HATHEVER	HATHEVER	manuals.plus	HTTPS://MANUALS.PLUS/HATHEVER/PB-11B-DOG-POTTY-TRAINING-DOORBELL-MANUAL
HAUXIY	HAUXIY	manuals.plus	HTTPS://MANUALS.PLUS/HAUXIY/Q9S-9-INCH-SMART-SCREEN-PLAYER-MANUAL
HAWKMARK	HAWKMARK	manuals.plus	HTTPS://MANUALS.PLUS/HAWKMARK/HAWKMARK-732840192354-WIRELESS-BLUETOOTH-STEREO-SPEAKER
HAWKRAYCAM	HAWKRAY	manuals.plus	HTTPS://MANUALS.PLUS/HAWKRAY/HAWKRAY-CAM-C1-WIRELESS-OUTDOOR-SECURITY-CAMERA
HAWPET	HAWPET	manuals.plus	HTTPS://MANUALS.PLUS/CATEGORY/HAWPET
HCYHNB	HCYHNB	manuals.plus	HTTPS://MANUALS.PLUS/HCYHNB/LED-TABLE-LAMP-MANUAL-3.PDF
HDCURE	HDCURE	manuals.plus	HTTPS://MANUALS.PLUS/HDCURE/HDCURE-LY-508BH-ACUPUNCTURE-PEN-USER-MANUAL
HDJUNTUNKOR	HDJUNTUNKOR	manuals.plus	HTTPS://MANUALS.PLUS/HDJUNTUNKOR/HDJUNTUNKOR-PORTABLE-DVD-PLAYER-WITH-10-1-HD-SWIVEL-DISPLAY-SCREEN-5-HOUR-RECHARGEABLE-BATTERY-COMPLETE-FEATURES-USER-GUIDE
HDJUNTUNKOR	HDJUNTUNKOR	manuals.plus	HTTPS://MANUALS.PLUS/CATEGORY/HDJUNTUNKOR
HDPEAK	HDPEAK	manuals.plus	HTTPS://MANUALS.PLUS/HDPEAK/MF-PC01-CORDLESS-ROBOTIC-POOL-CLEANER-MANUAL
HDRIDEZ	HDRIDEZ	manuals.plus	HTTPS://MANUALS.PLUS/CATEGORY/HD-RIDEZ
HEALCAN	HEALCAN	manuals.plus	HTTPS://MANUALS.PLUS/HEALCAN/DB52-DIGITAL-BODY-SCALE-MANUAL
HEELAY	HEELAY	manuals.plus	HTTPS://MANUALS.PLUS/HEELAY/KW-CS01-DEHUMIDIFIER-FOR-BEDROOM-MANUAL
HEIXSMT	HEIXSMT	manuals.plus	HTTPS://MANUALS.PLUS/CATEGORY/HEIXSMT
HEMISOL	HEMISOL	manuals.plus	HTTPS://MANUALS.PLUS/HEMISOL/HEMISOL-U10-WIFI-EXTENDERS-SIGNAL-BOOSTER-USER-MANUAL
HEMIUA	HEMIUA	manuals.plus	HTTPS://MANUALS.PLUS/HEMIUA/BUG-ZAPPER-PRO-MANUAL
