1888MILLS	1888MILLS	officedepot.com	HTTPS://WWW.OFFICEDEPOT.COM/B/TOWELS/BRAND--1888_MILLS/N-1751249
2000PLUS	2000PLUS	officedepot.com	HTTPS://WWW.OFFICEDEPOT.COM/B/STAMPS-AND-STAMP-PADS/BRAND--2000PLUS/N-1012432
3MPRIVACYFILTERS	3M	officedepot.com	HTTPS://WWW.OFFICEDEPOT.COM/B/PRIVACY-SCREEN-FILTERS/BRAND--3M/N-1462035
3MPRIVACYFILTERS	3M	officedepot.com	HTTPS://WWW.OFFICEDEPOT.COM/B/PRIVACY-SCREEN-FILTERS/BRAND--3M/N-1462035
AAXA	AAXA	officedepot.com	HTTPS://WWW.OFFICEDEPOT.COM/B/PROJECTORS/BRAND--AAXA/N-1123281
ACCESSORYINNOVATIONS	ACCESSORYINNOVATIONS	officedepot.com	HTTPS://WWW.OFFICEDEPOT.COM/B/OFFICE-SUPPLIES/BRAND--ACCESSORY_INNOVATIONS/N-1676
ACCOBRAND	ACCO	officedepot.com	HTTPS://WWW.OFFICEDEPOT.COM/B/OFFICE-SUPPLIES/BRAND--ACCO/N-1676
ACCOBRANDS	ACCO	officedepot.com	HTTPS://WWW.OFFICEDEPOT.COM/B/OFFICE-SUPPLIES/BRAND--ACCO/N-1676
ACCOBRANDSUSA	ACCO	officedepot.com	HTTPS://WWW.OFFICEDEPOT.COM/B/OFFICE-SUPPLIES/BRAND--ACCO/N-1676
ACCOCO	ACCO	officedepot.com	HTTPS://WWW.OFFICEDEPOT.COM/B/OFFICE-SUPPLIES/BRAND--ACCO/N-1676
ACCOTCOLE	ACCO	officedepot.com	HTTPS://WWW.OFFICEDEPOT.COM/B/OFFICE-SUPPLIES/BRAND--ACCO/N-1676
ACCUSTAMP	ACCUSTAMP	officedepot.com	HTTPS://WWW.OFFICEDEPOT.COM/B/STAMP-PADS-AND-REFILLS/BRAND--ACCUSTAMP/N-1012434
ACCWORK	ACCO	officedepot.com	HTTPS://WWW.OFFICEDEPOT.COM/B/OFFICE-SUPPLIES/BRAND--ACCO/N-1676
ACEOFFICE	ACE	officedepot.com	HTTPS://WWW.OFFICEDEPOT.COM/B/FURNITURE/BRAND--ACE/N-917
ACROPRINT	ACROPRINT	officedepot.com	HTTPS://WWW.OFFICEDEPOT.COM/B/TIME-CLOCK-SYSTEMS/BRAND--ACROPRINT/N-509788
ACROPRINT	ACROPRINT	officedepot.com	HTTPS://WWW.OFFICEDEPOT.COM/B/TIME-CLOCK-SYSTEMS/BRAND--ACROPRINT/N-509788
ACROPRINT	ACROPRINT	officedepot.com	HTTPS://WWW.OFFICEDEPOT.COM/B/TIME-CLOCK-SUPPLIES/BRAND--ACROPRINT/N-509787
ACROPRINTTIMERECORDER	ACROPRINT	officedepot.com	HTTPS://WWW.OFFICEDEPOT.COM/B/TIME-CLOCK-SYSTEMS/BRAND--ACROPRINT/N-509788
ACROPRINTTIMERECORDERCO	ACROPRINT	officedepot.com	HTTPS://WWW.OFFICEDEPOT.COM/B/TIME-CLOCK-SYSTEMS/BRAND--ACROPRINT/N-509788
ACTIONTECELECTRONICS	ACTIONTEC	officedepot.com	HTTPS://WWW.OFFICEDEPOT.COM/B/ELECTRONICS/BRAND--ACTIONTEC/N-9021
ACTIONTECELECTRONICS	ACTIONTEC	officedepot.com	HTTPS://WWW.OFFICEDEPOT.COM/B/ELECTRONICS/BRAND--ACTIONTEC/N-9021
ACTIVAPRODUCTS	ACTIVAPRODUCTS	officedepot.com	HTTPS://WWW.OFFICEDEPOT.COM/B/ART-AND-CRAFTING/BRAND--ACTIVA_PRODUCTS/N-639147
ACTIVEON	ACTIVEON	officedepot.com	HTTPS://WWW.OFFICEDEPOT.COM/B/ACTION-CAMERAS/BRAND--ACTIVEON/N-1170159
ADAMSBUSINESSFORMS	ADAMS	officedepot.com	HTTPS://WWW.OFFICEDEPOT.COM/B/BUSINESS-FORMS/BRAND--ADAMS/N-516209
ADESSOLIGHTING	ADESSO	officedepot.com	HTTPS://WWW.OFFICEDEPOT.COM/B/LAMPS-AND-LIGHTING/BRAND--ADESSO/N-1256962
ADOBESYSTEMS	ADOBE	officedepot.com	HTTPS://WWW.OFFICEDEPOT.COM/B/SOFTWARE/BRAND--ADOBE/N-1462054
ADVANCEDTABCO	ADVANCETABCO	officedepot.com	HTTPS://WWW.OFFICEDEPOT.COM/B/PLUMBING-EQUIPMENT/BRAND--ADVANCE_TABCO/N-590403
AEARO	AEARO	officedepot.com	HTTPS://WWW.OFFICEDEPOT.COM/B/HEARING-PROTECTION/BRAND--AEARO/N-654517
AICOOK	AICOOK	officedepot.com	HTTPS://WWW.OFFICEDEPOT.COM/B/KITCHEN/BRAND--AICOOK/N-1176150
AICOOKAICOOK	AICOOK	officedepot.com	HTTPS://WWW.OFFICEDEPOT.COM/B/KITCHEN/BRAND--AICOOK/N-1176150
AIRWICK	AIRWICK	officedepot.com	HTTPS://WWW.OFFICEDEPOT.COM/B/AIR-FRESHENERS/BRAND--AIR_WICK/N-1176180
AIRWICKAIRWICK	AIRWICK	officedepot.com	HTTPS://WWW.OFFICEDEPOT.COM/B/AIR-FRESHENERS/BRAND--AIR_WICK/N-1176180
AJAX	AJAX	officedepot.com	HTTPS://WWW.OFFICEDEPOT.COM/B/CLEANING-SUPPLIES/BRAND--AJAX/N-1477628
AKROMILLS	AKROMILS	officedepot.com	HTTPS://WWW.OFFICEDEPOT.COM/B/PLASTIC-STORAGE-CONTAINERS/BRAND--AKRO-MILS/N-1123255
AKROMILS	AKROMILS	officedepot.com	HTTPS://WWW.OFFICEDEPOT.COM/B/PLASTIC-STORAGE-CONTAINERS/BRAND--AKRO-MILS/N-1123255
AKROMILSOM	AKROMILS	officedepot.com	HTTPS://WWW.OFFICEDEPOT.COM/B/STORAGE-BINS-AND-BASKETS/BRAND--AKRO-MILS/N-1123253
AKROMILSOM	AKROMILS	officedepot.com	HTTPS://WWW.OFFICEDEPOT.COM/B/STORAGE/BRAND--AKRO-MILS/N-1123252
ALCWIRELESS	ALC	officedepot.com	HTTPS://WWW.OFFICEDEPOT.COM/B/SECURITY-CAMERAS-AND-SURVEILLANCE/BRAND--ALC/N-509545
ALLIANCEBUSINESSPRODUCTS	ALLIANCE	officedepot.com	HTTPS://WWW.OFFICEDEPOT.COM/B/OFFICE-SUPPLIES/BRAND--ALLIANCE/FEATURED_ITEMS--ECO-CONSCIOUS/N-1676
ALLIANCERUBBER	ALLIANCERUBBER	officedepot.com	HTTPS://WWW.OFFICEDEPOT.COM/B/RUBBER-BANDS/BRAND--ALLIANCE_RUBBER/N-581687
ALLSETTHEALTH	ALLSETTHEALTH	officedepot.com	HTTPS://WWW.OFFICEDEPOT.COM/B/LINENS/BRAND--ALLSETT_HEALTH/N-1181103
ALLSOP	ALLSOP	officedepot.com	HTTPS://WWW.OFFICEDEPOT.COM/B/COMPUTERS-AND-ACCESSORIES/BRAND--ALLSOP/N-1461888
ALPINEELECTRONICS	ALPINE	officedepot.com	HTTPS://WWW.OFFICEDEPOT.COM/B/ELECTRONICS/BRAND--ALPINE/N-9021
AMANTIART	AMANTIART	officedepot.com	HTTPS://WWW.OFFICEDEPOT.COM/B/MIRRORS-AND-WALL-ART/BRAND--AMANTI_ART/N-733964
AMAPEXMOUNT	AMERMOUNTS	officedepot.com	HTTPS://WWW.OFFICEDEPOT.COM/B/MONITOR-MOUNTS-AND-ARMS/BRAND--AMER_MOUNTS/N-1462033
AMAPEXMOUNT	AMERMOUNTS	officedepot.com	HTTPS://WWW.OFFICEDEPOT.COM/B/MONITOR-MOUNTS-AND-ARMS/BRAND--AMER_MOUNTS/N-1462033
AMBIRTECHNOLOGY	AMBIR	officedepot.com	HTTPS://WWW.OFFICEDEPOT.COM/B/SCANNERS/BRAND--AMBIR/N-1040464
AMERICANCRAFTS	AMERICANCRAFTS	officedepot.com	HTTPS://WWW.OFFICEDEPOT.COM/B/ART-AND-CRAFTING/BRAND--AMERICAN_CRAFTS/N-639147
AMERICANEASEL	AMERICANEASEL	officedepot.com	HTTPS://WWW.OFFICEDEPOT.COM/B/ART-AND-CRAFTING/BRAND--AMERICAN_EASEL/N-639147
AMERICANEASEL	AMERICANEASEL	officedepot.com	HTTPS://WWW.OFFICEDEPOT.COM/B/CANVAS-ART/BRAND--AMERICAN_EASEL/N-909571
AMERIWOOD	AMERIWOODHOME	officedepot.com	HTTPS://WWW.OFFICEDEPOT.COM/B/STORAGE-CABINETS/BRAND--AMERIWOOD_HOME/N-533602
AMERIWOOD	AMERIWOODHOME	officedepot.com	HTTPS://WWW.OFFICEDEPOT.COM/B/FIREPLACES/BRAND--AMERIWOOD_HOME/N-1257009
AMPAD	AMPAD	officedepot.com	HTTPS://WWW.OFFICEDEPOT.COM/B/NOTEBOOKS-AND-PADS/BRAND--AMPAD/N-530741
AMPADCORPORATION	AMPAD	officedepot.com	HTTPS://WWW.OFFICEDEPOT.COM/B/WRITING-PADS/BRAND--AMPAD/N-549829
AMPADDIVOFAMERCNPDPPR	AMPAD	officedepot.com	HTTPS://WWW.OFFICEDEPOT.COM/B/WRITING-PADS/BRAND--AMPAD/N-549829
AMPADDIVOFAMERCNPDPPR	AMPAD	officedepot.com	HTTPS://WWW.OFFICEDEPOT.COM/B/NOTEBOOKS-AND-PADS/BRAND--AMPAD/N-530741
AMPADDS	AMPAD	officedepot.com	HTTPS://WWW.OFFICEDEPOT.COM/B/WRITING-PADS/BRAND--AMPAD/N-549829
AMPADDS	AMPAD	officedepot.com	HTTPS://WWW.OFFICEDEPOT.COM/B/NOTEBOOKS-AND-PADS/BRAND--AMPAD/N-530741
AMSCANUSA	AMSCAN	officedepot.com	HTTPS://WWW.OFFICEDEPOT.COM/B/PARTY-SUPPLIES/BRAND--AMSCAN/N-1577569
ANCKER	ANKER	officedepot.com	HTTPS://WWW.OFFICEDEPOT.COM/B/ELECTRONICS/BRAND--ANKER/N-9021
ANER	ANKER	officedepot.com	HTTPS://WWW.OFFICEDEPOT.COM/B/ELECTRONICS/BRAND--ANKER/N-9021
ANGIESPOPCORN	ANGIEXQXSBOOMCHICKAPOP	officedepot.com	HTTPS://WWW.OFFICEDEPOT.COM/B/POPCORN/BRAND--ANGIEXQXS_BOOMCHICKAPOP/N-1418019
ANGISBOOMCHICKAPOP	ANGIEXQXSBOOMCHICKAPOP	officedepot.com	HTTPS://WWW.OFFICEDEPOT.COM/B/POPCORN/BRAND--ANGIEXQXS_BOOMCHICKAPOP/N-1418019
ANJIMOUNTAIN	ANJIMOUNTAIN	officedepot.com	HTTPS://WWW.OFFICEDEPOT.COM/B/CHAIR-MATS-AND-FLOOR-MATS/BRAND--ANJI_MOUNTAIN/N-1211740
ANKER	ANKER	officedepot.com	HTTPS://WWW.OFFICEDEPOT.COM/B/ELECTRONICS/BRAND--ANKER/N-9021
ANSELLGLOVES	ANSELL	officedepot.com	HTTPS://WWW.OFFICEDEPOT.COM/B/GLOVES-AND-HAND-PROTECTION/BRAND--ANSELL/N-654548
ANYMOUNT	ANYMOUNT	officedepot.com	HTTPS://WWW.OFFICEDEPOT.COM/B/DESK-COMPONENTS/BRAND--ANYMOUNT/N-553876
AOCASO	AOC	officedepot.com	HTTPS://WWW.OFFICEDEPOT.COM/B/MONITORS-AND-ACCESSORIES/BRAND--AOC/N-1462029
AOCCIT	AOC	officedepot.com	HTTPS://WWW.OFFICEDEPOT.COM/B/MONITORS-AND-ACCESSORIES/BRAND--AOC/N-1462029
AOCMONITORS	AOC	officedepot.com	HTTPS://WWW.OFFICEDEPOT.COM/B/MONITORS-AND-ACCESSORIES/BRAND--AOC/N-1462029
APCUPSREPLACEMENTBATTERY	APC	officedepot.com	HTTPS://WWW.OFFICEDEPOT.COM/B/UPS-BATTERY-CARTRIDGES/BRAND--APC/N-511269
APG	APG	officedepot.com	HTTPS://WWW.OFFICEDEPOT.COM/B/CASH-REGISTER-SUPPLIES/BRAND--APG/N-659963
APGCASHDRAWER	APG	officedepot.com	HTTPS://WWW.OFFICEDEPOT.COM/B/CASH-REGISTER-SUPPLIES/BRAND--APG/N-659963
AQUAOPTIMA	AQUAOPTIMA	officedepot.com	HTTPS://WWW.OFFICEDEPOT.COM/B/WATER-FILTERS-AND-DISPENSERS/BRAND--AQUA_OPTIMA/N-1176163
ARGOM	ARGOMTECH	officedepot.com	HTTPS://WWW.OFFICEDEPOT.COM/B/HOME-AUDIO/BRAND--ARGOM_TECH/N-633847
ARGOM	ARGOMTECH	officedepot.com	HTTPS://WWW.OFFICEDEPOT.COM/B/WATCHES/BRAND--ARGOM_TECH/N-679328
ARGOM	ARGOMTECH	officedepot.com	HTTPS://WWW.OFFICEDEPOT.COM/B/COMPUTER-ACCESSORIES/BRAND--ARGOM_TECH/N-1461889
ARGOMTECH	ARGOMTECH	officedepot.com	HTTPS://WWW.OFFICEDEPOT.COM/B/WATCHES/BRAND--ARGOM_TECH/N-679328
ARGVEY	GARVEY	officedepot.com	HTTPS://WWW.OFFICEDEPOT.COM/B/OFFICE-SUPPLIES/BRAND--GARVEY/N-1676
AROZZI	AROZZI	officedepot.com	HTTPS://WWW.OFFICEDEPOT.COM/B/GAMING-CHAIRS/BRAND--AROZZI/N-1302556
AROZZINORTHAMERICA	AROZZI	officedepot.com	HTTPS://WWW.OFFICEDEPOT.COM/B/FURNITURE/BRAND--AROZZI/N-917
ART1ST	ART1ST	officedepot.com	HTTPS://WWW.OFFICEDEPOT.COM/B/DRAWING-PAPER-AND-PADS/BRAND--ART1ST/N-530720
ARTLINE	ARTLINE	officedepot.com	HTTPS://WWW.OFFICEDEPOT.COM/B/OFFICE-SUPPLIES/BRAND--ARTLINE/N-1676
ARTSKILLS	ARTSKILLS	officedepot.com	HTTPS://WWW.OFFICEDEPOT.COM/B/ARTS-AND-CRAFTS/BRAND--ARTSKILLS/N-1155033
ARTSKILLS	ARTSKILLS	officedepot.com	HTTPS://WWW.OFFICEDEPOT.COM/B/CRAFT-SUPPLIES/BRAND--ARTSKILLS/N-639156
ASOBU	ASOBU	officedepot.com	HTTPS://WWW.OFFICEDEPOT.COM/B/WATER-BOTTLES/BRAND--ASOBU/N-1211738
ASPARA	ASPARA	officedepot.com	HTTPS://WWW.OFFICEDEPOT.COM/B/FRUITS-AND-VEGETABLES/BRAND--ASPARA/N-1418025
ASPARA	ASPARA	officedepot.com	HTTPS://WWW.OFFICEDEPOT.COM/B/FRUITS-AND-VEGETABLES/BRAND--ASPARA/N-1418025
ASTROBRIGHTS	ASTROBRIGHTS	officedepot.com	HTTPS://WWW.OFFICEDEPOT.COM/B/COLORED-PAPER/BRAND--ASTROBRIGHTS/N-530729
ASTROBRIGHTS	ASTROBRIGHTS	officedepot.com	HTTPS://WWW.OFFICEDEPOT.COM/B/PAPER/BRAND--ASTROBRIGHTS/N-530715
ASTRODESIGNS	ASTRODESIGNS	officedepot.com	HTTPS://WWW.OFFICEDEPOT.COM/B/CARDSTOCK/BRAND--ASTRODESIGNS/N-549819
ASTRODESIGNS	ASTRODESIGNS	officedepot.com	HTTPS://WWW.OFFICEDEPOT.COM/B/CARDSTOCK/BRAND--ASTRODESIGNS/N-549819
ASTROGAMING	ASTRO	officedepot.com	HTTPS://WWW.OFFICEDEPOT.COM/B/GAMING/BRAND--ASTRO/N-1461998
ASTROGAMINGA10GAMINGHEADSETGR	ASTRO	officedepot.com	HTTPS://WWW.OFFICEDEPOT.COM/B/GAMING-HEADSETS/BRAND--ASTRO/N-883791
ASUSDISPLAY	ASUS	officedepot.com	HTTPS://WWW.OFFICEDEPOT.COM/B/COMPUTER-MONITORS/BRAND--ASUS/N-1462030
ASUSTABLETS	ASUS	officedepot.com	HTTPS://WWW.OFFICEDEPOT.COM/B/TABLETS/BRAND--ASUS/N-1462097
ATAGLANCE	ATAGLANCE	officedepot.com	HTTPS://WWW.OFFICEDEPOT.COM/B/CALENDARS-AND-PLANNERS/BRAND--AT-A-GLANCE/N-1131206
ATDEC	ATDEC	officedepot.com	HTTPS://WWW.OFFICEDEPOT.COM/B/COMPUTERS-AND-ACCESSORIES/BRAND--ATDEC/N-1461888
ATDEC	ATDEC	officedepot.com	HTTPS://WWW.OFFICEDEPOT.COM/B/MONITOR-MOUNTS-AND-ARMS/BRAND--ATDEC/N-1462033
ATIVA	ATIVA	officedepot.com	HTTPS://WWW.OFFICEDEPOT.COM/B/ELECTRONICS/BRAND--ATIVA/N-9021
AUTHENTICDONUTSHOPBLEND	AUTHENTICDONUTSHOPBLEND	officedepot.com	HTTPS://WWW.OFFICEDEPOT.COM/B/COFFEE-AND-COFFEE-SUPPLIES/BRAND--AUTHENTIC_DONUT_SHOP_BLEND/N-1154872
AUTHENTICDONUTSHOPBLEND	AUTHENTICDONUTSHOPBLEND	officedepot.com	HTTPS://WWW.OFFICEDEPOT.COM/B/COFFEE-AND-COFFEE-SUPPLIES/BRAND--AUTHENTIC_DONUT_SHOP_BLEND/N-1154872
AVANQUEST	AVANQUEST	officedepot.com	HTTPS://WWW.OFFICEDEPOT.COM/B/SOFTWARE/BRAND--AVANQUEST/N-1462054
AVANQUEST	AVANQUEST	officedepot.com	HTTPS://WWW.OFFICEDEPOT.COM/B/SOFTWARE/BRAND--AVANQUEST/N-1462054
AVANQUEST	AVANQUEST	officedepot.com	HTTPS://WWW.OFFICEDEPOT.COM/B/BUSINESS-SOFTWARE/BRAND--AVANQUEST/N-1462062
AVANQUEST	AVANQUEST	officedepot.com	HTTPS://WWW.OFFICEDEPOT.COM/B/BUSINESS-MANAGEMENT-SOFTWARE/BRAND--AVANQUEST/N-1462065
AVE6	AVESIX	officedepot.com	HTTPS://WWW.OFFICEDEPOT.COM/B/FURNITURE/BRAND--AVE_SIX/N-917
AVE6	AVESIX	officedepot.com	HTTPS://WWW.OFFICEDEPOT.COM/B/SOFAS-AND-LOUNGE-CHAIRS/BRAND--AVE_SIX/N-1436114
AVENUESIX	AVESIX	officedepot.com	HTTPS://WWW.OFFICEDEPOT.COM/B/FURNITURE/BRAND--AVE_SIX/N-917
AVERY	AVERY	officedepot.com	HTTPS://WWW.OFFICEDEPOT.COM/B/LABELS-AND-LABEL-MAKERS/BRAND--AVERY/N-1159754
AVERY	AVERY	officedepot.com	HTTPS://WWW.OFFICEDEPOT.COM/B/LABELS-AND-TAGS/BRAND--AVERY/N-3950
AVERYAVERY	AVERY	officedepot.com	HTTPS://WWW.OFFICEDEPOT.COM/B/LABELS-AND-LABEL-MAKERS/BRAND--AVERY/N-1159754
AVERYAVERY	AVERY	officedepot.com	HTTPS://WWW.OFFICEDEPOT.COM/B/LABELS-AND-TAGS/BRAND--AVERY/N-3950
AVERYG	AVERY	officedepot.com	HTTPS://WWW.OFFICEDEPOT.COM/B/LABELS-AND-LABEL-MAKERS/BRAND--AVERY/N-1159754
AVERYHOMEGROWN	AVERY	officedepot.com	HTTPS://WWW.OFFICEDEPOT.COM/B/LABELS-AND-LABEL-MAKERS/BRAND--AVERY/N-1159754
AVERYOFFICEPRODUCTS	AVERY	officedepot.com	HTTPS://WWW.OFFICEDEPOT.COM/B/OFFICE-SUPPLIES/BRAND--AVERY/N-1676
AVERYOFFICEPRODUCTS	AVERY	officedepot.com	HTTPS://WWW.OFFICEDEPOT.COM/B/LABELS-AND-LABEL-MAKERS/BRAND--AVERY/N-1159754
AVERYOFFICEPRODUCTS	AVERY	officedepot.com	HTTPS://WWW.OFFICEDEPOT.COM/B/LABELS-AND-TAGS/BRAND--AVERY/N-3950
AVERYPRODUCTS	AVERY	officedepot.com	HTTPS://WWW.OFFICEDEPOT.COM/B/LABELS-AND-TAGS/BRAND--AVERY/N-3950
AVERYPRODUCTS	AVERY	officedepot.com	HTTPS://WWW.OFFICEDEPOT.COM/B/LABELS-AND-LABEL-MAKERS/BRAND--AVERY/N-1159754
AVERYREG	AVERY	officedepot.com	HTTPS://WWW.OFFICEDEPOT.COM/B/LABELS-AND-TAGS/BRAND--AVERY/N-3950
AVERYREG	AVERY	officedepot.com	HTTPS://WWW.OFFICEDEPOT.COM/B/LABELS-AND-LABEL-MAKERS/BRAND--AVERY/N-1159754
AVERYSTORE	AVERY	officedepot.com	HTTPS://WWW.OFFICEDEPOT.COM/B/LABELS-AND-TAGS/BRAND--AVERY/N-3950
AVERYSTORE	AVERY	officedepot.com	HTTPS://WWW.OFFICEDEPOT.COM/B/LABELS-AND-LABEL-MAKERS/BRAND--AVERY/N-1159754
AVESIX	AVESIX	officedepot.com	HTTPS://WWW.OFFICEDEPOT.COM/B/FURNITURE/BRAND--AVE_SIX/N-917
AVESIXBYOFFICESTARPRODUCTS	AVESIX	officedepot.com	HTTPS://WWW.OFFICEDEPOT.COM/B/FURNITURE/BRAND--AVE_SIX/N-917
AVESIXBYOFFICESTARPRODUCTS	AVESIX	officedepot.com	HTTPS://WWW.OFFICEDEPOT.COM/B/TABLES/BRAND--AVE_SIX/N-501910
AVESIXBYOFFICESTARPRODUCTS	OFFICESTAR	officedepot.com	HTTPS://WWW.OFFICEDEPOT.COM/B/OFFICE-CHAIRS/BRAND--OFFICE_STAR/N-593067
AVGTECHNOLOGIES	AVGTECHNOLOGIES	officedepot.com	HTTPS://WWW.OFFICEDEPOT.COM/B/SOFTWARE/BRAND--AVG_TECHNOLOGIES/N-1462054
AVGTECHNOLOGIES	AVGTECHNOLOGIES	officedepot.com	HTTPS://WWW.OFFICEDEPOT.COM/B/SOFTWARE/BRAND--AVG_TECHNOLOGIES/N-1462054
AVGTECHNOLOGIES	AVGTECHNOLOGIES	officedepot.com	HTTPS://WWW.OFFICEDEPOT.COM/B/INTERNET-SECURITY-SOFTWARE/BRAND--AVG_TECHNOLOGIES/N-1462058
AZAR	AZARDISPLAYS	officedepot.com	HTTPS://WWW.OFFICEDEPOT.COM/B/OFFICE-SUPPLIES/BRAND--AZAR_DISPLAYS/N-1676
AZARDISPLAYS	AZARDISPLAYS	officedepot.com	HTTPS://WWW.OFFICEDEPOT.COM/B/OFFICE-SUPPLIES/BRAND--AZAR_DISPLAYS/N-1676
AZARDISPLAYS	AZARDISPLAYS	officedepot.com	HTTPS://WWW.OFFICEDEPOT.COM/B/BOARD-ACCESSORIES/BRAND--AZAR_DISPLAYS/N-714866
AZARDISPLAYS	AZARDISPLAYS	officedepot.com	HTTPS://WWW.OFFICEDEPOT.COM/B/DESK-ORGANIZERS/BRAND--AZAR_DISPLAYS/N-1170330
BADGY	BADGY	officedepot.com	HTTPS://WWW.OFFICEDEPOT.COM/B/PRINTERS/BRAND--BADGY/N-1462036
BALLYTOTALFITNESS	BALLYTOTALFITNESS	officedepot.com	HTTPS://WWW.OFFICEDEPOT.COM/B/DIAGNOSTIC/BRAND--BALLY_TOTAL_FITNESS/N-1181082
BANKERBOX	BANKERSBOX	officedepot.com	HTTPS://WWW.OFFICEDEPOT.COM/B/MOVING-BOXES/BRAND--BANKERS_BOX/N-530206
BANKERBOX	BANKERSBOX	officedepot.com	HTTPS://WWW.OFFICEDEPOT.COM/B/FILE-BOXES/BRAND--BANKERS_BOX/N-1123257
BANKERSBOX	BANKERSBOX	officedepot.com	HTTPS://WWW.OFFICEDEPOT.COM/B/MOVING-BOXES/BRAND--BANKERS_BOX/N-530206
BANKERSBOX	BANKERSBOX	officedepot.com	HTTPS://WWW.OFFICEDEPOT.COM/B/MOVING-BOXES/BRAND--BANKERS_BOX/N-530206
BANKERSBOX	BANKERSBOX	officedepot.com	HTTPS://WWW.OFFICEDEPOT.COM/B/FILE-BOXES/BRAND--BANKERS_BOX/N-1123257
BANKERSBOXSTORFILEDIVIDER	BANKERSBOX	officedepot.com	HTTPS://WWW.OFFICEDEPOT.COM/B/FILE-BOXES/BRAND--BANKERS_BOX/N-1123257
BARISTAPRIMA	BARISTAPRIMA	officedepot.com	HTTPS://WWW.OFFICEDEPOT.COM/B/COFFEE/BRAND--BARISTA_PRIMA/N-1154874
BARISTAPRIMACOFFEEHOUSE	BARISTAPRIMA	officedepot.com	HTTPS://WWW.OFFICEDEPOT.COM/B/COFFEE/BRAND--BARISTA_PRIMA/N-1154874
BARISTAPRIMAHOUSE	BARISTAPRIMA	officedepot.com	HTTPS://WWW.OFFICEDEPOT.COM/B/COFFEE/BRAND--BARISTA_PRIMA/N-1154874
BARNIESCOFFEETEACO	BARNIESCOFFEEXAXTEACOXPX	officedepot.com	HTTPS://WWW.OFFICEDEPOT.COM/B/COFFEE/BRAND--BARNIES_COFFEE_XAX_TEA_COXPX/N-1154874
BASYX	BASYXBYHON	officedepot.com	HTTPS://WWW.OFFICEDEPOT.COM/B/FURNITURE/BRAND--BASYX_BY_HON/N-917
BASYXBYHON	BASYXBYHON	officedepot.com	HTTPS://WWW.OFFICEDEPOT.COM/B/FURNITURE/BRAND--BASYX_BY_HON/N-917
BASYXHON	BASYXBYHON	officedepot.com	HTTPS://WWW.OFFICEDEPOT.COM/B/FURNITURE/BRAND--BASYX_BY_HON/N-917
BAUMGARTENS	BAUMGARTENS	officedepot.com	HTTPS://WWW.OFFICEDEPOT.COM/B/OFFICE-SUPPLIES/BRAND--BAUMGARTENS/N-1676
BAUMGARTENS	BAUMGARTENS	officedepot.com	HTTPS://WWW.OFFICEDEPOT.COM/B/CLIPBOARDS/BRAND--BAUMGARTENS/N-551510
BAUMGARTENS	BAUMGARTENS	officedepot.com	HTTPS://WWW.OFFICEDEPOT.COM/B/CLIPBOARDS/BRAND--BAUMGARTENS/N-551510
BAXSTONSTUDIO	BAXTONSTUDIO	officedepot.com	HTTPS://WWW.OFFICEDEPOT.COM/B/FURNITURE/BRAND--BAXTON_STUDIO/N-917
BAXTON	BAXTONSTUDIO	officedepot.com	HTTPS://WWW.OFFICEDEPOT.COM/B/FURNITURE/BRAND--BAXTON_STUDIO/N-917
BAXTONFURNITURESTUDIOS	BAXTONSTUDIO	officedepot.com	HTTPS://WWW.OFFICEDEPOT.COM/B/FURNITURE/BRAND--BAXTON_STUDIO/N-917
BAXTONSTUDIO	BAXTONSTUDIO	officedepot.com	HTTPS://WWW.OFFICEDEPOT.COM/B/FURNITURE/BRAND--BAXTON_STUDIO/N-917
BAXTONSTUDIO	BAXTONSTUDIO	officedepot.com	HTTPS://WWW.OFFICEDEPOT.COM/B/BEDROOM/BRAND--BAXTON_STUDIO/N-1576446
BAXTONSTUDIOS	BAXTONSTUDIO	officedepot.com	HTTPS://WWW.OFFICEDEPOT.COM/B/FURNITURE/BRAND--BAXTON_STUDIO/N-917
BAXTONSTUDIOSWANSONWOOD2DRAWER	BAXTONSTUDIO	officedepot.com	HTTPS://WWW.OFFICEDEPOT.COM/B/DRESSERS/BRAND--BAXTON_STUDIO/N-1576456
BAZIC	BAZICPRODUCTS	officedepot.com	HTTPS://WWW.OFFICEDEPOT.COM/B/OFFICE-SUPPLIES/BRAND--BAZIC_PRODUCTS/N-1676
BAZIC	BAZICPRODUCTS	officedepot.com	HTTPS://WWW.OFFICEDEPOT.COM/B/WRITING-SUPPLIES/BRAND--BAZIC_PRODUCTS/N-4367
BAZICPRODUCTS	BAZICPRODUCTS	officedepot.com	HTTPS://WWW.OFFICEDEPOT.COM/B/OFFICE-SUPPLIES/BRAND--BAZIC_PRODUCTS/N-1676
BAZICPRODUCTS	BAZICPRODUCTS	officedepot.com	HTTPS://WWW.OFFICEDEPOT.COM/B/WRITING-SUPPLIES/BRAND--BAZIC_PRODUCTS/N-4367
BAZIMAALICE	BAZICPRODUCTS	officedepot.com	HTTPS://WWW.OFFICEDEPOT.COM/B/OFFICE-SUPPLIES/BRAND--BAZIC_PRODUCTS/N-1676
BAZXCIW	BAZICPRODUCTS	officedepot.com	HTTPS://WWW.OFFICEDEPOT.COM/B/OFFICE-SUPPLIES/BRAND--BAZIC_PRODUCTS/N-1676
BBAZICPRODUCTS	BAZICPRODUCTS	officedepot.com	HTTPS://WWW.OFFICEDEPOT.COM/B/OFFICE-SUPPLIES/BRAND--BAZIC_PRODUCTS/N-1676
BBBROTHERBROTHER	BROTHER	officedepot.com	HTTPS://WWW.OFFICEDEPOT.COM/B/PRINTERS/BRAND--BROTHER/N-1462036
BEILEFANG	BIENFANG	officedepot.com	HTTPS://WWW.OFFICEDEPOT.COM/B/DRAWING-PAPER-AND-PADS/BRAND--BIENFANG/N-530720
BEILEFANG	BIENFANG	officedepot.com	HTTPS://WWW.OFFICEDEPOT.COM/B/DRAWING-PAPER-AND-PADS/BRAND--BIENFANG/N-530720
BELKINCABLES	BELKIN	officedepot.com	HTTPS://WWW.OFFICEDEPOT.COM/B/CABLES/BRAND--BELKIN/N-509689
BENQDISPLAYS	BENQ	officedepot.com	HTTPS://WWW.OFFICEDEPOT.COM/B/COMPUTER-MONITORS/BRAND--BENQ/N-1462030
BENTAGO	BENTGO	officedepot.com	HTTPS://WWW.OFFICEDEPOT.COM/B/LUNCH-BAGS/BRAND--BENTGO/N-1510092
BENTGO	BENTGO	officedepot.com	HTTPS://WWW.OFFICEDEPOT.COM/B/LUNCH-BAGS/BRAND--BENTGO/N-1510092
BERLINGEAR	BERLINGEAR	officedepot.com	HTTPS://WWW.OFFICEDEPOT.COM/B/APPLIANCES/BRAND--BERLIN_GEAR/N-530420
BESETTENPROFESSIONAL	BESTAR	officedepot.com	HTTPS://WWW.OFFICEDEPOT.COM/B/DESKS/BRAND--BESTAR/N-501545
BESTIER	BESTIER	officedepot.com	HTTPS://WWW.OFFICEDEPOT.COM/B/FURNITURE/BRAND--BESTIER/N-917
BESTITURE	BESTIER	officedepot.com	HTTPS://WWW.OFFICEDEPOT.COM/B/FURNITURE/BRAND--BESTIER/N-917
BESTPRESSOCOFFEE	BESTPRESSO	officedepot.com	HTTPS://WWW.OFFICEDEPOT.COM/B/COFFEE/BRAND--BESTPRESSO/N-1154874
BETCO	BETCO	officedepot.com	HTTPS://WWW.OFFICEDEPOT.COM/B/CLEANING/BRAND--BETCO/N-530552
BETTERHOUSEWARE	BETTERHOUSEWARE	officedepot.com	HTTPS://WWW.OFFICEDEPOT.COM/B/SERVEWARE/BRAND--BETTER_HOUSEWARE/N-1176178
BETTERHOUSEWARE	BETTERHOUSEWARE	officedepot.com	HTTPS://WWW.OFFICEDEPOT.COM/B/FURNITURE/BRAND--BETTER_HOUSEWARE/N-917
BETTERHOUSEWARES	BETTERHOUSEWARE	officedepot.com	HTTPS://WWW.OFFICEDEPOT.COM/B/SERVEWARE/BRAND--BETTER_HOUSEWARE/N-1176178
BIC	BIC	officedepot.com	HTTPS://WWW.OFFICEDEPOT.COM/B/PENS/BRAND--BIC/N-4520
BICAMERICA	BICAMERICA	officedepot.com	HTTPS://WWW.OFFICEDEPOT.COM/B/HOME-AUDIO/BRAND--BIC_AMERICA/N-633847
BICLLCSDD	BIC	officedepot.com	HTTPS://WWW.OFFICEDEPOT.COM/B/PENS/BRAND--BIC/N-4520
BICLLCSDD	BIC	officedepot.com	HTTPS://WWW.OFFICEDEPOT.COM/B/PENS/BRAND--BIC/N-4520
BICOPO	BIC	officedepot.com	HTTPS://WWW.OFFICEDEPOT.COM/B/PENS/BRAND--BIC/N-4520
BIENFANG	BIENFANG	officedepot.com	HTTPS://WWW.OFFICEDEPOT.COM/B/DRAWING-PAPER-AND-PADS/BRAND--BIENFANG/N-530720
BIENFANG	BIENFANG	officedepot.com	HTTPS://WWW.OFFICEDEPOT.COM/B/DRAWING-PAPER-AND-PADS/BRAND--BIENFANG/N-530720
BIONAIRE	BIONAIRE	officedepot.com	HTTPS://WWW.OFFICEDEPOT.COM/B/AIR-PURIFIERS-AND-FILTERS/BRAND--BIONAIRE/N-1176146
BIONAIRRE	BIONAIRE	officedepot.com	HTTPS://WWW.OFFICEDEPOT.COM/B/AIR-PURIFIERS-AND-FILTERS/BRAND--BIONAIRE/N-1176146
BISLEY	BISLEY	officedepot.com	HTTPS://WWW.OFFICEDEPOT.COM/B/FURNITURE/BRAND--BISLEY/N-917
BISLEY	BISLEY	officedepot.com	HTTPS://WWW.OFFICEDEPOT.COM/B/FILE-CABINETS/BRAND--BISLEY/N-1141176
BLACKANDDECKEROFFICEPRODUCTS	BLACKXLXDECKER	officedepot.com	HTTPS://WWW.OFFICEDEPOT.COM/B/TOOLS-AND-EQUIPMENT/BRAND--BLACKXLXDECKER/N-590326
BLACKANDDECKEROFFICEPRODUCTS	BLACKXLXDECKER	officedepot.com	HTTPS://WWW.OFFICEDEPOT.COM/B/APPLIANCES/BRAND--BLACKXLXDECKER/N-530420
BLACKANDDECKEROFFICEPRODUCTS	BLACKXLXDECKER	officedepot.com	HTTPS://WWW.OFFICEDEPOT.COM/B/ELECTRICAL-TOOLS/BRAND--BLACKXLXDECKER/N-590327
BLOODYGAMING	BLOODY	officedepot.com	HTTPS://WWW.OFFICEDEPOT.COM/B/MICE-AND-KEYBOARDS/BRAND--BLOODY/N-1461905
BLOODYGAMING	BLOODY	officedepot.com	HTTPS://WWW.OFFICEDEPOT.COM/B/GAMING-KEYBOARDS/BRAND--BLOODY/N-1461906
BLUELINE	BLUELINE	officedepot.com	HTTPS://WWW.OFFICEDEPOT.COM/B/NOTEBOOKS-AND-PADS/BRAND--BLUELINE/N-530741
BLUELINE	BLUELINE	officedepot.com	HTTPS://WWW.OFFICEDEPOT.COM/B/OFFICE-SUPPLIES/BRAND--BLUELINE/N-1676
BLUELINEPRODUCTS	BLUELINE	officedepot.com	HTTPS://WWW.OFFICEDEPOT.COM/B/NOTEBOOKS-AND-PADS/BRAND--BLUELINE/N-530741
BLUELOUNGE	BLUELOUNGE	officedepot.com	HTTPS://WWW.OFFICEDEPOT.COM/B/CABLES/BRAND--BLUELOUNGE/N-509689
BLUEMICROPHONE	BLUEMICROPHONES	officedepot.com	HTTPS://WWW.OFFICEDEPOT.COM/B/MICROPHONES/BRAND--BLUE_MICROPHONES/N-633846
BLUEMICROPHONES	BLUEMICROPHONES	officedepot.com	HTTPS://WWW.OFFICEDEPOT.COM/B/MICROPHONES/BRAND--BLUE_MICROPHONES/N-633846
BOISEPAPER	BOISE	officedepot.com	HTTPS://WWW.OFFICEDEPOT.COM/B/COPY-AND-MULTIPURPOSE-PAPER/BRAND--BOISE/N-530730
BOISEPAPER	BOISE	officedepot.com	HTTPS://WWW.OFFICEDEPOT.COM/B/PAPER/BRAND--BOISE/N-530715
BOISEPAPERSTORE	BOISE	officedepot.com	HTTPS://WWW.OFFICEDEPOT.COM/B/COPY-AND-MULTIPURPOSE-PAPER/BRAND--BOISE/N-530730
BOISEPAPERSTORE	BOISE	officedepot.com	HTTPS://WWW.OFFICEDEPOT.COM/B/COPY-AND-MULTIPURPOSE-PAPER/BRAND--BOISE/N-530730
BOISEPAPERSTORE	BOISE	officedepot.com	HTTPS://WWW.OFFICEDEPOT.COM/B/PAPER/BRAND--BOISE/N-530715
BORDENRILEY	BORDENXAXRILEY	officedepot.com	HTTPS://WWW.OFFICEDEPOT.COM/B/ART-AND-CRAFT-PAPER/BRAND--BORDEN_XAX_RILEY/N-530716
BORDENRILEY	BORDENXAXRILEY	officedepot.com	HTTPS://WWW.OFFICEDEPOT.COM/B/ART-AND-CRAFT-PAPER/BRAND--BORDEN_XAX_RILEY/N-530716
BOSSCHAIR	BOSSOFFICEPRODUCTS	officedepot.com	HTTPS://WWW.OFFICEDEPOT.COM/B/OFFICE-CHAIRS/BRAND--BOSS_OFFICE_PRODUCTS/N-593067
BOSSFURNITURE	BOSSOFFICEPRODUCTS	officedepot.com	HTTPS://WWW.OFFICEDEPOT.COM/B/FURNITURE/BRAND--BOSS_OFFICE_PRODUCTS/N-917
BOSSFURNITURE	BOSS	officedepot.com	HTTPS://WWW.OFFICEDEPOT.COM/B/FURNITURE/BRAND--BOSS/N-917
BOSSOFFICE	BOSSOFFICEPRODUCTS	officedepot.com	HTTPS://WWW.OFFICEDEPOT.COM/B/FURNITURE/BRAND--BOSS_OFFICE_PRODUCTS/N-917
BOSSOFFICE	BOSSOFFICEPRODUCTS	officedepot.com	HTTPS://WWW.OFFICEDEPOT.COM/B/OFFICE-SUPPLIES/BRAND--BOSS_OFFICE_PRODUCTS/N-1676
BOSSOFFICEHOME	BOSSOFFICEPRODUCTS	officedepot.com	HTTPS://WWW.OFFICEDEPOT.COM/B/FURNITURE/BRAND--BOSS_OFFICE_PRODUCTS/N-917
BOSSOFFICEPRODUCTS	BOSSOFFICEPRODUCTS	officedepot.com	HTTPS://WWW.OFFICEDEPOT.COM/B/FURNITURE/BRAND--BOSS_OFFICE_PRODUCTS/N-917
BOSSOFFICEPRODUCTS	BOSSOFFICEPRODUCTS	officedepot.com	HTTPS://WWW.OFFICEDEPOT.COM/B/OFFICE-SUPPLIES/BRAND--BOSS_OFFICE_PRODUCTS/N-1676
BOSSOFFICEPRODUCTSA20	BOSSOFFICEPRODUCTS	officedepot.com	HTTPS://WWW.OFFICEDEPOT.COM/B/FURNITURE/BRAND--BOSS_OFFICE_PRODUCTS/N-917
BOSSOFFICEPRODUCTSA20	BOSSOFFICEPRODUCTS	officedepot.com	HTTPS://WWW.OFFICEDEPOT.COM/B/OFFICE-SUPPLIES/BRAND--BOSS_OFFICE_PRODUCTS/N-1676
BOSSOFFICEPRODUCTSBOSXK	BOSSOFFICEPRODUCTS	officedepot.com	HTTPS://WWW.OFFICEDEPOT.COM/B/FURNITURE/BRAND--BOSS_OFFICE_PRODUCTS/N-917
BOSSOFFICEPRODUCTSBOSXK	BOSSOFFICEPRODUCTS	officedepot.com	HTTPS://WWW.OFFICEDEPOT.COM/B/OFFICE-SUPPLIES/BRAND--BOSS_OFFICE_PRODUCTS/N-1676
BOSSOFFICEPRODUCTSSTORE	BOSSOFFICEPRODUCTS	officedepot.com	HTTPS://WWW.OFFICEDEPOT.COM/B/FURNITURE/BRAND--BOSS_OFFICE_PRODUCTS/N-917
BOSSOFFICEPRODUCTSSTORE	BOSSOFFICEPRODUCTS	officedepot.com	HTTPS://WWW.OFFICEDEPOT.COM/B/OFFICE-SUPPLIES/BRAND--BOSS_OFFICE_PRODUCTS/N-1676
BOSSPRODUCTS	BOSSOFFICEPRODUCTS	officedepot.com	HTTPS://WWW.OFFICEDEPOT.COM/B/FURNITURE/BRAND--BOSS_OFFICE_PRODUCTS/N-917
BOSTITCHOFFICE	BOSTITCH	officedepot.com	HTTPS://WWW.OFFICEDEPOT.COM/B/STAPLERS-AND-STAPLES/BRAND--BOSTITCH/N-658785
BOSTITCHOFFICE	STANLEYBOSTITCH	officedepot.com	HTTPS://WWW.OFFICEDEPOT.COM/B/OFFICE-SUPPLIES/BRAND--STANLEY-BOSTITCH/N-1676
BOSTITCHSTANLEY	STANLEYBOSTITCH	officedepot.com	HTTPS://WWW.OFFICEDEPOT.COM/B/OFFICE-SUPPLIES/BRAND--STANLEY-BOSTITCH/N-1676
BOSTITCHSTANLEY	STANLEYBOSTITCH	officedepot.com	HTTPS://WWW.OFFICEDEPOT.COM/B/STAPLERS-AND-STAPLES/BRAND--STANLEY-BOSTITCH/N-658785
BOSTITCHSTANLEY	STANLEYBOSTITCH	officedepot.com	HTTPS://WWW.OFFICEDEPOT.COM/B/ELECTRIC-STAPLERS/BRAND--STANLEY-BOSTITCH/N-658786
BOSTITCHSTANLEY	STANLEYBOSTITCH	officedepot.com	HTTPS://WWW.OFFICEDEPOT.COM/B/HAND-TOOLS/BRAND--STANLEY-BOSTITCH/N-590334
BOULDERCLEAN	BOULDERCLEAN	officedepot.com	HTTPS://WWW.OFFICEDEPOT.COM/B/CLEANING-SUPPLIES/BRAND--BOULDER_CLEAN/N-1477628
BOULDERCLEANERS	BOULDERCLEAN	officedepot.com	HTTPS://WWW.OFFICEDEPOT.COM/B/CLEANING-SUPPLIES/BRAND--BOULDER_CLEAN/N-1477628
BOXBANK	BANKERSBOX	officedepot.com	HTTPS://WWW.OFFICEDEPOT.COM/B/FILE-BOXES/BRAND--BANKERS_BOX/N-1123257
BRANDDOVERPUBLICATIONS	DOVERPUBLICATIONS	officedepot.com	HTTPS://WWW.OFFICEDEPOT.COM/B/OFFICE-SUPPLIES/BRAND--DOVER_PUBLICATIONS/N-1676
BRANDOFSEVENTHGENERATION	SEVENTHGENERATION	officedepot.com	HTTPS://WWW.OFFICEDEPOT.COM/B/CLEANING-SUPPLIES/BRAND--SEVENTH_GENERATION/N-1477628
BRAWNY	BRAWNY	officedepot.com	HTTPS://WWW.OFFICEDEPOT.COM/B/PAPER-TOWELS/BRAND--BRAWNY/N-1170288
BREAKROOMDEPOT	SNACKBOXPROS	officedepot.com	HTTPS://WWW.OFFICEDEPOT.COM/B/BREAKROOM/BRAND--SNACK_BOX_PROS/N-530419
BREAREESE	BREAREESE	officedepot.com	HTTPS://WWW.OFFICEDEPOT.COM/B/ART-AND-CRAFTING/BRAND--BREA_REESE/N-639147
BRENTHAVEN	BRENTHAVEN	officedepot.com	HTTPS://WWW.OFFICEDEPOT.COM/B/BAGS-AND-LUGGAGE/BRAND--BRENTHAVEN/N-2674
BRENTONSTUDIO	BRENTONSTUDIO	officedepot.com	HTTPS://WWW.OFFICEDEPOT.COM/B/TASK-CHAIRS/BRAND--BRENTON_STUDIO/N-593071
BRENTONSTUDIO	BRENTONSTUDIO	officedepot.com	HTTPS://WWW.OFFICEDEPOT.COM/B/FURNITURE/BRAND--BRENTON_STUDIO/N-917
BRENTONSTUDIO	BRENTONSTUDIO	officedepot.com	HTTPS://WWW.OFFICEDEPOT.COM/B/BRENTON-STUDIO-CHAIRS/BRAND--BRENTON_STUDIO/N-988285
BRETFORD	BRETFORD	officedepot.com	HTTPS://WWW.OFFICEDEPOT.COM/B/FURNITURE/BRAND--BRETFORD/N-917
BRETFORD	BRETFORD	officedepot.com	HTTPS://WWW.OFFICEDEPOT.COM/B/CHARGING-CARTS-AND-STATIONS/BRAND--BRETFORD/N-925792
BRETFORD	BRETFORD	officedepot.com	HTTPS://WWW.OFFICEDEPOT.COM/B/CARTS/BRAND--BRETFORD/N-501477
BRIGHTERCHILD	BRIGHTERCHILD	officedepot.com	HTTPS://WWW.OFFICEDEPOT.COM/B/CLASSROOM-EARLY-LEARNING/BRAND--BRIGHTER_CHILD/N-1186190
BRIGHTERCHILD	BRIGHTERCHILD	officedepot.com	HTTPS://WWW.OFFICEDEPOT.COM/B/INSTRUCTIONAL-RESOURCES/BRAND--BRIGHTER_CHILD/N-1186188
BRITAWATERSYSTEMS	BRITA	officedepot.com	HTTPS://WWW.OFFICEDEPOT.COM/B/WATER-FILTERS-AND-DISPENSERS/BRAND--BRITA/N-1176163
BROTHER123SHOP	BROTHER	officedepot.com	HTTPS://WWW.OFFICEDEPOT.COM/B/COMPUTERS-AND-ACCESSORIES/BRAND--BROTHER/N-1461888
BROTHERATYOURSIDE	BROTHER	officedepot.com	HTTPS://WWW.OFFICEDEPOT.COM/B/PRINTERS/BRAND--BROTHER/N-1462036
BROTHERINTL	BROTHER	officedepot.com	HTTPS://WWW.OFFICEDEPOT.COM/B/PRINTERS/BRAND--BROTHER/N-1462036
BROTHERPRINTER	BROTHER	officedepot.com	HTTPS://WWW.OFFICEDEPOT.COM/B/PRINTERS/BRAND--BROTHER/N-1462036
BROTHERPTOUCHTZSERIES	BROTHER	officedepot.com	HTTPS://WWW.OFFICEDEPOT.COM/B/PRINTERS/BRAND--BROTHER/N-1462036
BROTHERSEWING	BROTHER	officedepot.com	HTTPS://WWW.OFFICEDEPOT.COM/B/SEWING-MACHINES/BRAND--BROTHER/N-1325811
BROWNLINE	BROWNLINE	officedepot.com	HTTPS://WWW.OFFICEDEPOT.COM/B/CALENDARS-AND-PLANNERS/BRAND--BROWNLINE/N-1131206
BROWNTROUT	BROWNTROUT	officedepot.com	HTTPS://WWW.OFFICEDEPOT.COM/B/CALENDARS/BRAND--BROWNTROUT/N-1131208
BROWNTROUT	BROWNTROUT	officedepot.com	HTTPS://WWW.OFFICEDEPOT.COM/B/PLANNERS/BRAND--BROWNTROUT/N-1131212
BRUSHBUSINESSFURNITURE	BUSH	officedepot.com	HTTPS://WWW.OFFICEDEPOT.COM/B/FURNITURE/BRAND--BUSH/N-917
BUSCHFURNITURE	BUSH	officedepot.com	HTTPS://WWW.OFFICEDEPOT.COM/B/FURNITURE/BRAND--BUSH/N-917
BUSHBUSINESSFURNITURE	BUSHBUSINESSFURNITURE	officedepot.com	HTTPS://WWW.OFFICEDEPOT.COM/B/FURNITURE/BRAND--BUSH_BUSINESS_FURNITURE/N-917
BUSHBUSINESSFURNITURE	BUSH	officedepot.com	HTTPS://WWW.OFFICEDEPOT.COM/B/FURNITURE/BRAND--BUSH/N-917
BUSHFURNITURE	BUSH	officedepot.com	HTTPS://WWW.OFFICEDEPOT.COM/B/FURNITURE/BRAND--BUSH/N-917
BUSHFURNITURE2	BUSH	officedepot.com	HTTPS://WWW.OFFICEDEPOT.COM/B/FURNITURE/BRAND--BUSH/N-917
BUSHFURNITUREFURNITURE	BUSH	officedepot.com	HTTPS://WWW.OFFICEDEPOT.COM/B/FURNITURE/BRAND--BUSH/N-917
BUSHOFFICESOLUTIONS	BUSH	officedepot.com	HTTPS://WWW.OFFICEDEPOT.COM/B/FURNITURE/BRAND--BUSH/N-917
BUSINESSSOURCE	BUSINESSSOURCE	officedepot.com	HTTPS://WWW.OFFICEDEPOT.COM/B/OFFICE-SUPPLIES/BRAND--BUSINESS_SOURCE/N-1676
BUSTELO	CAFEBUSTELO	officedepot.com	HTTPS://WWW.OFFICEDEPOT.COM/B/COFFEE/BRAND--CAFE_BUSTELO/N-1154874
BYDCARE	BYDCARE	officedepot.com	HTTPS://WWW.OFFICEDEPOT.COM/B/HEAD-AND-FACE-PROTECTION/BRAND--BYD_CARE/N-654551
BYTECH	BYTECH	officedepot.com	HTTPS://WWW.OFFICEDEPOT.COM/B/HEADPHONES/BRAND--BYTECH/N-552818
CACTUSMAT	CACTUSMATCOXPX	officedepot.com	HTTPS://WWW.OFFICEDEPOT.COM/B/FLOOR-MATS/BRAND--CACTUS_MAT_COXPX/N-1211742
CAFBUSTELO	CAFEBUSTELO	officedepot.com	HTTPS://WWW.OFFICEDEPOT.COM/B/COFFEE/BRAND--CAFE_BUSTELO/N-1154874
CAFEBUSTELO	CAFEBUSTELO	officedepot.com	HTTPS://WWW.OFFICEDEPOT.COM/B/COFFEE/BRAND--CAFE_BUSTELO/N-1154874
CAFEBUSTELOCAFEBUSTELO	CAFEBUSTELO	officedepot.com	HTTPS://WWW.OFFICEDEPOT.COM/B/COFFEE/BRAND--CAFE_BUSTELO/N-1154874
CAINORTON	CANON	officedepot.com	HTTPS://WWW.OFFICEDEPOT.COM/B/PRINTERS/BRAND--CANON/FEATURED_ITEMS--ON_SALE/N-1462036
CALIFONE	CALIFONE	officedepot.com	HTTPS://WWW.OFFICEDEPOT.COM/B/COMPUTER-HEADSETS/BRAND--CALIFONE/N-1461894
CAMBRIDGELIMITED	CAMBRIDGE	officedepot.com	HTTPS://WWW.OFFICEDEPOT.COM/B/NOTEBOOKS-AND-PADS/BRAND--CAMBRIDGE/N-530741
CANSON	CANSON	officedepot.com	HTTPS://WWW.OFFICEDEPOT.COM/B/DRAWING-PAPER-AND-PADS/BRAND--CANSON/N-530720
CANSON	CANSON	officedepot.com	HTTPS://WWW.OFFICEDEPOT.COM/B/DRAWING-PAPER-AND-PADS/BRAND--CANSON/N-530720
CANSON	CANSON	officedepot.com	HTTPS://WWW.OFFICEDEPOT.COM/B/PAPER/BRAND--CANSON/N-530715
CANSONPACONPAPERS	CANSON	officedepot.com	HTTPS://WWW.OFFICEDEPOT.COM/B/DRAWING-PAPER-AND-PADS/BRAND--CANSON/N-530720
CANSONPACONPAPERS	CANSON	officedepot.com	HTTPS://WWW.OFFICEDEPOT.COM/B/PAPER/BRAND--CANSON/N-530715
CANSONPACONPAPERS	CANSON	officedepot.com	HTTPS://WWW.OFFICEDEPOT.COM/B/DRAWING-PAPER-AND-PADS/BRAND--CANSON/N-530720
CARDINALBRANDS	CARDINAL	officedepot.com	HTTPS://WWW.OFFICEDEPOT.COM/B/OFFICE-SUPPLIES/BRAND--CARDINAL/N-1676
CARDINALOFFICE	CARDINAL	officedepot.com	HTTPS://WWW.OFFICEDEPOT.COM/B/OFFICE-SUPPLIES/BRAND--CARDINAL/N-1676
CARDINALOFFICE	CARDINAL	officedepot.com	HTTPS://WWW.OFFICEDEPOT.COM/B/BINDERS/BRAND--CARDINAL/N-1035691
CARDINALPRODUCTS	CARDINAL	officedepot.com	HTTPS://WWW.OFFICEDEPOT.COM/B/OFFICE-SUPPLIES/BRAND--CARDINAL/N-1676
CARIBOU	CARIBOUCOFFEE	officedepot.com	HTTPS://WWW.OFFICEDEPOT.COM/B/COFFEE/BRAND--CARIBOU_COFFEE/N-1154874
CARIBOUCOFFEE	CARIBOUCOFFEE	officedepot.com	HTTPS://WWW.OFFICEDEPOT.COM/B/COFFEE/BRAND--CARIBOU_COFFEE/N-1154874
CARIBOUCOFFEECOMPANY	CARIBOUCOFFEE	officedepot.com	HTTPS://WWW.OFFICEDEPOT.COM/B/COFFEE/BRAND--CARIBOU_COFFEE/N-1154874
CARIBOUFAUCET	CARIBOUCOFFEE	officedepot.com	HTTPS://WWW.OFFICEDEPOT.COM/B/COFFEE/BRAND--CARIBOU_COFFEE/N-1154874
CARL	CARL	officedepot.com	HTTPS://WWW.OFFICEDEPOT.COM/B/PAPER-TRIMMERS/BRAND--CARL/N-658780
CARLKAYSUPPLYCO	CARL	officedepot.com	HTTPS://WWW.OFFICEDEPOT.COM/B/BASIC-SUPPLIES/BRAND--CARL/N-1886
CARSONDELLOSA	CARSONDELLOSA	officedepot.com	HTTPS://WWW.OFFICEDEPOT.COM/B/CLASSROOM-DECORATIONS/BRAND--CARSON-DELLOSA/N-1186207
CARSONDELLOSA	CARSONDELLOSAEDUCATION	officedepot.com	HTTPS://WWW.OFFICEDEPOT.COM/B/TEACHER-SUPPLIES/BRAND--CARSON_DELLOSA_EDUCATION/N-1186205
CARSONDELLOSAEDUCATION	CARSONDELLOSAEDUCATION	officedepot.com	HTTPS://WWW.OFFICEDEPOT.COM/B/TEACHER-SUPPLIES/BRAND--CARSON_DELLOSA_EDUCATION/N-1186205
CASELOGIC	CASELOGIC	officedepot.com	HTTPS://WWW.OFFICEDEPOT.COM/B/LAPTOP-BAGS-AND-CASES/BRAND--CASE_LOGIC/N-535213
CASELOGIC	CASELOGIC	officedepot.com	HTTPS://WWW.OFFICEDEPOT.COM/B/LAPTOP-BAGS-AND-CASES/BRAND--CASE_LOGIC/N-535213
CASELOGICPERSONALPORTABLE	CASELOGIC	officedepot.com	HTTPS://WWW.OFFICEDEPOT.COM/B/LAPTOP-BAGS-AND-CASES/BRAND--CASE_LOGIC/N-535213
CASELOGICPERSONALPORTABLE	CASELOGIC	officedepot.com	HTTPS://WWW.OFFICEDEPOT.COM/B/CELL-PHONE-CASES/BRAND--CASE_LOGIC/N-509797
CASEMATIX	CASEMATIX	officedepot.com	HTTPS://WWW.OFFICEDEPOT.COM/B/MOBILE-GAMING/BRAND--CASEMATIX/N-1462093
CASIOOFFICEPRODUCTS	CASIO	officedepot.com	HTTPS://WWW.OFFICEDEPOT.COM/B/ELECTRONICS/BRAND--CASIO/N-9021
CASIOOFFICEPRODUCTS	CASIO	officedepot.com	HTTPS://WWW.OFFICEDEPOT.COM/B/ELECTRONICS/BRAND--CASIO/N-9021
CASIOOFFICEPRODUCTS	CASIO	officedepot.com	HTTPS://WWW.OFFICEDEPOT.COM/B/CALCULATORS/BRAND--CASIO/N-509745
CASIOOFFICEPRODUCTS	CASIO	officedepot.com	HTTPS://WWW.OFFICEDEPOT.COM/B/WATCHES/BRAND--CASIO/N-679328
CCCORECHAIR	CORECHAIR	officedepot.com	HTTPS://WWW.OFFICEDEPOT.COM/B/ACTIVE-SEATING/BRAND--CORECHAIR/N-1205512
CCCORECHAIR	CORECHAIR	officedepot.com	HTTPS://WWW.OFFICEDEPOT.COM/B/ACTIVE-SEATING/BRAND--CORECHAIR/N-1205512
CENTON	CENTON	officedepot.com	HTTPS://WWW.OFFICEDEPOT.COM/B/USB-FLASH-DRIVES/BRAND--CENTON/N-1461987
CENTON	CENTON	officedepot.com	HTTPS://WWW.OFFICEDEPOT.COM/B/ELECTRONICS/BRAND--CENTON/N-9021
CENTON	CENTON	officedepot.com	HTTPS://WWW.OFFICEDEPOT.COM/B/ELECTRONICS/BRAND--CENTON/N-9021
CENTON	CENTON	officedepot.com	HTTPS://WWW.OFFICEDEPOT.COM/B/SOLID-STATE-DRIVES/BRAND--CENTON/N-1461967
CENTON	CENTON	officedepot.com	HTTPS://WWW.OFFICEDEPOT.COM/B/DATA-STORAGE-AND-MEDIA/BRAND--CENTON/N-1461951
CENTONELECTRONICS	CENTON	officedepot.com	HTTPS://WWW.OFFICEDEPOT.COM/B/ELECTRONICS/BRAND--CENTON/N-9021
CENTONELECTRONICS	CENTON	officedepot.com	HTTPS://WWW.OFFICEDEPOT.COM/B/ELECTRONICS/BRAND--CENTON/N-9021
CHARGETECH	CHARGETECH	officedepot.com	HTTPS://WWW.OFFICEDEPOT.COM/B/CHARGING-CARTS-AND-STATIONS/BRAND--CHARGETECH/N-925792
CHARLESLEONARD	CHARLESLEONARD	officedepot.com	HTTPS://WWW.OFFICEDEPOT.COM/B/OFFICE-SUPPLIES/BRAND--CHARLES_LEONARD/N-1676
CHARMINREG	CHARMIN	officedepot.com	HTTPS://WWW.OFFICEDEPOT.COM/B/BATHROOM-TISSUE/BRAND--CHARMIN/N-530687
CHARMINTOILETPAPER	CHARMIN	officedepot.com	HTTPS://WWW.OFFICEDEPOT.COM/B/TOILET-PAPER/BRAND--CHARMIN/N-1170289
CHARTPAK	CHARTPAK	officedepot.com	HTTPS://WWW.OFFICEDEPOT.COM/B/ART-AND-CRAFTING/BRAND--CHARTPAK/N-639147
CHENILLEKRAFT	CHENILLEKRAFT	officedepot.com	HTTPS://WWW.OFFICEDEPOT.COM/B/ARTS-AND-CRAFTS/BRAND--CHENILLE_KRAFT/N-1155033
CHENILLEKRAFT	CHENILLEKRAFT	officedepot.com	HTTPS://WWW.OFFICEDEPOT.COM/B/CRAFTING/BRAND--CHENILLE_KRAFT/N-639155
CHINET	CHINET	officedepot.com	HTTPS://WWW.OFFICEDEPOT.COM/B/PLATES/BRAND--CHINET/N-1176177
CHINET	CHINET	officedepot.com	HTTPS://WWW.OFFICEDEPOT.COM/B/PLATES/BRAND--CHINET/N-1176177
CHROMAACRYLICS	CHROMA	officedepot.com	HTTPS://WWW.OFFICEDEPOT.COM/B/ACRYLIC-AND-TEMPERA-PAINTS/BRAND--CHROMA/N-639162
CLASSROOMKEEPERS	CLASSROOMKEEPERS	officedepot.com	HTTPS://WWW.OFFICEDEPOT.COM/B/STORAGE-BINS-AND-BASKETS/BRAND--CLASSROOM_KEEPERS/N-1123253
CLASSROONKEEPERS	CLASSROOMKEEPERS	officedepot.com	HTTPS://WWW.OFFICEDEPOT.COM/B/STORAGE-BINS-AND-BASKETS/BRAND--CLASSROOM_KEEPERS/N-1123253
CLINGERS	CLINGERS	officedepot.com	HTTPS://WWW.OFFICEDEPOT.COM/B/DRY-ERASE-SURFACES/BRAND--CLINGERS/N-1497508
CLINGERS	CLINGERS	officedepot.com	HTTPS://WWW.OFFICEDEPOT.COM/B/WHITEBOARDS-AND-DRY-ERASE-BOARDS/BRAND--CLINGERS/N-714870
CLOROXPETCAREPRODUCTS	CLOROX	officedepot.com	HTTPS://WWW.OFFICEDEPOT.COM/B/PET-SUPPLIES/BRAND--CLOROX/N-1249606
CLOVERIMAGING	CLOVERIMAGINGGROUP	officedepot.com	HTTPS://WWW.OFFICEDEPOT.COM/B/INK-AND-TONER/BRAND--CLOVER_IMAGING_GROUP/N-1462019
CLOVERIMAGING	CLOVERIMAGINGGROUP	officedepot.com	HTTPS://WWW.OFFICEDEPOT.COM/B/COMPUTERS-AND-ACCESSORIES/BRAND--CLOVER_IMAGING_GROUP/N-1461888
CLOVERIMAGINGGROUP	CLOVERIMAGINGGROUP	officedepot.com	HTTPS://WWW.OFFICEDEPOT.COM/B/INK-AND-TONER/BRAND--CLOVER_IMAGING_GROUP/N-1462019
CLOVERIMAGINGGROUP	CLOVERIMAGINGGROUP	officedepot.com	HTTPS://WWW.OFFICEDEPOT.COM/B/COMPUTERS-AND-ACCESSORIES/BRAND--CLOVER_IMAGING_GROUP/N-1461888
COFFEEPRO	COFFEEPRO	officedepot.com	HTTPS://WWW.OFFICEDEPOT.COM/B/COFFEE-MAKERS/BRAND--COFFEE_PRO/N-1176154
COLUMBIANENVELOPES	COLUMBIAN	officedepot.com	HTTPS://WWW.OFFICEDEPOT.COM/B/ENVELOPES/BRAND--COLUMBIAN/N-514132
COMETPROFESSIONAL	COMET	officedepot.com	HTTPS://WWW.OFFICEDEPOT.COM/B/BATHROOM-CLEANERS/BRAND--COMET/N-1477630
COMMERCIALCHEF	COMMERCIALCHEF	officedepot.com	HTTPS://WWW.OFFICEDEPOT.COM/B/KITCHEN/BRAND--COMMERCIAL_CHEF/N-1176150
COMMERCIALCOOL	COMMERCIALCOOL	officedepot.com	HTTPS://WWW.OFFICEDEPOT.COM/B/HEATING-AND-COOLING/BRAND--COMMERCIAL_COOL/N-1176144
COMMERICALCHEF	COMMERCIALCHEF	officedepot.com	HTTPS://WWW.OFFICEDEPOT.COM/B/KITCHEN/BRAND--COMMERCIAL_CHEF/N-1176150
COMMUNITYCOFFEECOMPANY	COMMUNITYCOFFEE	officedepot.com	HTTPS://WWW.OFFICEDEPOT.COM/B/COFFEE/BRAND--COMMUNITY_COFFEE/N-1154874
COMPLYRIGHT	COMPLYRIGHT	officedepot.com	HTTPS://WWW.OFFICEDEPOT.COM/B/OFFICE-SUPPLIES/BRAND--COMPLYRIGHT/N-1676
COMPLYRIGHT	COMPLYRIGHT	officedepot.com	HTTPS://WWW.OFFICEDEPOT.COM/B/EMPLOYEE-MANAGEMENT-AND-COMPLIANCE-SOFTWARE/BRAND--COMPLYRIGHT/N-573494
COMPLYRIGHT	COMPLYRIGHT	officedepot.com	HTTPS://WWW.OFFICEDEPOT.COM/B/TAX-PREPARATION-SOFTWARE/BRAND--COMPLYRIGHT/N-1462083
COMPLYRIGHT	COMPLYRIGHT	officedepot.com	HTTPS://WWW.OFFICEDEPOT.COM/B/1099-TAX-FORMS/BRAND--COMPLYRIGHT/N-1120802
COMPLYRIGHT	COMPLYRIGHT	officedepot.com	HTTPS://WWW.OFFICEDEPOT.COM/B/SOFTWARE/BRAND--COMPLYRIGHT/N-1462054
COMPLYRIGHT	COMPLYRIGHT	officedepot.com	HTTPS://WWW.OFFICEDEPOT.COM/B/FINANCE-AND-LEGAL-SOFTWARE/BRAND--COMPLYRIGHT/N-1462079
COMPREHENSIVECABLE	COMPREHENSIVE	officedepot.com	HTTPS://WWW.OFFICEDEPOT.COM/B/CABLES/BRAND--COMPREHENSIVE/N-509689
COMPUCESSORY	COMPUCESSORY	officedepot.com	HTTPS://WWW.OFFICEDEPOT.COM/B/MOUSEPADS-AND-WRIST-RESTS/BRAND--COMPUCESSORY/N-1461910
COMPUCESSORY	COMPUCESSORY	officedepot.com	HTTPS://WWW.OFFICEDEPOT.COM/B/DATA-STORAGE-AND-MEDIA/BRAND--COMPUCESSORY/N-1461951
COMPUCESSORY	COMPUCESSORY	officedepot.com	HTTPS://WWW.OFFICEDEPOT.COM/B/MEDIA/BRAND--COMPUCESSORY/N-1461968
CONTROLGROUP	CONTROLGROUP	officedepot.com	HTTPS://WWW.OFFICEDEPOT.COM/B/CASH-BOXES-AND-COIN-HANDLING/BRAND--CONTROL_GROUP/N-581705
COPPERMOON	COPPERMOON	officedepot.com	HTTPS://WWW.OFFICEDEPOT.COM/B/COFFEE/BRAND--COPPER_MOON/N-1154874
CORDINATE	CORDINATE	officedepot.com	HTTPS://WWW.OFFICEDEPOT.COM/B/EXTENSION-CORDS/BRAND--CORDINATE/N-1462103
COZYPRODUCTS	COZYPRODUCTS	officedepot.com	HTTPS://WWW.OFFICEDEPOT.COM/B/HEATERS/BRAND--COZY_PRODUCTS/N-1176148
CRAFTYDAB	CRAFTYDAB	officedepot.com	HTTPS://WWW.OFFICEDEPOT.COM/B/PAINTING/BRAND--CRAFTY_DAB/N-639161
CRANEAIR	CRANE	officedepot.com	HTTPS://WWW.OFFICEDEPOT.COM/B/AIR-PURIFIERS-AND-FILTERS/BRAND--CRANE/N-1176146
CRANEAIR	CRANE	officedepot.com	HTTPS://WWW.OFFICEDEPOT.COM/B/AIR-PURIFIERS-AND-FILTERS/BRAND--CRANE/N-1176146
CRAYOLA	CRAYOLA	officedepot.com	HTTPS://WWW.OFFICEDEPOT.COM/B/CRAYONS/BRAND--CRAYOLA/N-639153
CRAYOLA	CRAYOLA	officedepot.com	HTTPS://WWW.OFFICEDEPOT.COM/B/CRAYONS/BRAND--CRAYOLA/N-639153
CRAZAART	CRAZART	officedepot.com	HTTPS://WWW.OFFICEDEPOT.COM/B/CRAYONS/BRAND--CRA-Z-ART/N-639153
CRAZAART	CRAZART	officedepot.com	HTTPS://WWW.OFFICEDEPOT.COM/B/CRAYONS/BRAND--CRA-Z-ART/N-639153
CRAZAART	CRAZART	officedepot.com	HTTPS://WWW.OFFICEDEPOT.COM/B/ARTS-AND-CRAFTS/BRAND--CRA-Z-ART/N-1155033
CRAZART	CRAZART	officedepot.com	HTTPS://WWW.OFFICEDEPOT.COM/B/ARTS-AND-CRAFTS/BRAND--CRA-Z-ART/N-1155033
CRAZARTCORPORATION	CRAZART	officedepot.com	HTTPS://WWW.OFFICEDEPOT.COM/B/ARTS-AND-CRAFTS/BRAND--CRA-Z-ART/N-1155033
CREATIVECRAFTERS	CREATIVE	officedepot.com	HTTPS://WWW.OFFICEDEPOT.COM/B/CRAFT-SUPPLIES/BRAND--CREATIVE/N-639156
CREATIVETEACHINGPRESS	CREATIVETEACHINGPRESS	officedepot.com	HTTPS://WWW.OFFICEDEPOT.COM/B/CLASSROOM-DECORATIONS/BRAND--CREATIVE_TEACHING_PRESS/N-1186207
CREATIVETEACHINGPRESS	CREATIVETEACHINGPRESS	officedepot.com	HTTPS://WWW.OFFICEDEPOT.COM/B/TEACHER-SUPPLIES/BRAND--CREATIVE_TEACHING_PRESS/N-1186205
CREATIVETEACHINGPRESS	CREATIVETEACHINGPRESS	officedepot.com	HTTPS://WWW.OFFICEDEPOT.COM/B/CLASSROOM-DECORATIONS/BRAND--CREATIVE_TEACHING_PRESS/N-1186207
CREATIVITYSTREET	CREATIVITYSTREET	officedepot.com	HTTPS://WWW.OFFICEDEPOT.COM/B/CRAFT-SUPPLIES/BRAND--CREATIVITY_STREET/N-639156
CREATIVITYSTREET	CREATIVITYSTREET	officedepot.com	HTTPS://WWW.OFFICEDEPOT.COM/B/CRAFTING/BRAND--CREATIVITY_STREET/N-639155
CRETACOLOR	CRETACOLOR	officedepot.com	HTTPS://WWW.OFFICEDEPOT.COM/B/ART-PENCILS-AND-PENS/BRAND--CRETACOLOR/N-639152
CROWNMATS	CROWNMATS	officedepot.com	HTTPS://WWW.OFFICEDEPOT.COM/B/MATS/BRAND--CROWN_MATS/N-530631
CROWNMATTING	CROWNMATS	officedepot.com	HTTPS://WWW.OFFICEDEPOT.COM/B/MATS/BRAND--CROWN_MATS/N-530631
CTADIGITAL	CTADIGITAL	officedepot.com	HTTPS://WWW.OFFICEDEPOT.COM/B/COMPUTERS-AND-ACCESSORIES/BRAND--CTA_DIGITAL/N-1461888
CTADIGITAL	CTADIGITAL	officedepot.com	HTTPS://WWW.OFFICEDEPOT.COM/B/TABLETS-AND-ACCESSORIES/BRAND--CTA_DIGITAL/N-1462094
CTADIGITALACCESSORIES	CTADIGITAL	officedepot.com	HTTPS://WWW.OFFICEDEPOT.COM/B/COMPUTERS-AND-ACCESSORIES/BRAND--CTA_DIGITAL/N-1461888
CTADIGITALACCESSORIES	CTADIGITAL	officedepot.com	HTTPS://WWW.OFFICEDEPOT.COM/B/TABLET-ACCESSORIES/BRAND--CTA_DIGITAL/N-1462096
CTADIGITALACCESSORIES	CTADIGITAL	officedepot.com	HTTPS://WWW.OFFICEDEPOT.COM/B/TABLETS-AND-ACCESSORIES/BRAND--CTA_DIGITAL/N-1462094
CTADIGITALACCESSORIES	CTADIGITAL	officedepot.com	HTTPS://WWW.OFFICEDEPOT.COM/B/AUDIO-ACCESSORIES/BRAND--CTA_DIGITAL/N-552815
CTADIGITALSTORE	CTADIGITAL	officedepot.com	HTTPS://WWW.OFFICEDEPOT.COM/B/COMPUTERS-AND-ACCESSORIES/BRAND--CTA_DIGITAL/N-1461888
CTADIGITALSTORE	CTADIGITAL	officedepot.com	HTTPS://WWW.OFFICEDEPOT.COM/B/TABLETS-AND-ACCESSORIES/BRAND--CTA_DIGITAL/N-1462094
CUISINARTGRILL	CUISINART	officedepot.com	HTTPS://WWW.OFFICEDEPOT.COM/B/GRILLS/BRAND--CUISINART/N-1176157
CURAD	CURAD	officedepot.com	HTTPS://WWW.OFFICEDEPOT.COM/B/BANDAGES/BRAND--CURAD/N-1181164
CYBERPOWERPC	CYBERPOWERPC	officedepot.com	HTTPS://WWW.OFFICEDEPOT.COM/B/DESKTOP-COMPUTERS/BRAND--CYBERPOWERPC/N-1461989
DALERROWNEY	DALERROWNEY	officedepot.com	HTTPS://WWW.OFFICEDEPOT.COM/B/ACRYLIC-AND-TEMPERA-PAINTS/BRAND--DALER-ROWNEY/N-639162
DATAPRODUCTSNAMERSUPPLYDV	DATAPRODUCTS	officedepot.com	HTTPS://WWW.OFFICEDEPOT.COM/B/PRINTERS/BRAND--DATAPRODUCTS/N-1462036
DATEWORKS	DATEWORKS	officedepot.com	HTTPS://WWW.OFFICEDEPOT.COM/B/CALENDARS/BRAND--DATEWORKS/N-1131208
DATEWORKS	DATEWORKS	officedepot.com	HTTPS://WWW.OFFICEDEPOT.COM/B/CALENDARS-AND-PLANNERS/BRAND--DATEWORKS/N-1131206
DATEWORKS	DATEWORKS	officedepot.com	HTTPS://WWW.OFFICEDEPOT.COM/B/CALENDARS/BRAND--DATEWORKS/N-1131208
DAYDESIGNER	DAYDESIGNER	officedepot.com	HTTPS://WWW.OFFICEDEPOT.COM/B/PLANNERS/BRAND--DAY_DESIGNER/N-1131212
DAYDREAMCALENDARS	DAYDREAM	officedepot.com	HTTPS://WWW.OFFICEDEPOT.COM/B/CALENDARS/BRAND--DAY_DREAM/CALENDAR_PAGE_SIZE_RANGE--MEDIUM_XOX9XDX_-_17XDXXCX/N-1131208
DAYMARK	DAYMARK	officedepot.com	HTTPS://WWW.OFFICEDEPOT.COM/B/LABELS-AND-LABEL-MAKERS/BRAND--DAYMARK/N-1159754
DAYRUNNER	DAYRUNNER	officedepot.com	HTTPS://WWW.OFFICEDEPOT.COM/B/CALENDARS-AND-PLANNERS/BRAND--DAY_RUNNER/N-1131206
DAYTIMER	DAYTIMER	officedepot.com	HTTPS://WWW.OFFICEDEPOT.COM/B/CALENDARS-AND-PLANNERS/BRAND--DAY-TIMER/N-1131206
DAYTIMERACCOBRANDS	DAYTIMER	officedepot.com	HTTPS://WWW.OFFICEDEPOT.COM/B/CALENDARS-AND-PLANNERS/BRAND--DAY-TIMER/N-1131206
DEFLECTO	DEFLECTO	officedepot.com	HTTPS://WWW.OFFICEDEPOT.COM/B/OFFICE-SUPPLIES/BRAND--DEFLECTO/N-1676
DELLCOMPUTER	DELL	officedepot.com	HTTPS://WWW.OFFICEDEPOT.COM/B/DESKTOP-COMPUTERS/BRAND--DELL/N-1461989
DELLMONITORS	DELL	officedepot.com	HTTPS://WWW.OFFICEDEPOT.COM/B/COMPUTER-MONITORS/BRAND--DELL/N-1462030
DENAQ	DENAQ	officedepot.com	HTTPS://WWW.OFFICEDEPOT.COM/B/BATTERIES-AND-POWER-PROTECTION/BRAND--DENAQ/N-509475
DENAQ	DENAQ	officedepot.com	HTTPS://WWW.OFFICEDEPOT.COM/B/CHARGERS-AND-ADAPTERS/BRAND--DENAQ/N-509492
DESKTEX	FLOORTEX	officedepot.com	HTTPS://WWW.OFFICEDEPOT.COM/B/DESK-PADS/BRAND--FLOORTEX/N-1170331
DESKTEX	FLOORTEX	officedepot.com	HTTPS://WWW.OFFICEDEPOT.COM/B/DESK-PADS/BRAND--FLOORTEX/N-1170331
DIDAX	DIDAX	officedepot.com	HTTPS://WWW.OFFICEDEPOT.COM/B/TEACHER-SUPPLIES/BRAND--DIDAX/N-1186205
DIGITALENERGYWORLD	DIGITALENERGYWORLD	officedepot.com	HTTPS://WWW.OFFICEDEPOT.COM/B/KEY-CONTROL-AND-LOCKS/BRAND--DIGITAL_ENERGY_WORLD/N-530635
DIVOGA	DIVOGA	officedepot.com	HTTPS://WWW.OFFICEDEPOT.COM/B/REPORT-COVERS-AND-PORTFOLIOS/BRAND--DIVOGA/N-567576
DIVSRSEY	DIVERSEY	officedepot.com	HTTPS://WWW.OFFICEDEPOT.COM/B/CLEANING-SUPPLIES/BRAND--DIVERSEY/N-1477628
DIXIECUP	DIXIE	officedepot.com	HTTPS://WWW.OFFICEDEPOT.COM/B/CUPS/BRAND--DIXIE/N-1176172
DMIFURNITURE	DMI	officedepot.com	HTTPS://WWW.OFFICEDEPOT.COM/B/MEDICAL-FURNITURE/BRAND--DMI/N-1181100
DOADOT	DOADOTART	officedepot.com	HTTPS://WWW.OFFICEDEPOT.COM/B/MARKERS/BRAND--DO-A-DOT_ART/N-4467
DOADOT	DOADOTART	officedepot.com	HTTPS://WWW.OFFICEDEPOT.COM/B/ART-MARKERS/BRAND--DO-A-DOT_ART/N-639151
DOCUGARD	DOCUGARD	officedepot.com	HTTPS://WWW.OFFICEDEPOT.COM/B/CHECKS/BRAND--DOCUGARD/N-535959
DOCUGARD	DOCUGARD	officedepot.com	HTTPS://WWW.OFFICEDEPOT.COM/B/CHECKS/BRAND--DOCUGARD/N-535959
DOMTAR	DOMTAR	officedepot.com	HTTPS://WWW.OFFICEDEPOT.COM/B/COPY-AND-PRINTER-PAPER/BRAND--DOMTAR/N-530728
DOMTARPAPER	DOMTAR	officedepot.com	HTTPS://WWW.OFFICEDEPOT.COM/B/COPY-AND-PRINTER-PAPER/BRAND--DOMTAR/N-530728
DOMTARPAPER	DOMTAR	officedepot.com	HTTPS://WWW.OFFICEDEPOT.COM/B/PAPER/BRAND--DOMTAR/N-530715
DORCY	DORCY	officedepot.com	HTTPS://WWW.OFFICEDEPOT.COM/B/FLASHLIGHTS-AND-EMERGENCY-PRODUCTS/BRAND--DORCY/N-530629
DORMFYI	DORMIFY	officedepot.com	HTTPS://WWW.OFFICEDEPOT.COM/B/BEDDING/BRAND--DORMIFY/N-1576451
DORMIFY	DORMIFY	officedepot.com	HTTPS://WWW.OFFICEDEPOT.COM/B/BEDDING/BRAND--DORMIFY/N-1576451
DOWLINGMAGNETS	DOWLINGMAGNETS	officedepot.com	HTTPS://WWW.OFFICEDEPOT.COM/B/MAGNETS/BRAND--DOWLING_MAGNETS/N-581680
DRAINX	DRAINX	officedepot.com	HTTPS://WWW.OFFICEDEPOT.COM/B/POWER-TOOLS/BRAND--DRAINX/N-590416
DREAMGEAR	DREAMGEAR	officedepot.com	HTTPS://WWW.OFFICEDEPOT.COM/B/VIDEO-GAMES/BRAND--DREAMGEAR/N-1462092
DREAMGEARCE	DREAMGEAR	officedepot.com	HTTPS://WWW.OFFICEDEPOT.COM/B/VIDEO-GAMES/BRAND--DREAMGEAR/N-1462092
DUKAP	DUKAP	officedepot.com	HTTPS://WWW.OFFICEDEPOT.COM/B/BAGS-AND-LUGGAGE/BRAND--DUKAP/N-2674
DURABLEOFFICE	DURABLE	officedepot.com	HTTPS://WWW.OFFICEDEPOT.COM/B/OFFICE-SUPPLIES/BRAND--DURABLE/N-1676
DURABLEOFFICEPRODUCTS	DURABLE	officedepot.com	HTTPS://WWW.OFFICEDEPOT.COM/B/OFFICE-SUPPLIES/BRAND--DURABLE/N-1676
DURABLEOFFICEPRODUCTSCORP	DURABLE	officedepot.com	HTTPS://WWW.OFFICEDEPOT.COM/B/OFFICE-SUPPLIES/BRAND--DURABLE/N-1676
DYMOAVERY	DYMO	officedepot.com	HTTPS://WWW.OFFICEDEPOT.COM/B/LABELS-AND-LABEL-MAKERS/BRAND--DYMO/N-1159754
DYMOAVERY	DYMO	officedepot.com	HTTPS://WWW.OFFICEDEPOT.COM/B/SHIPPING-LABELS/BRAND--DYMO/N-1159764
EAGOTRON	ERGOTRON	officedepot.com	HTTPS://WWW.OFFICEDEPOT.COM/B/MONITOR-MOUNTS-AND-ARMS/BRAND--ERGOTRON/N-1462033
ECCOLO	ECCOLO	officedepot.com	HTTPS://WWW.OFFICEDEPOT.COM/B/NOTEBOOKS-AND-PADS/BRAND--ECCOLO/N-530741
ECCOLO	ECCOLO	officedepot.com	HTTPS://WWW.OFFICEDEPOT.COM/B/JOURNALS-AND-DIARIES/BRAND--ECCOLO/N-606538
ECCOLOLTD	ECCOLO	officedepot.com	HTTPS://WWW.OFFICEDEPOT.COM/B/NOTEBOOKS-AND-PADS/BRAND--ECCOLO/N-530741
EDUCATORSRESOURCE	EDUCATORSRESOURCE	officedepot.com	HTTPS://WWW.OFFICEDEPOT.COM/B/SCHOOL-SUPPLIES/BRAND--EDUCATORS_RESOURCE/N-502600
EDUPRESS	EDUPRESS	officedepot.com	HTTPS://WWW.OFFICEDEPOT.COM/B/CLASSROOM-DECORATIONS/BRAND--EDUPRESS/N-1186207
EERO	EERO	officedepot.com	HTTPS://WWW.OFFICEDEPOT.COM/B/WIFI-ROUTERS/BRAND--EERO/N-509739
EGGTRONIC	EGGTRONIC	officedepot.com	HTTPS://WWW.OFFICEDEPOT.COM/B/LAPTOP-CHARGERS-AND-ADAPTERS/BRAND--EGGTRONIC/N-1461899
EIGHTCLOCKCOFFEE	EIGHTOXQXCLOCK	officedepot.com	HTTPS://WWW.OFFICEDEPOT.COM/B/COFFEE/BRAND--EIGHT_OXQXCLOCK/N-1154874
ELAMA	ELAMA	officedepot.com	HTTPS://WWW.OFFICEDEPOT.COM/B/DINNERWARE/BRAND--ELAMA/N-1214753
ELDON	ELDON	officedepot.com	HTTPS://WWW.OFFICEDEPOT.COM/B/OFFICE-SUPPLIES/BRAND--ELDON/N-1676
ELDON	ELDON	officedepot.com	HTTPS://WWW.OFFICEDEPOT.COM/B/DESK-ACCESSORIES/BRAND--ELDON/N-1170326
ELDONOFFICEPRODUCTS	ELDON	officedepot.com	HTTPS://WWW.OFFICEDEPOT.COM/B/OFFICE-SUPPLIES/BRAND--ELDON/N-1676
ELDONOFFICEPRODUCTS	ELDON	officedepot.com	HTTPS://WWW.OFFICEDEPOT.COM/B/DESK-ACCESSORIES/BRAND--ELDON/N-1170326
ELECTROLUXFLOORCARE	ELECTROLUX	officedepot.com	HTTPS://WWW.OFFICEDEPOT.COM/B/FLOOR-CARE/BRAND--ELECTROLUX/N-1176186
ELECTROLUXFLOORCARECOMPANY	ELECTROLUX	officedepot.com	HTTPS://WWW.OFFICEDEPOT.COM/B/FLOOR-CARE/BRAND--ELECTROLUX/N-1176186
ELENCOELECTRONICS	ELENCOELECTRONICS	officedepot.com	HTTPS://WWW.OFFICEDEPOT.COM/B/SCHOOL-SUPPLIES/BRAND--ELENCO_ELECTRONICS/N-502600
ELITEIMAGE	ELITEIMAGE	officedepot.com	HTTPS://WWW.OFFICEDEPOT.COM/B/INK-AND-TONER/BRAND--ELITE_IMAGE/N-1462019
ELITESCEENS	ELITESCREENS	officedepot.com	HTTPS://WWW.OFFICEDEPOT.COM/B/PROJECTOR-SCREENS/BRAND--ELITE_SCREENS/N-1123280
ELITESCREENS	ELITESCREENS	officedepot.com	HTTPS://WWW.OFFICEDEPOT.COM/B/PROJECTOR-SCREENS/BRAND--ELITE_SCREENS/N-1123280
ELITESCREENSDIRECTSHIP	ELITESCREENS	officedepot.com	HTTPS://WWW.OFFICEDEPOT.COM/B/PROJECTOR-SCREENS/BRAND--ELITE_SCREENS/N-1123280
ELITESINKSLTD	ELITEIMAGE	officedepot.com	HTTPS://WWW.OFFICEDEPOT.COM/B/INK-AND-TONER/BRAND--ELITE_IMAGE/N-1462019
EMERSONSTUDIOACOUSTICS	EMERSON	officedepot.com	HTTPS://WWW.OFFICEDEPOT.COM/B/HOME-AUDIO/BRAND--EMERSON/N-633847
EMERSONSTUDIOACOUSTICS	EMERSON	officedepot.com	HTTPS://WWW.OFFICEDEPOT.COM/B/AUDIO/BRAND--EMERSON/N-552805
EMILYLEY	EMILYLEY	officedepot.com	HTTPS://WWW.OFFICEDEPOT.COM/B/CALENDARS-AND-PLANNERS/BRAND--EMILY_LEY/N-1131206
EMILYLEYFORATAGLANCE	EMILYLEY	officedepot.com	HTTPS://WWW.OFFICEDEPOT.COM/B/CALENDARS-AND-PLANNERS/BRAND--EMILY_LEY/N-1131206
ENERGEL	ENERGEL	officedepot.com	HTTPS://WWW.OFFICEDEPOT.COM/B/PENS/BRAND--ENERGEL/N-4520
ENERGEL	ENERGEL	officedepot.com	HTTPS://WWW.OFFICEDEPOT.COM/B/PENS/BRAND--ENERGEL/N-4520
ENETECK	ENET	officedepot.com	HTTPS://WWW.OFFICEDEPOT.COM/B/CABLES/BRAND--ENET/N-509689
ENMOTION	ENMOTION	officedepot.com	HTTPS://WWW.OFFICEDEPOT.COM/B/PAPER-TOWELS/BRAND--ENMOTION/N-1170288
ENMOTION	ENMOTION	officedepot.com	HTTPS://WWW.OFFICEDEPOT.COM/B/PAPER-TOWELS/BRAND--ENMOTION/N-1170288
EPOSAUDIO	EPOS	officedepot.com	HTTPS://WWW.OFFICEDEPOT.COM/B/AUDIO/BRAND--EPOS/N-552805
EPRONSE	EPSON	officedepot.com	HTTPS://WWW.OFFICEDEPOT.COM/B/PRINTERS/BRAND--EPSON/FEATURED_ITEMS--ON_SALE/N-1462036
EPRONSE	EPSON	officedepot.com	HTTPS://WWW.OFFICEDEPOT.COM/B/PRINTERS/BRAND--EPSON/N-1462036
EPSION	EPSON	officedepot.com	HTTPS://WWW.OFFICEDEPOT.COM/B/PRINTERS/BRAND--EPSON/FEATURED_ITEMS--ON_SALE/N-1462036
EPSION	EPSON	officedepot.com	HTTPS://WWW.OFFICEDEPOT.COM/B/ALL-IN-ONE-PRINTERS/BRAND--EPSON/N-1462038
EPSON	EPSON	officedepot.com	HTTPS://WWW.OFFICEDEPOT.COM/B/PRINTERS/BRAND--EPSON/FEATURED_ITEMS--ON_SALE/N-1462036
EPSONA	EPSON	officedepot.com	HTTPS://WWW.OFFICEDEPOT.COM/B/PRINTERS/BRAND--EPSON/N-1462036
EPSONA	EPSON	officedepot.com	HTTPS://WWW.OFFICEDEPOT.COM/B/PRINTERS/BRAND--EPSON/FEATURED_ITEMS--ON_SALE/N-1462036
EPSONANDELITESCREENS	ELITESCREENS	officedepot.com	HTTPS://WWW.OFFICEDEPOT.COM/B/PROJECTOR-SCREENS/BRAND--ELITE_SCREENS/N-1123280
EPSONOPENPRINTERSANDINK	EPSON	officedepot.com	HTTPS://WWW.OFFICEDEPOT.COM/B/INKJET-PRINTERS/BRAND--EPSON/N-1462040
EPSONOPENPRINTERSANDINK	EPSON	officedepot.com	HTTPS://WWW.OFFICEDEPOT.COM/B/PRINTERS/BRAND--EPSON/N-1462036
EPSONSSMET	EPSON	officedepot.com	HTTPS://WWW.OFFICEDEPOT.COM/B/PRINTERS/BRAND--EPSON/FEATURED_ITEMS--ON_SALE/N-1462036
EPSONSSMET	EPSON	officedepot.com	HTTPS://WWW.OFFICEDEPOT.COM/B/INKJET-PRINTERS/BRAND--EPSON/N-1462040
EREPLACEMENT	EREPLACEMENTS	officedepot.com	HTTPS://WWW.OFFICEDEPOT.COM/B/ELECTRONICS/BRAND--EREPLACEMENTS/N-9021
EREPLACEMENT	EREPLACEMENTS	officedepot.com	HTTPS://WWW.OFFICEDEPOT.COM/B/ELECTRONICS/BRAND--EREPLACEMENTS/N-9021
EREPLACEMENTS	EREPLACEMENTS	officedepot.com	HTTPS://WWW.OFFICEDEPOT.COM/B/ELECTRONICS/BRAND--EREPLACEMENTS/N-9021
EREPLACEMENTS	EREPLACEMENTS	officedepot.com	HTTPS://WWW.OFFICEDEPOT.COM/B/ELECTRONICS/BRAND--EREPLACEMENTS/N-9021
ERGATRON	ERGOTRON	officedepot.com	HTTPS://WWW.OFFICEDEPOT.COM/B/MONITOR-MOUNTS-AND-ARMS/BRAND--ERGOTRON/N-1462033
ERGOGUYS	ERGOGUYS	officedepot.com	HTTPS://WWW.OFFICEDEPOT.COM/B/COMPUTERS-AND-ACCESSORIES/BRAND--ERGOGUYS/N-1461888
ERGOGUYS	ERGOGUYS	officedepot.com	HTTPS://WWW.OFFICEDEPOT.COM/B/MICE-AND-KEYBOARDS/BRAND--ERGOGUYS/N-1461905
ERGONOMICHOMEBUSHBUSINESSFURNITUR	BUSHBUSINESSFURNITURE	officedepot.com	HTTPS://WWW.OFFICEDEPOT.COM/B/FURNITURE/BRAND--BUSH_BUSINESS_FURNITURE/N-917
ERGOTRON	ERGOTRON	officedepot.com	HTTPS://WWW.OFFICEDEPOT.COM/B/MONITOR-MOUNTS-AND-ARMS/BRAND--ERGOTRON/N-1462033
ERGOTRON	ERGOTRON	officedepot.com	HTTPS://WWW.OFFICEDEPOT.COM/B/STANDING-DESKS/BRAND--ERGOTRON/N-715982
ERUOSTYLE	EUROSTYLE	officedepot.com	HTTPS://WWW.OFFICEDEPOT.COM/B/FURNITURE/BRAND--EUROSTYLE/N-917
ESCALI	ESCALI	officedepot.com	HTTPS://WWW.OFFICEDEPOT.COM/B/KITCHEN-SCALES/BRAND--ESCALI/N-925781
ESELITESCREENS	ELITESCREENS	officedepot.com	HTTPS://WWW.OFFICEDEPOT.COM/B/PROJECTOR-SCREENS/BRAND--ELITE_SCREENS/N-1123280
ESPEEZ	ESPEEZ	officedepot.com	HTTPS://WWW.OFFICEDEPOT.COM/B/HARD-CANDY/BRAND--ESPEEZ/N-1418016
ESROBBINSFURNITURE	ESROBBINS	officedepot.com	HTTPS://WWW.OFFICEDEPOT.COM/B/FURNITURE/BRAND--ES_ROBBINS/N-917
ESSELTE	ESSELTE	officedepot.com	HTTPS://WWW.OFFICEDEPOT.COM/B/POCKET-FOLDERS/BRAND--ESSELTE/N-1544964
ESSELTEPENDAFLEX	PENDAFLEX	officedepot.com	HTTPS://WWW.OFFICEDEPOT.COM/B/FILING-ACCESSORIES/BRAND--PENDAFLEX/N-543870
EUREKAAIR	EUREKA	officedepot.com	HTTPS://WWW.OFFICEDEPOT.COM/B/AIR-PURIFIERS-AND-FILTERS/BRAND--EUREKA/N-1176146
EUREKAAIR	EUREKA	officedepot.com	HTTPS://WWW.OFFICEDEPOT.COM/B/AIR-PURIFIERS-AND-FILTERS/BRAND--EUREKA/N-1176146
EUREKAOFFICE	EUREKA	officedepot.com	HTTPS://WWW.OFFICEDEPOT.COM/B/OFFICE-SUPPLIES/BRAND--EUREKA/N-1676
EUROSTYL	EUROSTYLE	officedepot.com	HTTPS://WWW.OFFICEDEPOT.COM/B/FURNITURE/BRAND--EUROSTYLE/N-917
EVANMOOR	EVANMOOR	officedepot.com	HTTPS://WWW.OFFICEDEPOT.COM/B/CLASSROOM-READING-AND-WRITING/BRAND--EVAN-MOOR/N-1186193
EVAPOLAR	EVAPOLAR	officedepot.com	HTTPS://WWW.OFFICEDEPOT.COM/B/AIR-CONDITIONERS-AND-ACCESSORIES/BRAND--EVAPOLAR/N-1176145
EVERKI	EVERKI	officedepot.com	HTTPS://WWW.OFFICEDEPOT.COM/B/BAGS-AND-LUGGAGE/BRAND--EVERKI/N-2674
EVERKIUSA	EVERKI	officedepot.com	HTTPS://WWW.OFFICEDEPOT.COM/B/BAGS-AND-LUGGAGE/BRAND--EVERKI/N-2674
EVOLUENT	EVOLUENT	officedepot.com	HTTPS://WWW.OFFICEDEPOT.COM/B/MICE-AND-KEYBOARDS/BRAND--EVOLUENT/N-1461905
EVOLUENT	EVOLUENT	officedepot.com	HTTPS://WWW.OFFICEDEPOT.COM/B/MICE-AND-KEYBOARDS/BRAND--EVOLUENT/N-1461905
EVOLUENTL	EVOLUENT	officedepot.com	HTTPS://WWW.OFFICEDEPOT.COM/B/MICE-AND-KEYBOARDS/BRAND--EVOLUENT/N-1461905
EVOLUENTL	EVOLUENT	officedepot.com	HTTPS://WWW.OFFICEDEPOT.COM/B/MICE-AND-KEYBOARDS/BRAND--EVOLUENT/N-1461905
FABERCASTELL	FABERCASTELL	officedepot.com	HTTPS://WWW.OFFICEDEPOT.COM/B/PENCILS/BRAND--FABER-CASTELL/N-4504
FANTASTIC	FANTASTIK	officedepot.com	HTTPS://WWW.OFFICEDEPOT.COM/B/ALL-PURPOSE-CLEANERS/BRAND--FANTASTIK/N-1477629
FEDERALSTREETPRESS	FEDERALSTREETSPRESS	officedepot.com	HTTPS://WWW.OFFICEDEPOT.COM/B/CLASSROOM-TEACHING-RESOURCES/BRAND--FEDERAL_STREETS_PRESS/N-1186196
FELLOWESAIRPURIFIERS	FELLOWES	officedepot.com	HTTPS://WWW.OFFICEDEPOT.COM/B/AIR-PURIFIERS-AND-FILTERS/BRAND--FELLOWES/N-1176146
FELLOWESAIRPURIFIERS	FELLOWES	officedepot.com	HTTPS://WWW.OFFICEDEPOT.COM/B/AIR-PURIFIERS-AND-FILTERS/BRAND--FELLOWES/N-1176146
FIBREMETALHARDHAT	FIBREMETAL	officedepot.com	HTTPS://WWW.OFFICEDEPOT.COM/B/HARD-HATS-AND-CAPS/BRAND--FIBRE-METAL/N-654554
FITANDFRESH	FITXAXFRESH	officedepot.com	HTTPS://WWW.OFFICEDEPOT.COM/B/LUNCH-BAGS/BRAND--FIT_XAX_FRESH/N-1510092
FITRIGHT	FITRIGHT	officedepot.com	HTTPS://WWW.OFFICEDEPOT.COM/B/BRIEFS-AND-UNDERWEAR/BRAND--FITRIGHT/N-1181093
FIVESTARSUPPLY	FIVESTAR	officedepot.com	HTTPS://WWW.OFFICEDEPOT.COM/B/SCHOOL-SUPPLIES/BRAND--FIVE_STAR/N-502600
FIVESTARSUPPLY	FIVESTAR	officedepot.com	HTTPS://WWW.OFFICEDEPOT.COM/B/OFFICE-SUPPLIES/BRAND--FIVE_STAR/N-1676
FLAGZONE	FLAGZONE	officedepot.com	HTTPS://WWW.OFFICEDEPOT.COM/B/FLAGS/BRAND--FLAGZONE/N-1266985
FLASHFUNITURE	FLASHFURNITURE	officedepot.com	HTTPS://WWW.OFFICEDEPOT.COM/B/FURNITURE/BRAND--FLASH_FURNITURE/N-917
FLASHFURNITURE	FLASHFURNITURE	officedepot.com	HTTPS://WWW.OFFICEDEPOT.COM/B/FURNITURE/BRAND--FLASH_FURNITURE/N-917
FLEXISPORT	FLEXISPOT	officedepot.com	HTTPS://WWW.OFFICEDEPOT.COM/B/STANDING-DESKS/BRAND--FLEXISPOT/N-715982
FLEXISPOT	FLEXISPOT	officedepot.com	HTTPS://WWW.OFFICEDEPOT.COM/B/STANDING-DESKS/BRAND--FLEXISPOT/N-715982
FLEXSPOT	FLEXISPOT	officedepot.com	HTTPS://WWW.OFFICEDEPOT.COM/B/STANDING-DESKS/BRAND--FLEXISPOT/N-715982
FLOWWATER	FLOW	officedepot.com	HTTPS://WWW.OFFICEDEPOT.COM/B/WATER/BRAND--FLOW/N-1154871
FLOWWATER	FLOW	officedepot.com	HTTPS://WWW.OFFICEDEPOT.COM/B/WATER/BRAND--FLOW/N-1154871
FOLGERSREG	FOLGERS	officedepot.com	HTTPS://WWW.OFFICEDEPOT.COM/B/COFFEE/BRAND--FOLGERS/N-1154874
FORMAX	FORMAX	officedepot.com	HTTPS://WWW.OFFICEDEPOT.COM/B/BASIC-SUPPLIES/BRAND--FORMAX/N-1886
FORMAX	FORMAX	officedepot.com	HTTPS://WWW.OFFICEDEPOT.COM/B/MAILROOM-EQUIPMENT/BRAND--FORMAX/N-530211
FORTI	FORTINET	officedepot.com	HTTPS://WWW.OFFICEDEPOT.COM/B/SECURITY-HARDWARE/BRAND--FORTINET/N-509722
FOSSFLOORS	FOSSFLOORS	officedepot.com	HTTPS://WWW.OFFICEDEPOT.COM/B/AREA-RUGS/BRAND--FOSS_FLOORS/N-733960
FOSSFLOORS	FOSSFLOORS	officedepot.com	HTTPS://WWW.OFFICEDEPOT.COM/B/FURNITURE/BRAND--FOSS_FLOORS/N-917
FREDRIX	FREDRIX	officedepot.com	HTTPS://WWW.OFFICEDEPOT.COM/B/PAINTING/BRAND--FREDRIX/N-639161
FRESHURINALSCREENS	FRESHPRODUCTS	officedepot.com	HTTPS://WWW.OFFICEDEPOT.COM/B/URINAL-SCREENS-AND-DISPENSERS/BRAND--FRESH_PRODUCTS/N-530701
GARTNERSTUDIOS	GARTNERSTUDIOS	officedepot.com	HTTPS://WWW.OFFICEDEPOT.COM/B/DESIGN-PAPER/BRAND--GARTNER_STUDIOS/N-530736
GARTNERSTUDIOS	GARTNERSTUDIOS	officedepot.com	HTTPS://WWW.OFFICEDEPOT.COM/B/INVITATIONS-AND-CARDS/BRAND--GARTNER_STUDIOS/N-530734
GARVEY	GARVEY	officedepot.com	HTTPS://WWW.OFFICEDEPOT.COM/B/PRICEMARKERS-AND-SUPPLIES/BRAND--GARVEY/N-581715
GARVEY	GARVEY	officedepot.com	HTTPS://WWW.OFFICEDEPOT.COM/B/OFFICE-SUPPLIES/BRAND--GARVEY/N-1676
GARVEYPRODUCTS	GARVEY	officedepot.com	HTTPS://WWW.OFFICEDEPOT.COM/B/OFFICE-SUPPLIES/BRAND--GARVEY/N-1676
GARVEYS	GARVEY	officedepot.com	HTTPS://WWW.OFFICEDEPOT.COM/B/OFFICE-SUPPLIES/BRAND--GARVEY/N-1676
GARVEYS	GARVEY	officedepot.com	HTTPS://WWW.OFFICEDEPOT.COM/B/PRICEMARKERS-AND-SUPPLIES/BRAND--GARVEY/N-581715
GBC	GBC	officedepot.com	HTTPS://WWW.OFFICEDEPOT.COM/B/OFFICE-SUPPLIES/BRAND--GBC/N-1676
GENUINEJOESOLUTIONS	GENUINEJOE	officedepot.com	HTTPS://WWW.OFFICEDEPOT.COM/B/HAND-SOAP/BRAND--GENUINE_JOE/N-1170287
GEOFFREYBEENELUGGAGE	GEOFFREYBEENE	officedepot.com	HTTPS://WWW.OFFICEDEPOT.COM/B/LUGGAGE-AND-TRAVEL-ACCESSORIES/BRAND--GEOFFREY_BEENE/N-2755
GEOSTUDIOS	GEOSTUDIOS	officedepot.com	HTTPS://WWW.OFFICEDEPOT.COM/B/DESIGN-PAPER/BRAND--GEO_STUDIOS/N-530736
GETENTERPRISES	GETENTERPRISES	officedepot.com	HTTPS://WWW.OFFICEDEPOT.COM/B/SERVEWARE/BRAND--GET_ENTERPRISES/N-1176178
GGOJ	GOJO	officedepot.com	HTTPS://WWW.OFFICEDEPOT.COM/B/HAND-SOAP/BRAND--GOJO/N-1170287
GIBSONELITE	GIBSONELITE	officedepot.com	HTTPS://WWW.OFFICEDEPOT.COM/B/DINNERWARE/BRAND--GIBSON_ELITE/N-1214753
GIBSONULTRA	ULTRABYGIBSON	officedepot.com	HTTPS://WWW.OFFICEDEPOT.COM/B/DINNERWARE/BRAND--ULTRA_BY_GIBSON/N-1214753
GIBSONULTRA	GIBSONULTRA	officedepot.com	HTTPS://WWW.OFFICEDEPOT.COM/B/DINNERWARE/BRAND--GIBSON_ULTRA/N-1214753
GIGASTONE	GIGASTONE	officedepot.com	HTTPS://WWW.OFFICEDEPOT.COM/B/USB-FLASH-DRIVES/BRAND--GIGASTONE/N-1461987
GIGASTONE	GIGASTONE	officedepot.com	HTTPS://WWW.OFFICEDEPOT.COM/B/SECURE-DIGITAL-MEMORY-CARDS/BRAND--GIGASTONE/N-509544
GLAMOURHOME	GLAMOURHOME	officedepot.com	HTTPS://WWW.OFFICEDEPOT.COM/B/FURNITURE/BRAND--GLAMOUR_HOME/N-917
GLOBALCARTRIDGES	MXAXAGLOBALCARTRIDGES	officedepot.com	HTTPS://WWW.OFFICEDEPOT.COM/B/COMPUTERS-AND-ACCESSORIES/BRAND--MXAXA_GLOBAL_CARTRIDGES/N-1461888
GLOBALFUNRITUREENTERPRISE	GLOBAL	officedepot.com	HTTPS://WWW.OFFICEDEPOT.COM/B/FURNITURE/BRAND--GLOBAL/N-917
GLOBALFURNITURE	GLOBAL	officedepot.com	HTTPS://WWW.OFFICEDEPOT.COM/B/FURNITURE/BRAND--GLOBAL/N-917
GLOBALHARDLINES	GLOBALHARDLINES	officedepot.com	HTTPS://WWW.OFFICEDEPOT.COM/B/CARTS-AND-TRUCKS/BRAND--GLOBAL_HARDLINES/N-654406
GLOBALHARDLINES	GLOBALHARDLINES	officedepot.com	HTTPS://WWW.OFFICEDEPOT.COM/B/HAND-TRUCKS-AND-DOLLIES/BRAND--GLOBAL_HARDLINES/N-1012410
GLOBALHARDLINES	NOBRAND	officedepot.com	HTTPS://WWW.OFFICEDEPOT.COM/B/HAND-TRUCKS/BRAND--GLOBAL_HARDLINES/BRAND--NO_BRAND/N-654409
GLOBALOFFICE	GLOBAL	officedepot.com	HTTPS://WWW.OFFICEDEPOT.COM/B/FURNITURE/BRAND--GLOBAL/N-917
GLOBALOFFICE	GLOBAL	officedepot.com	HTTPS://WWW.OFFICEDEPOT.COM/B/OFFICE-SUPPLIES/BRAND--GLOBAL/N-1676
GLOBALOFFICE	GLOBAL	officedepot.com	HTTPS://WWW.OFFICEDEPOT.COM/B/OFFICE-CHAIRS/BRAND--GLOBAL/N-593067
GLOBALOFFICEFURNITURE	GLOBAL	officedepot.com	HTTPS://WWW.OFFICEDEPOT.COM/B/FURNITURE/BRAND--GLOBAL/N-917
GLOBEWEIS	GLOBEWEIS	officedepot.com	HTTPS://WWW.OFFICEDEPOT.COM/B/FILE-FOLDERS/BRAND--GLOBE-WEIS/N-3545
GLOVEWORKS	GLOVEWORKS	officedepot.com	HTTPS://WWW.OFFICEDEPOT.COM/B/GLOVES-AND-HAND-PROTECTION/BRAND--GLOVEWORKS/N-654548
GLOWEAR	GLOWEAR	officedepot.com	HTTPS://WWW.OFFICEDEPOT.COM/B/SAFETY-VESTS/BRAND--GLOWEAR/N-654585
GLUEDOTS	GLUEDOTS	officedepot.com	HTTPS://WWW.OFFICEDEPOT.COM/B/TAPE-AND-ADHESIVES/BRAND--GLUE_DOTS/N-371557
GNBI	GNBI	officedepot.com	HTTPS://WWW.OFFICEDEPOT.COM/B/BAGS-AND-LUGGAGE/BRAND--GNBI/N-2674
GNBI	GNBI	officedepot.com	HTTPS://WWW.OFFICEDEPOT.COM/B/RING-LIGHTS/BRAND--GNBI/N-1523671
GOFITNESS	GOFIT	officedepot.com	HTTPS://WWW.OFFICEDEPOT.COM/B/EXERCISE-EQUIPMENT/BRAND--GOFIT/N-1181144
GOGROOVE	GOGROOVE	officedepot.com	HTTPS://WWW.OFFICEDEPOT.COM/B/HOME-AUDIO/BRAND--GOGROOVE/N-633847
GOJ	GOJO	officedepot.com	HTTPS://WWW.OFFICEDEPOT.COM/B/HAND-SOAP/BRAND--GOJO/N-1170287
GOLDTOUCH	GOLDTOUCH	officedepot.com	HTTPS://WWW.OFFICEDEPOT.COM/B/WIRELESS-MICE/BRAND--GOLDTOUCH/N-1461914
GOOD2GROW	GOOD2GROW	officedepot.com	HTTPS://WWW.OFFICEDEPOT.COM/B/JUICE/BRAND--GOOD2GROW/N-1154868
GOODWRAPPERS	GOODWRAPPERS	officedepot.com	HTTPS://WWW.OFFICEDEPOT.COM/B/SHRINK-WRAP/BRAND--GOODWRAPPERS/N-1012416
GOODWRAPPERS	GOODWRAPPERS	officedepot.com	HTTPS://WWW.OFFICEDEPOT.COM/B/INDUSTRIAL-SHIPPING-SUPPLIES/BRAND--GOODWRAPPERS/N-1012408
GORILLAGLU	GORILLAGLUE	officedepot.com	HTTPS://WWW.OFFICEDEPOT.COM/B/GLUE/BRAND--GORILLA_GLUE/N-371558
GORILLAGLUE	GORILLAGLUE	officedepot.com	HTTPS://WWW.OFFICEDEPOT.COM/B/GLUE/BRAND--GORILLA_GLUE/N-371558
GORILLAGLUECOMPANY	GORILLAGLUE	officedepot.com	HTTPS://WWW.OFFICEDEPOT.COM/B/GLUE/BRAND--GORILLA_GLUE/N-371558
GORILLAGLUECOMPANY	GORILLA	officedepot.com	HTTPS://WWW.OFFICEDEPOT.COM/B/GLUE/BRAND--GORILLA/N-371558
GORILLALADDERS	GORILLA	officedepot.com	HTTPS://WWW.OFFICEDEPOT.COM/B/LADDERS-AND-STEP-STOOLS/BRAND--GORILLA/N-530637
GORILLASUPPLY	GORILLA	officedepot.com	HTTPS://WWW.OFFICEDEPOT.COM/B/OFFICE-SUPPLIES/BRAND--GORILLA/N-1676
GREATNECKTOOLS	GREATNECK	officedepot.com	HTTPS://WWW.OFFICEDEPOT.COM/B/TOOLS-AND-EQUIPMENT/BRAND--GREAT_NECK/N-590326
GREATSTAR	GREATSTAR	officedepot.com	HTTPS://WWW.OFFICEDEPOT.COM/B/TOOLS-AND-EQUIPMENT/BRAND--GREATSTAR/N-590326
GREENMADE	GREENMADE	officedepot.com	HTTPS://WWW.OFFICEDEPOT.COM/B/PLASTIC-STORAGE-CONTAINERS/BRAND--GREENMADE/N-1123255
GREENMADE	GREENMADE	officedepot.com	HTTPS://WWW.OFFICEDEPOT.COM/B/STORAGE/BRAND--GREENMADE/N-1123252
GREENMOUNTAINCOFFE	GREENMOUNTAINCOFFEE	officedepot.com	HTTPS://WWW.OFFICEDEPOT.COM/B/COFFEE/BRAND--GREEN_MOUNTAIN_COFFEE/N-1154874
GREENMOUNTAINCOFFEE	GREENMOUNTAINCOFFEE	officedepot.com	HTTPS://WWW.OFFICEDEPOT.COM/B/COFFEE/BRAND--GREEN_MOUNTAIN_COFFEE/N-1154874
GREENMOUNTAINCOFFEEREG	GREENMOUNTAINCOFFEE	officedepot.com	HTTPS://WWW.OFFICEDEPOT.COM/B/COFFEE/BRAND--GREEN_MOUNTAIN_COFFEE/N-1154874
GREENMOUNTAINCOFFEEROASTERSREG	GREENMOUNTAINCOFFEE	officedepot.com	HTTPS://WWW.OFFICEDEPOT.COM/B/COFFEE/BRAND--GREEN_MOUNTAIN_COFFEE/N-1154874
GREENRESPAWN	RESPAWN	officedepot.com	HTTPS://WWW.OFFICEDEPOT.COM/B/GAMING-CHAIRS/BRAND--RESPAWN/N-1302556
GRUMBACHER	GRUMBACHER	officedepot.com	HTTPS://WWW.OFFICEDEPOT.COM/B/PAINTING/BRAND--GRUMBACHER/N-639161
GRYPHONHOUSE	GRYPHONHOUSE	officedepot.com	HTTPS://WWW.OFFICEDEPOT.COM/B/CLASSROOM-EARLY-LEARNING/BRAND--GRYPHON_HOUSE/N-1186190
GUARDIANFLOORPROTECTION	GUARDIANFLOORPROTECTION	officedepot.com	HTTPS://WWW.OFFICEDEPOT.COM/B/MATS/BRAND--GUARDIAN_FLOOR_PROTECTION/N-530631
GUARDIANMATS	GUARDIANFLOORPROTECTION	officedepot.com	HTTPS://WWW.OFFICEDEPOT.COM/B/MATS/BRAND--GUARDIAN_FLOOR_PROTECTION/N-530631
GUMDROPCASES	GUMDROP	officedepot.com	HTTPS://WWW.OFFICEDEPOT.COM/B/TABLETS-AND-ACCESSORIES/BRAND--GUMDROP/N-1462094
HALLMARKPARTY	HALLMARK	officedepot.com	HTTPS://WWW.OFFICEDEPOT.COM/B/PARTY-DECORATIONS/BRAND--HALLMARK/N-1577571
HAMILTONELECTRONICS	HAMILTONELECTRONICS	officedepot.com	HTTPS://WWW.OFFICEDEPOT.COM/B/HOME-AUDIO/BRAND--HAMILTON_ELECTRONICS/N-633847
HAMILTONELECTRONICSVCOM	HAMILTONELECTRONICS	officedepot.com	HTTPS://WWW.OFFICEDEPOT.COM/B/HOME-AUDIO/BRAND--HAMILTON_ELECTRONICS/N-633847
HAMMERMILLPAPERSGROUP	HAMMERMILL	officedepot.com	HTTPS://WWW.OFFICEDEPOT.COM/B/COPY-AND-MULTIPURPOSE-PAPER/BRAND--HAMMERMILL/N-530730
HANDL	HANDL	officedepot.com	HTTPS://WWW.OFFICEDEPOT.COM/B/CELL-PHONE-GRIPS/BRAND--HANDL/N-1487901
HANOVEROUTDOOR	HANOVER	officedepot.com	HTTPS://WWW.OFFICEDEPOT.COM/B/OUTDOOR-FURNITURE/BRAND--HANOVER/N-550494
HANOVEROUTDOORFURNITURE	HANOVER	officedepot.com	HTTPS://WWW.OFFICEDEPOT.COM/B/OUTDOOR-FURNITURE/BRAND--HANOVER/N-550494
HAPPYPLANNER	HAPPYPLANNER	officedepot.com	HTTPS://WWW.OFFICEDEPOT.COM/B/CALENDARS-AND-PLANNERS/BRAND--HAPPY_PLANNER/N-1131206
HAPPYPLANNER	HAPPYPLANNER	officedepot.com	HTTPS://WWW.OFFICEDEPOT.COM/B/PLANNERS/BRAND--HAPPY_PLANNER/N-1131212
HARLAND	HARLANDCLARKE	officedepot.com	HTTPS://WWW.OFFICEDEPOT.COM/B/BUSINESS-CHECKS/BRAND--HARLAND_CLARKE/N-1506475
HARLANDCLARKE	HARLANDCLARKE	officedepot.com	HTTPS://WWW.OFFICEDEPOT.COM/B/CUSTOM-CHECKS/BRAND--HARLAND_CLARKE/N-1212260
HARLANDCLARKE	HARLANDCLARKE	officedepot.com	HTTPS://WWW.OFFICEDEPOT.COM/B/BUSINESS-CHECKS/BRAND--HARLAND_CLARKE/N-1506475
HARLANDCLARKE	HARLANDCLARKE	officedepot.com	HTTPS://WWW.OFFICEDEPOT.COM/B/CUSTOM-CHECKS/BRAND--HARLAND_CLARKE/N-1212260
HARLANDCLARKE	HARLANDCLARKE	officedepot.com	HTTPS://WWW.OFFICEDEPOT.COM/B/CUSTOM-ADDRESS-LABELS/BRAND--HARLAND_CLARKE/N-1212302
HARPERTRUCKS	HARPERTRUCKS	officedepot.com	HTTPS://WWW.OFFICEDEPOT.COM/B/HAND-TRUCKS/BRAND--HARPER_TRUCKS/N-654409
HARPERTRUCKS	HARPERTRUCKS	officedepot.com	HTTPS://WWW.OFFICEDEPOT.COM/B/HAND-TRUCKS/BRAND--HARPER_TRUCKS/N-654409
HARPERTRUCKS	HARPERTRUCKS	officedepot.com	HTTPS://WWW.OFFICEDEPOT.COM/B/HAND-TRUCKS-AND-DOLLIES/BRAND--HARPER_TRUCKS/N-1012410
HARPERTRUCKSTM	HARPERTRUCKS	officedepot.com	HTTPS://WWW.OFFICEDEPOT.COM/B/HAND-TRUCKS/BRAND--HARPER_TRUCKS/N-654409
HARPERTRUCKSTM	HARPERTRUCKS	officedepot.com	HTTPS://WWW.OFFICEDEPOT.COM/B/HAND-TRUCKS/BRAND--HARPER_TRUCKS/N-654409
HARPERTRUCKSTM	HARPERTRUCKS	officedepot.com	HTTPS://WWW.OFFICEDEPOT.COM/B/HAND-TRUCKS-AND-DOLLIES/BRAND--HARPER_TRUCKS/N-1012410
