4PAWSSTUFF	FOURPAWS	petco.com	HTTPS://WWW.PETCO.COM/SHOP/EN/PETCOSTORE/BRAND/FOUR-PAWS
AANDECAGECOMPANY	AECAGECOMPANY	petco.com	HTTPS://WWW.PETCO.COM/SHOP/EN/PETCOSTORE/BRAND/AE-CAGE-COMPANY
ACANA	ACANA	petco.com	HTTPS://WWW.PETCO.COM/SHOP/EN/PETCOSTORE/BRAND/ACANA
ACANA	ACANA	petco.com	HTTPS://WWW.PETCO.COM/SHOP/EN/PETCOSTORE/BRAND/ACANA
ACTIVECHEWS	ACTIVECHEWS	petco.com	HTTPS://WWW.PETCO.COM/SHOP/EN/PETCOSTORE/BRAND/ACTIVE-CHEWS
ACUREL	ACUREL	petco.com	HTTPS://WWW.PETCO.COM/SHOP/EN/PETCOSTORE/PRODUCT/ACUREL-F-CLARIFIER
ADAMSPLUS	ADAMSPLUS	petco.com	HTTPS://WWW.PETCO.COM/SHOP/EN/PETCOSTORE/PRODUCT/ADAMS-PLUS-FLEA-AND-TICK-SHAMPOO-WITH-PRECOR
ADVANTAGE	ADVANTAGE	petco.com	HTTPS://WWW.PETCO.COM/SHOP/EN/PETCOSTORE/BRAND/ADVANTAGE
ADVANTAGE	ADVANTAGE	petco.com	HTTPS://WWW.PETCO.COM/SHOP/EN/PETCOSTORE/BRAND/ADVANTAGE
ADVANTAGEII	ADVANTAGEII	petco.com	HTTPS://WWW.PETCO.COM/SHOP/EN/PETCOSTORE/PRODUCT/ADVANTAGE-II-ONCE-A-MONTH-CAT-AND-KITTEN-TOPICAL-FLEA-TREATMENT-OVER-9-LBS
ADVANTAGEII	ADVANTAGEII	petco.com	HTTPS://WWW.PETCO.COM/SHOP/EN/PETCOSTORE/PRODUCT/ADVANTAGE-II-ONCE-A-MONTH-TOPICAL-FLEA-TREATMENT-FOR-DOGS-AND-PUPPIES-21-TO-55-LBS
ADVANTUS	ADVANTUS	petco.com	HTTPS://WWW.PETCO.COM/SHOP/EN/PETCOSTORE/PRODUCT/ADVANTUS-FLEA-SOFT-CHEWS-FOR-SMALL-DOGS-4-22LBS
ADVANTUS	ADVANTUS	petco.com	HTTPS://WWW.PETCO.COM/SHOP/EN/PETCOSTORE/PRODUCT/ADVANTUS-FLEA-SOFT-CHEWS-FOR-LARGE-DOGS-23-110LBS
AEBIRDCAGES	AECAGECOMPANY	petco.com	HTTPS://WWW.PETCO.COM/SHOP/EN/PETCOSTORE/BRAND/AE-CAGE-COMPANY
AECAGECO	AECAGECOMPANY	petco.com	HTTPS://WWW.PETCO.COM/SHOP/EN/PETCOSTORE/BRAND/AE-CAGE-COMPANY
AECAGECOMPANY	AECAGECOMPANY	petco.com	HTTPS://WWW.PETCO.COM/SHOP/EN/PETCOSTORE/BRAND/AE-CAGE-COMPANY
AEROKAT	AEROKAT	petco.com	HTTPS://WWW.PETCO.COM/SHOP/EN/PETCOSTORE/PRODUCT/AEROKAT-FELINE-AEROSOL-CHAMBER
ALLHILL	SCIENCEDIET	petco.com	HTTPS://WWW.PETCO.COM/SHOP/EN/PETCOSTORE/BRAND/SCIENCE-DIET
ALLHILL	SCIENCEDIET	petco.com	HTTPS://WWW.PETCO.COM/SHOP/EN/PETCOSTORE/BRAND/SCIENCE-DIET
ALLHILL	HILLSPRESCRIPTIONDIET	petco.com	HTTPS://WWW.PETCO.COM/SHOP/EN/PETCOSTORE/BRAND/HILLS-PRESCRIPTION-DIET
AMANO	AMANO	petco.com	HTTPS://WWW.PETCO.COM/SHOP/EN/PETCOSTORE/PRODUCT/AMANO-SHRIMP
AMERICANPETPLACE	AMERICANPET	petco.com	HTTPS://WWW.PETCO.COM/SHOP/EN/PETCOSTORE/BRAND/AMERICAN-PET
AMOROSOPET	AMOROSOPET	petco.com	HTTPS://WWW.PETCO.COM/SHOP/EN/PETCOSTORE/PRODUCT/AMOROSO-PET-BLACK-PINK-CONVENIENCE-PET-STROLLER
AMOROSOPET	AMOROSOPET	petco.com	HTTPS://WWW.PETCO.COM/SHOP/EN/PETCOSTORE/BRAND/AMOROSO-PET
AMOROSOPET	AMOROSOPET	petco.com	HTTPS://WWW.PETCO.COM/SHOP/EN/PETCOSTORE/BRAND/AMOROSO-PET/DOG/TRAVEL-OUTDOOR-SUPPLIES/DOG-STROLLERS
AMOROSOPET	AMOROSOPET	petco.com	HTTPS://WWW.PETCO.COM/SHOP/EN/PETCOSTORE/PRODUCT/AMOROSO-PET-BLACK-RED-UMBRELLA-PET-STROLLER
AMOROSOPET	AMOROSOPET	petco.com	HTTPS://WWW.PETCO.COM/SHOP/EN/PETCOSTORE/PRODUCT/AMOROSO-PET-BROWN-UMBRELLA-PET-STROLLER
AMOROSOPET	AMOROSOPET	petco.com	HTTPS://WWW.PETCO.COM/SHOP/EN/PETCOSTORE/PRODUCT/AMOROSO-PET-GREEN-UMBRELLA-PET-STROLLER
AMOROSOPET	AMOROSOPET	petco.com	HTTPS://WWW.PETCO.COM/SHOP/EN/PETCOSTORE/PRODUCT/AMOROSO-PET-BLACK-UMBRELLA-PET-STROLLER
AMOROSOPET	AMOROSOPET	petco.com	HTTPS://WWW.PETCO.COM/SHOP/EN/PETCOSTORE/PRODUCT/AMOROSO-PET-BLACK-DOG-JOGGING-STROLLER
ANDIS	ANDIS	petco.com	HTTPS://WWW.PETCO.COM/SHOP/EN/PETCOSTORE/BRAND/ANDIS
ANDISPET	ANDIS	petco.com	HTTPS://WWW.PETCO.COM/SHOP/EN/PETCOSTORE/BRAND/ANDIS
ANDISPROFESSIONAL	ANDIS	petco.com	HTTPS://WWW.PETCO.COM/SHOP/EN/PETCOSTORE/BRAND/ANDIS
ANIMAZE	ANIMAZE	petco.com	HTTPS://WWW.PETCO.COM/SHOP/EN/PETCOSTORE/BRAND/ANIMAZE
AOKCATS	OKOCAT	petco.com	HTTPS://WWW.PETCO.COM/SHOP/EN/PETCOSTORE/BRAND/OKOCAT
APIPOND	API	petco.com	HTTPS://WWW.PETCO.COM/SHOP/EN/PETCOSTORE/BRAND/API/FISH/POND-SUPPLIES
APIPOND	API	petco.com	HTTPS://WWW.PETCO.COM/SHOP/EN/PETCOSTORE/BRAND/API/FISH/POND-SUPPLIES
APPLAWS	APPLAWS	petco.com	HTTPS://WWW.PETCO.COM/SHOP/EN/PETCOSTORE/BRAND/APPLAWS
APPLAWS	APPLAWS	petco.com	HTTPS://WWW.PETCO.COM/SHOP/EN/PETCOSTORE/BRAND/APPLAWS/CAT/CAT-FOOD
APWWYOFF	APPLAWS	petco.com	HTTPS://WWW.PETCO.COM/SHOP/EN/PETCOSTORE/BRAND/APPLAWS/CAT
AQUACLEAR	AQUACLEAR	petco.com	HTTPS://WWW.PETCO.COM/SHOP/EN/PETCOSTORE/PRODUCT/AQUACLEAR-20-AQUARIUM-POWER-FILTER
AQUACLEAR	AQUACLEAR	petco.com	HTTPS://WWW.PETCO.COM/SHOP/EN/PETCOSTORE/PRODUCT/AQUACLEAR-50-AQUARIUM-POWER-FILTER
AQUACLEAR	AQUACLEAR	petco.com	HTTPS://WWW.PETCO.COM/SHOP/EN/PETCOSTORE/PRODUCT/AQUACLEAR-70-AQUARIUM-POWER-FILTER
AQUAEUROUSA	AQUAEUROUSA	petco.com	HTTPS://WWW.PETCO.COM/SHOP/EN/PETCOSTORE/BRAND/AQUA-EURO-USA
AQUAILLUMINATION	AQUAILLUMINATION	petco.com	HTTPS://WWW.PETCO.COM/SHOP/EN/PETCOSTORE/BRAND/AQUAILLUMINATION
AQUANATURAL	AQUANATURAL	petco.com	HTTPS://WWW.PETCO.COM/SHOP/EN/PETCOSTORE/BRAND/AQUA-NATURAL
AQUANATURAL	AQUANATURAL	petco.com	HTTPS://WWW.PETCO.COM/SHOP/EN/PETCOSTORE/BRAND/AQUA-NATURAL/FISH/FISH-TANK-SAND-GRAVEL-SUBSTRATE
AQUATICFUNDAMENTALS	AQUATICFUNDAMENTALS	petco.com	HTTPS://WWW.PETCO.COM/SHOP/EN/PETCOSTORE/BRAND/AQUATIC-FUNDAMENTALS
AQUATICFUNDAMENTALS	AQUATICFUNDAMENTALS	petco.com	HTTPS://WWW.PETCO.COM/SHOP/EN/PETCOSTORE/PRODUCT/AQUATIC-FUNDAMENTALS-BLACK-SCROLL-AQUARIUM-STAND-20-GALLONS
AQUATICFUNDAMENTALS	AQUATICFUNDAMENTALS	petco.com	HTTPS://WWW.PETCO.COM/SHOP/EN/PETCOSTORE/PRODUCT/AQUATIC-FUNDAMENTALS-20-GALLON-STEEL-X-FRAME-BLACK-AQUARIUM-STAND-WITH-LOWER-SHELF
AQUATICFUNDAMENTALS	AQUATICFUNDAMENTALS	petco.com	HTTPS://WWW.PETCO.COM/SHOP/EN/PETCOSTORE/PRODUCT/AQUATIC-FUNDAMENTALS-BLACK-UPRIGHT-AQUARIUM-STAND
AQUEON	AQUEON	petco.com	HTTPS://WWW.PETCO.COM/SHOP/EN/PETCOSTORE/BRAND/AQUEON
AQUEON	AQUEON	petco.com	HTTPS://WWW.PETCO.COM/SHOP/EN/PETCOSTORE/BRAND/AQUEON
AQUEONPRODUCTSSUPPLIES	AQUEON	petco.com	HTTPS://WWW.PETCO.COM/SHOP/EN/PETCOSTORE/BRAND/AQUEON
AQUEONPRODUCTSSUPPLIES	AQUEON	petco.com	HTTPS://WWW.PETCO.COM/SHOP/EN/PETCOSTORE/BRAND/AQUEON
AQUUEN	AQUEON	petco.com	HTTPS://WWW.PETCO.COM/SHOP/EN/PETCOSTORE/BRAND/AQUEON
AQUUEN	AQUEON	petco.com	HTTPS://WWW.PETCO.COM/SHOP/EN/PETCOSTORE/BRAND/AQUEON
ARCADIAREPTILE	ARCADIAREPTILE	petco.com	HTTPS://WWW.PETCO.COM/SHOP/EN/PETCOSTORE/BRAND/ARCADIA-REPTILE
ARF	ARFPETS	petco.com	HTTPS://WWW.PETCO.COM/SHOP/EN/PETCOSTORE/BRAND/ARF-PETS
ARKNATURALS	ARKNATURALS	petco.com	HTTPS://WWW.PETCO.COM/SHOP/EN/PETCOSTORE/BRAND/ARK-NATURALS
ARMARKAT	ARMARKAT	petco.com	HTTPS://WWW.PETCO.COM/SHOP/EN/PETCOSTORE/BRAND/ARMARKAT
ARMARKATPETPRODUCTS	ARMARKAT	petco.com	HTTPS://WWW.PETCO.COM/SHOP/EN/PETCOSTORE/BRAND/ARMARKAT
ARMARKATPETPRODUCTS	ARMARKAT	petco.com	HTTPS://WWW.PETCO.COM/SHOP/EN/PETCOSTORE/BRAND/ARMARKAT/DOG/DOG-BEDS-AND-BEDDING
ARMHAMMERFORPETS	ARMHAMMER	petco.com	HTTPS://WWW.PETCO.COM/SHOP/EN/PETCOSTORE/BRAND/ARM-HAMMER
ARMHAMMERFORPETS	ARMHAMMER	petco.com	HTTPS://WWW.PETCO.COM/SHOP/EN/PETCOSTORE/BRAND/ARM-HAMMER
ASLSOLUTIONS	ASLSOLUTIONS	petco.com	HTTPS://WWW.PETCO.COM/SHOP/EN/PETCOSTORE/PRODUCT/ASL-SOLUTIONS-INSULATED-DOG-PALACE
AUDUBONPARK	AUDUBONPARK	petco.com	HTTPS://WWW.PETCO.COM/SHOP/EN/PETCOSTORE/BRAND/AUDUBON-PARK
AVIANADVENTURES	AVIANADVENTURES	petco.com	HTTPS://WWW.PETCO.COM/SHOP/EN/PETCOSTORE/BRAND/AVIAN-ADVENTURES
AVIANADVENTURES	AVIANADVENTURES	petco.com	HTTPS://WWW.PETCO.COM/SHOP/EN/PETCOSTORE/BRAND/AVIAN-ADVENTURES/BIRD
AVIANADVENTURES	AVIANADVENTURES	petco.com	HTTPS://WWW.PETCO.COM/SHOP/EN/PETCOSTORE/PRODUCT/AVIAN-ADVENTURES-MULTI-VISTA-BIRD-CAGES-IN-PLATINUM
AVIANADVENTURES	AVIANADVENTURES	petco.com	HTTPS://WWW.PETCO.COM/SHOP/EN/PETCOSTORE/PRODUCT/AVIAN-ADVENTURES-NINA-DOMETOP-BIRD-CAGES-IN-PLATINUM
AVIANADVENTURES	AVIANADVENTURES	petco.com	HTTPS://WWW.PETCO.COM/SHOP/EN/PETCOSTORE/PRODUCT/AVIAN-ADVENTURES-RECREATION-CENTER-FOR-BIRDS-IN-PLATINUM
AVIANADVENTURES	AVIANADVENTURES	petco.com	HTTPS://WWW.PETCO.COM/SHOP/EN/PETCOSTORE/PRODUCT/AVIAN-ADVENTURES-GRANDE-PLAYTOP-BIRD-CAGES-IN-PLATINUM
BARKBOX	BARK	petco.com	HTTPS://WWW.PETCO.COM/SHOP/EN/PETCOSTORE/BRAND/BARK
BARKBOXBITSNPIECES	BARK	petco.com	HTTPS://WWW.PETCO.COM/SHOP/EN/PETCOSTORE/BRAND/BARK
BARKWORTHIES	BARKWORTHIES	petco.com	HTTPS://WWW.PETCO.COM/SHOP/EN/PETCOSTORE/BRAND/BARKWORTHIES
BEAUMONTBASICS	BEAUMONTBASICS	petco.com	HTTPS://WWW.PETCO.COM/SHOP/EN/PETCOSTORE/PRODUCT/BEAUMONT-BASICS-RED-MEAT-RECIPE-FLAVORS-FOOD-TOPPER-FOR-DOGS
BEAUTYRESTPET	BEAUTYREST	petco.com	HTTPS://WWW.PETCO.COM/SHOP/EN/PETCOSTORE/BRAND/BEAUTYREST/DOG/DOG-BEDS-AND-BEDDING
BEDOOCAT	BOODA	petco.com	HTTPS://WWW.PETCO.COM/SHOP/EN/PETCOSTORE/BRAND/BOODA
BEGGIN	BEGGIN	petco.com	HTTPS://WWW.PETCO.COM/SHOP/EN/PETCOSTORE/BRAND/BEGGIN
BENEBONE	BENEBONE	petco.com	HTTPS://WWW.PETCO.COM/SHOP/EN/PETCOSTORE/BRAND/BENEBONE
BENEBONE	BENEBONE	petco.com	HTTPS://WWW.PETCO.COM/SHOP/EN/PETCOSTORE/BRAND/BENEBONE
BENEECE	BENEBONE	petco.com	HTTPS://WWW.PETCO.COM/SHOP/EN/PETCOSTORE/BRAND/BENEBONE
BEONEBREED	BEONEBREED	petco.com	HTTPS://WWW.PETCO.COM/SHOP/EN/PETCOSTORE/BRAND/BE-ONE-BREED
BESSIEANDBARNIE	BESSIEANDBARNIE	petco.com	HTTPS://WWW.PETCO.COM/SHOP/EN/PETCOSTORE/BRAND/BESSIE-AND-BARNIE
BESSIEBARNIE	BESSIEANDBARNIE	petco.com	HTTPS://WWW.PETCO.COM/SHOP/EN/PETCOSTORE/BRAND/BESSIE-AND-BARNIE
BESTFRIENDSBYSHERI	BESTFRIENDSBYSHERI	petco.com	HTTPS://WWW.PETCO.COM/SHOP/EN/PETCOSTORE/BRAND/BEST-FRIENDS-BY-SHERI
BESTFRIENDSBYSHERI	BESTFRIENDSBYSHERI	petco.com	HTTPS://WWW.PETCO.COM/SHOP/EN/PETCOSTORE/BRAND/BEST-FRIENDS-BY-SHERI/DOG/DOG-BEDS-AND-BEDDING
BESTFRIENDSBYSHERILUX	BESTFRIENDSBYSHERI	petco.com	HTTPS://WWW.PETCO.COM/SHOP/EN/PETCOSTORE/BRAND/BEST-FRIENDS-BY-SHERI
BESTFRIENDSBYSHERIOO	BESTFRIENDSBYSHERI	petco.com	HTTPS://WWW.PETCO.COM/SHOP/EN/PETCOSTORE/BRAND/BEST-FRIENDS-BY-SHERI
BESTFRIENDSBYSHERIOO	BESTFRIENDSBYSHERI	petco.com	HTTPS://WWW.PETCO.COM/SHOP/EN/PETCOSTORE/BRAND/BEST-FRIENDS-BY-SHERI/DOG/DOG-BEDS-AND-BEDDING
BESTFRIENDSBYSHERISTORE	BESTFRIENDSBYSHERI	petco.com	HTTPS://WWW.PETCO.COM/SHOP/EN/PETCOSTORE/BRAND/BEST-FRIENDS-BY-SHERI
BESTFRIENDSBYSHERISTORE	BESTFRIENDSBYSHERI	petco.com	HTTPS://WWW.PETCO.COM/SHOP/EN/PETCOSTORE/BRAND/BEST-FRIENDS-BY-SHERI/DOG/DOG-BEDS-AND-BEDDING
BETTERBELLY	BETTERBELLY	petco.com	HTTPS://WWW.PETCO.COM/SHOP/EN/PETCOSTORE/BRAND/BETTER-BELLY
BETTERBELLY	BETTERBELLY	petco.com	HTTPS://WWW.PETCO.COM/SHOP/EN/PETCOSTORE/PRODUCT/BETTER-BELLY-PROTEINS-WITH-REAL-LAMB-TWISTS-DIGESTIBLE-DOG-CHEW
BETTERBELLY	BETTERBELLY	petco.com	HTTPS://WWW.PETCO.COM/SHOP/EN/PETCOSTORE/BRAND/BETTER-BELLY/DOG/DOG-TREATS-AND-CHEWS
BIORB	BIORB	petco.com	HTTPS://WWW.PETCO.COM/SHOP/EN/PETCOSTORE/BRAND/BIORB
BIORB	BIORB	petco.com	HTTPS://WWW.PETCO.COM/SHOP/EN/PETCOSTORE/BRAND/BIORB
BIORBBYOASE	BIORB	petco.com	HTTPS://WWW.PETCO.COM/SHOP/EN/PETCOSTORE/BRAND/BIORB
BIROBIROD	BIORB	petco.com	HTTPS://WWW.PETCO.COM/SHOP/EN/PETCOSTORE/BRAND/BIORB
BLACKNEON	BLACKNEON	petco.com	HTTPS://WWW.PETCO.COM/SHOP/EN/PETCOSTORE/PRODUCT/BLACK-NEON-TETRA
BLUEBASICS	BLUEBASICS	petco.com	HTTPS://WWW.PETCO.COM/SHOP/EN/PETCOSTORE/BRAND/BLUE-BASICS
BLUEBERRYPET	BLUEBERRYPET	petco.com	HTTPS://WWW.PETCO.COM/SHOP/EN/PETCOSTORE/BRAND/BLUEBERRY-PET
BLUEBUFFALO	BLUEBUFFALO	petco.com	HTTPS://WWW.PETCO.COM/SHOP/EN/PETCOSTORE/BRAND/BLUE-BUFFALO/DOG/DOG-FOOD
BLUEBUFFALO	BLUEBUFFALO	petco.com	HTTPS://WWW.PETCO.COM/SHOP/EN/PETCOSTORE/BRAND/BLUE-BUFFALO
BLUEBUFFALOCOMPANY	BLUEBUFFALO	petco.com	HTTPS://WWW.PETCO.COM/SHOP/EN/PETCOSTORE/BRAND/BLUE-BUFFALO
BLUEBUFFALOCOMPANY	BLUEBUFFALO	petco.com	HTTPS://WWW.PETCO.COM/SHOP/EN/PETCOSTORE/BRAND/BLUE-BUFFALO/DOG/DOG-FOOD
BLUEBUFFALONATURALVETERINARYDIET	BLUEBUFFALONATURALVETERINARYDIET	petco.com	HTTPS://WWW.PETCO.COM/SHOP/EN/PETCOSTORE/BRAND/BLUE-BUFFALO-NATURAL-VETERINARY-DIET
BLUELIFEPROTECTIONDOGFOOD	BLUELIFEPROTECTION	petco.com	HTTPS://WWW.PETCO.COM/SHOP/EN/PETCOSTORE/BRAND/BLUE-LIFE-PROTECTION
BLUERIBBONPETPRODUCTS	BLUERIBBONPET	petco.com	HTTPS://WWW.PETCO.COM/SHOP/EN/PETCOSTORE/BRAND/BLUE-RIBBON-PET
BLUERIDGEFISHHATCHERY	BLUERIDGEFISHHATCHERY	petco.com	HTTPS://WWW.PETCO.COM/SHOP/EN/PETCOSTORE/BRAND/BLUE-RIDGE-FISH-HATCHERY
BLUERIDGEFISHHATCHERY	BLUERIDGEFISHHATCHERY	petco.com	HTTPS://WWW.PETCO.COM/SHOP/EN/PETCOSTORE/PRODUCT/BLUE-RIDGE-FISH-HATCHERY-FOOD-KOI-AND-GOLDFISH-MINI-AND-316-BLEND-FLOATING-PELLET-GROWTH-FORMULA
BLUERIDGEFISHHATCHERY	BLUERIDGEFISHHATCHERY	petco.com	HTTPS://WWW.PETCO.COM/SHOP/EN/PETCOSTORE/PRODUCT/BLUE-RIDGE-FISH-HATCHERY-KOI-AND-GOLDFISH-FOOD-MINI-FLOATING-PELLET-BALANCED-DIET-GROWTH-FORMULA
BLUERIDGEFISHHATCHERY	BLUERIDGEFISHHATCHERY	petco.com	HTTPS://WWW.PETCO.COM/SHOP/EN/PETCOSTORE/BRAND/BLUE-RIDGE-FISH-HATCHERY/FISH/FISH-FOOD/POND-FISH-FOOD
BLUERIDGENATURALS	BLUERIDGENATURALS	petco.com	HTTPS://WWW.PETCO.COM/SHOP/EN/PETCOSTORE/BRAND/BLUE-RIDGE-NATURALS
BLUERIDGENATURALS	BLUERIDGENATURALS	petco.com	HTTPS://WWW.PETCO.COM/SHOP/EN/PETCOSTORE/PRODUCT/BLUE-RIDGE-NATURALS-SWEET-TATER-FRIES-DOG-TREATS
BLUEWILDERNESS	BLUEWILDERNESS	petco.com	HTTPS://WWW.PETCO.COM/SHOP/EN/PETCOSTORE/BRAND/BLUE-WILDERNESS
BONEDRY	BONEDRY	petco.com	HTTPS://WWW.PETCO.COM/SHOP/EN/PETCOSTORE/BRAND/BONE-DRY
BOODA	BOODA	petco.com	HTTPS://WWW.PETCO.COM/SHOP/EN/PETCOSTORE/BRAND/BOODA
BOXIECAT	BOXIECAT	petco.com	HTTPS://WWW.PETCO.COM/SHOP/EN/PETCOSTORE/PRODUCT/BOXIECAT-EXTRA-STRENGTH-SCENT-FREE-PREMIUM-CLUMPING-CLAY-CAT-LITTER
BOXIECAT	BOXIECAT	petco.com	HTTPS://WWW.PETCO.COM/SHOP/EN/PETCOSTORE/BRAND/BOXIECAT/CAT/CAT-LITTER-LITTER-BOXES-AND-ACCESSORIES/CAT-LITTER
BOXIEPRO	BOXIEPRO	petco.com	HTTPS://WWW.PETCO.COM/SHOP/EN/PETCOSTORE/PRODUCT/BOXIEPRO-DEEP-CLEAN-SCENT-FREE-PROBIOTIC-CLUMPING-CLAY-CAT-LITTER
BOXIEPRO	BOXIEPRO	petco.com	HTTPS://WWW.PETCO.COM/SHOP/EN/PETCOSTORE/BRAND/BOXIEPRO
BOYDENTERPRISES	BOYDENTERPRISES	petco.com	HTTPS://WWW.PETCO.COM/SHOP/EN/PETCOSTORE/BRAND/BOYD-ENTERPRISES
BOYDENTERPRISES	BOYDENTERPRISES	petco.com	HTTPS://WWW.PETCO.COM/SHOP/EN/PETCOSTORE/BRAND/BOYD-ENTERPRISES/FISH/FISH-TANK-FILTRATION
BRANDOFSMARTYPETSHIGHTECHPET	HIGHTECHPET	petco.com	HTTPS://WWW.PETCO.COM/SHOP/EN/PETCOSTORE/BRAND/HIGH-TECH-PET
BRAVPET	BRAVECTO	petco.com	HTTPS://WWW.PETCO.COM/SHOP/EN/PETCOSTORE/BRAND/BRAVECTO
BRAVPET	BRAVECTO	petco.com	HTTPS://WWW.PETCO.COM/SHOP/EN/PETCOSTORE/BRAND/BRAVECTO
BRILLIANTPET	BRILLIANTPAD	petco.com	HTTPS://WWW.PETCO.COM/SHOP/EN/PETCOSTORE/BRAND/BRILLIANT-PAD
BRINKMANNPET	BRINKMANNPET	petco.com	HTTPS://WWW.PETCO.COM/SHOP/EN/PETCOSTORE/BRAND/BRINKMANN-PET
BRUTUSBONEBROTH	BRUTUSBONEBROTH	petco.com	HTTPS://WWW.PETCO.COM/SHOP/EN/PETCOSTORE/PRODUCT/BRUTUS-BONE-BROTHS-BEEF-BONE-BROTH-WET-DOG-FOOD
BRUTUSBONEBROTHS	BRUTUSBONEBROTHS	petco.com	HTTPS://WWW.PETCO.COM/SHOP/EN/PETCOSTORE/PRODUCT/BRUTUS-BONE-BROTHS-BEEF-BONE-BROTH-WET-DOG-FOOD
BRUTUSBONEBROTHS	BRUTUSBONEBROTHS	petco.com	HTTPS://WWW.PETCO.COM/SHOP/EN/PETCOSTORE/PRODUCT/BRUTUS-BONE-BROTHS-CHICKEN-BONE-BROTH-WET-DOG-FOOD
BUDDYBISCUITS	BUDDYBISCUITS	petco.com	HTTPS://WWW.PETCO.COM/SHOP/EN/PETCOSTORE/BRAND/BUDDY-BISCUITS
BURTSBEESFORDOGS	BURTSBEES	petco.com	HTTPS://WWW.PETCO.COM/SHOP/EN/PETCOSTORE/BRAND/BURTS-BEES
BURTSBEESFORDOGS	BURTSBEES	petco.com	HTTPS://WWW.PETCO.COM/SHOP/EN/PETCOSTORE/BRAND/BURTS-BEES
BURTSBEESFORPETS	BURTSBEES	petco.com	HTTPS://WWW.PETCO.COM/SHOP/EN/PETCOSTORE/BRAND/BURTS-BEES
BURTSBEESFORPETS	BURTSBEES	petco.com	HTTPS://WWW.PETCO.COM/SHOP/EN/PETCOSTORE/BRAND/BURTS-BEES
BURTSBEESNATURALPETCARE	BURTSBEES	petco.com	HTTPS://WWW.PETCO.COM/SHOP/EN/PETCOSTORE/BRAND/BURTS-BEES
BURTSBEESNATURALPETCARE	BURTSBEES	petco.com	HTTPS://WWW.PETCO.COM/SHOP/EN/PETCOSTORE/BRAND/BURTS-BEES
BURTSBEESNATURALPETCARE	BURTSBEESNATURALPETCARE	petco.com	HTTPS://WWW.PETCO.COM/SHOP/EN/PETCOSTORE/PRODUCT/BURTS-BEES-NATURAL-PET-CARE-SHAMPOO-AND-CONDITIONER-SAGE-AND-LEMONGRASS-SCENT
BURTSBEESNATURALPETCARE	BURTSBEESNATURALPETCARE	petco.com	HTTPS://WWW.PETCO.COM/SHOP/EN/PETCOSTORE/PRODUCT/BURTS-BEES-NATURAL-PET-CARE-DEODORIZING-SPRAY-MILK-AND-HONEY-SCENT
BWGGIN	BEGGIN	petco.com	HTTPS://WWW.PETCO.COM/SHOP/EN/PETCOSTORE/BRAND/BEGGIN
CAGECOMPANY	AECAGECOMPANY	petco.com	HTTPS://WWW.PETCO.COM/SHOP/EN/PETCOSTORE/BRAND/AE-CAGE-COMPANY
CAICANTEX	CAITEC	petco.com	HTTPS://WWW.PETCO.COM/SHOP/EN/PETCOSTORE/BRAND/CAITEC/BIRD
CAITEC	CAITEC	petco.com	HTTPS://WWW.PETCO.COM/SHOP/EN/PETCOSTORE/BRAND/CAITEC/BIRD
CAITRAD	CAITEC	petco.com	HTTPS://WWW.PETCO.COM/SHOP/EN/PETCOSTORE/BRAND/CAITEC/BIRD
CAITRAD	CAITEC	petco.com	HTTPS://WWW.PETCO.COM/SHOP/EN/PETCOSTORE/BRAND/CAITEC/BIRD/CAGES-FOR-BIRDS
CALMPAWS	CALMPAWS	petco.com	HTTPS://WWW.PETCO.COM/SHOP/EN/PETCOSTORE/BRAND/CALM-PAWS
CANADAPOOCH	CANADAPOOCH	petco.com	HTTPS://WWW.PETCO.COM/SHOP/EN/PETCOSTORE/BRAND/CANADA-POOCH
CANIDAE	CANIDAE	petco.com	HTTPS://WWW.PETCO.COM/SHOP/EN/PETCOSTORE/BRAND/CANIDAE
CANIDAE	CANIDAE	petco.com	HTTPS://WWW.PETCO.COM/SHOP/EN/PETCOSTORE/PRODUCT/CANIDAE-GRAIN-FREE-PURE-SEA-WITH-FRESH-SALMON-DRY-DOG-FOOD
CANIDEA	CANIDAE	petco.com	HTTPS://WWW.PETCO.COM/SHOP/EN/PETCOSTORE/BRAND/CANIDAE
CANINECREATIONS	CANINECREATIONS	petco.com	HTTPS://WWW.PETCO.COM/SHOP/EN/PETCOSTORE/BRAND/CANINE-CREATIONS
CANINECREATIONS	CANINECREATIONS	petco.com	HTTPS://WWW.PETCO.COM/SHOP/EN/PETCOSTORE/BRAND/CANINE-CREATIONS/DOG/DOG-BEDS-AND-BEDDING
CANINENATURALS	CANINENATURALS	petco.com	HTTPS://WWW.PETCO.COM/SHOP/EN/PETCOSTORE/PRODUCT/CANINE-NATURALS-RAWHIDE-FREE-CHICKEN-RECIPE-SMALL-DOG-CHEWS
CAPSTAR	CAPSTAR	petco.com	HTTPS://WWW.PETCO.COM/SHOP/EN/PETCOSTORE/BRAND/CAPSTAR
CARDEK	CARDEK	petco.com	HTTPS://WWW.PETCO.COM/SHOP/EN/PETCOSTORE/PRODUCT/CAR-DEK-SEAT-SELF-WITH-NON-SLIDING-CARPET-FOR-PETS
CAREFRESH	CAREFRESH	petco.com	HTTPS://WWW.PETCO.COM/SHOP/EN/PETCOSTORE/PRODUCT/CAREFRESH-NATURAL-PET-BEDDING
CAREFRESH	CAREFRESH	petco.com	HTTPS://WWW.PETCO.COM/SHOP/EN/PETCOSTORE/BRAND/CAREFRESH
CAREU	CARU	petco.com	HTTPS://WWW.PETCO.COM/SHOP/EN/PETCOSTORE/BRAND/CARU
CARIBSEA	CARIBSEA	petco.com	HTTPS://WWW.PETCO.COM/SHOP/EN/PETCOSTORE/BRAND/CARIBSEA
CARIBSEA	CARIBSEA	petco.com	HTTPS://WWW.PETCO.COM/SHOP/EN/PETCOSTORE/BRAND/CARIBSEA
CARIBSEA	CARIBSEA	petco.com	HTTPS://WWW.PETCO.COM/SHOP/EN/PETCOSTORE/PRODUCT/CARIBSEA-SUPER-NATURALS-AQUARIUM-SAND
CARIBSEAAQUATICS	CARIBSEA	petco.com	HTTPS://WWW.PETCO.COM/SHOP/EN/PETCOSTORE/BRAND/CARIBSEA
CARIBSEAAQUATICS	CARIBSEA	petco.com	HTTPS://WWW.PETCO.COM/SHOP/EN/PETCOSTORE/BRAND/CARIBSEA
CARLSONPET	CARLSONPETPRODUCTS	petco.com	HTTPS://WWW.PETCO.COM/SHOP/EN/PETCOSTORE/BRAND/CARLSON-PET-PRODUCTS
CARLSONPETGATES	CARLSONPETPRODUCTS	petco.com	HTTPS://WWW.PETCO.COM/SHOP/EN/PETCOSTORE/BRAND/CARLSON-PET-PRODUCTS
CARLSONPETPRODUCTS	CARLSONPETPRODUCTS	petco.com	HTTPS://WWW.PETCO.COM/SHOP/EN/PETCOSTORE/BRAND/CARLSON-PET-PRODUCTS
CARLSONPETPRODUCTS	CARLSONPETPRODUCTS	petco.com	HTTPS://WWW.PETCO.COM/SHOP/EN/PETCOSTORE/BRAND/CARLSON-PET-PRODUCTS/DOG/DOG-CRATES-KENNELS-GATES-DOORS-PENS-AND-HOUSING-ACCESSORIES
CAROLINAPET	CAROLINAPETCOMPANY	petco.com	HTTPS://WWW.PETCO.COM/SHOP/EN/PETCOSTORE/BRAND/CAROLINA-PET-COMPANY
CAROLINAPETCO	CAROLINAPETCOMPANY	petco.com	HTTPS://WWW.PETCO.COM/SHOP/EN/PETCOSTORE/BRAND/CAROLINA-PET-COMPANY
CAROLINAPETCOMPANY	CAROLINAPETCOMPANY	petco.com	HTTPS://WWW.PETCO.COM/SHOP/EN/PETCOSTORE/BRAND/CAROLINA-PET-COMPANY
CARU	CARU	petco.com	HTTPS://WWW.PETCO.COM/SHOP/EN/PETCOSTORE/BRAND/CARU
CASTORPOLLUX	CASTORPOLLUX	petco.com	HTTPS://WWW.PETCO.COM/SHOP/EN/PETCOSTORE/BRAND/CASTOR-POLLUX
CATCONDOS	NEWCATCONDOS	petco.com	HTTPS://WWW.PETCO.COM/SHOP/EN/PETCOSTORE/BRAND/NEW-CAT-CONDOS
CATDANCER	CATDANCER	petco.com	HTTPS://WWW.PETCO.COM/SHOP/EN/PETCOSTORE/PRODUCT/CAT-DANCER-ORIGINAL-INTERACTIVE-CAT-TOY
CATGLAD	GLADFORPETS	petco.com	HTTPS://WWW.PETCO.COM/SHOP/EN/PETCOSTORE/BRAND/GLAD-FOR-PETS
CATIT	CATIT	petco.com	HTTPS://WWW.PETCO.COM/SHOP/EN/PETCOSTORE/BRAND/CATIT
CATMATE	CATMATE	petco.com	HTTPS://WWW.PETCO.COM/SHOP/EN/PETCOSTORE/BRAND/CAT-MATE
CATRY	CATRY	petco.com	HTTPS://WWW.PETCO.COM/SHOP/EN/PETCOSTORE/BRAND/CATRY/CAT
CATSTAGES	CATSTAGES	petco.com	HTTPS://WWW.PETCO.COM/SHOP/EN/PETCOSTORE/BRAND/CATSTAGES
CATSTEPS50	PETSAFE	petco.com	HTTPS://WWW.PETCO.COM/SHOP/EN/PETCOSTORE/BRAND/PETSAFE/CAT/CAT-STEPS-AND-RAMPS
CATSTEPS50	MAJESTICPET	petco.com	HTTPS://WWW.PETCO.COM/SHOP/EN/PETCOSTORE/BRAND/MAJESTIC-PET/CAT/CAT-STEPS-AND-RAMPS
CATSTEPS50	CATSTAGES	petco.com	HTTPS://WWW.PETCO.COM/SHOP/EN/PETCOSTORE/BRAND/CATSTAGES
CDIGGS	DIGGS	petco.com	HTTPS://WWW.PETCO.COM/SHOP/EN/PETCOSTORE/BRAND/DIGGS
CENTRALKAYTEEPRODUCTS	KAYTEE	petco.com	HTTPS://WWW.PETCO.COM/SHOP/EN/PETCOSTORE/BRAND/KAYTEE
CENTRALKAYTEEPRODUCTS	KAYTEE	petco.com	HTTPS://WWW.PETCO.COM/SHOP/EN/PETCOSTORE/BRAND/KAYTEE
CENTRALPETFOURPAWS	FOURPAWS	petco.com	HTTPS://WWW.PETCO.COM/SHOP/EN/PETCOSTORE/BRAND/FOUR-PAWS
CESAR	CESAR	petco.com	HTTPS://WWW.PETCO.COM/SHOP/EN/PETCOSTORE/BRAND/CESAR
CESAR	CESAR	petco.com	HTTPS://WWW.PETCO.COM/SHOP/EN/PETCOSTORE/BRAND/CESAR
CHARLEEBEAR	CHARLEEBEAR	petco.com	HTTPS://WWW.PETCO.COM/SHOP/EN/PETCOSTORE/BRAND/CHARLEE-BEAR
CHARLEEBEAR	CHARLEEBEAR	petco.com	HTTPS://WWW.PETCO.COM/SHOP/EN/PETCOSTORE/PRODUCT/CHARLEE-BEAR-DOG-TREATS-WITH-LIVER
CHERISTIN	CHERISTIN	petco.com	HTTPS://WWW.PETCO.COM/SHOP/EN/PETCOSTORE/PRODUCT/CHERISTIN-FLEA-TREATMENT-FOR-CATS
CHEWKING	CHEWKING	petco.com	HTTPS://WWW.PETCO.COM/SHOP/EN/PETCOSTORE/BRAND/CHEW-KING
CHINCHILLA	CHINCHILLA	petco.com	HTTPS://WWW.PETCO.COM/SHOP/EN/PETCOSTORE/PRODUCT/CHINCHILLAS
CHUCKIT	CHUCKIT	petco.com	HTTPS://WWW.PETCO.COM/SHOP/EN/PETCOSTORE/BRAND/CHUCKIT!
CHUCKIT	CHUCKIT	petco.com	HTTPS://WWW.PETCO.COM/SHOP/EN/PETCOSTORE/BRAND/CHUCKIT!
CLOMAY	CLOMICALM	petco.com	HTTPS://WWW.PETCO.COM/SHOP/EN/PETCOSTORE/BRAND/CLOMICALM
CLOROXPETCARE	CLOROX	petco.com	HTTPS://WWW.PETCO.COM/SHOP/EN/PETCOSTORE/BRAND/CLOROX
CLOROXPETCAREPRODUCTS	CLOROX	petco.com	HTTPS://WWW.PETCO.COM/SHOP/EN/PETCOSTORE/BRAND/CLOROX
COASTALPET	COASTALPET	petco.com	HTTPS://WWW.PETCO.COM/SHOP/EN/PETCOSTORE/BRAND/COASTAL-PET
COASTALPETPRODUCTS	COASTALPET	petco.com	HTTPS://WWW.PETCO.COM/SHOP/EN/PETCOSTORE/BRAND/COASTAL-PET
COASTALPETS	COASTALPET	petco.com	HTTPS://WWW.PETCO.COM/SHOP/EN/PETCOSTORE/BRAND/COASTAL-PET
COMFORTBYCONFORMAX	COMFORTIS	petco.com	HTTPS://WWW.PETCO.COM/SHOP/EN/PETCOSTORE/BRAND/COMFORTIS
COMFORTION	COMFORTIS	petco.com	HTTPS://WWW.PETCO.COM/SHOP/EN/PETCOSTORE/BRAND/COMFORTIS
COMFORTPET	COMFORTZONE	petco.com	HTTPS://WWW.PETCO.COM/SHOP/EN/PETCOSTORE/BRAND/COMFORT-ZONE
COMFORTPET	PURECOMFORT	petco.com	HTTPS://WWW.PETCO.COM/SHOP/EN/PETCOSTORE/BRAND/PURE-COMFORT/DOG/DOG-BEDS-AND-BEDDING
CONAIRPET	CONAIRPROPET	petco.com	HTTPS://WWW.PETCO.COM/SHOP/EN/PETCOSTORE/BRAND/CONAIRPROPET
CONAIRPRODOG	CONAIRPRODOG	petco.com	HTTPS://WWW.PETCO.COM/SHOP/EN/PETCOSTORE/PRODUCT/CONAIRPRO-DOG-AND-CAT-2-IN-1-CLIPPERTRIMMER-PET-GROOMING-KIT
CORALIFE	CORALIFE	petco.com	HTTPS://WWW.PETCO.COM/SHOP/EN/PETCOSTORE/PRODUCT/CORALIFE-LED-BIOCUBE-AQUARIUM-LED-32G
CORALIFE	CORALIFE	petco.com	HTTPS://WWW.PETCO.COM/SHOP/EN/PETCOSTORE/BRAND/CORALIFE
COSEQUIN	COSEQUIN	petco.com	HTTPS://WWW.PETCO.COM/SHOP/EN/PETCOSTORE/BRAND/COSEQUIN
COSEQUIN	COSEQUIN	petco.com	HTTPS://WWW.PETCO.COM/SHOP/EN/PETCOSTORE/BRAND/COSEQUIN
COSEQUINDS	COSEQUIN	petco.com	HTTPS://WWW.PETCO.COM/SHOP/EN/PETCOSTORE/BRAND/COSEQUIN
COSEQUINDS	COSEQUIN	petco.com	HTTPS://WWW.PETCO.COM/SHOP/EN/PETCOSTORE/BRAND/COSEQUIN
COSMICPET	COSMICPET	petco.com	HTTPS://WWW.PETCO.COM/SHOP/EN/PETCOSTORE/BRAND/COSMIC-PET
CRAVEWETDOGFOOD	CRAVE	petco.com	HTTPS://WWW.PETCO.COM/SHOP/EN/PETCOSTORE/BRAND/CRAVE
CRAZYDOG	CRAZYDOG	petco.com	HTTPS://WWW.PETCO.COM/SHOP/EN/PETCOSTORE/BRAND/CRAZY-DOG
CRAZYDOG	CRAZYDOG	petco.com	HTTPS://WWW.PETCO.COM/SHOP/EN/PETCOSTORE/PRODUCT/CRAZY-DOG-TRAIN-ME-MINI-TRAINING-REWARD-DOG-TREATS
CREAZYDOG	CRAZYDOG	petco.com	HTTPS://WWW.PETCO.COM/SHOP/EN/PETCOSTORE/BRAND/CRAZY-DOG
CRESTED	CRESTED	petco.com	HTTPS://WWW.PETCO.COM/SHOP/EN/PETCOSTORE/PRODUCT/CRESTED-GECKO-5004154--1
CRUMPSNATURALS	CRUMPSNATURALS	petco.com	HTTPS://WWW.PETCO.COM/SHOP/EN/PETCOSTORE/BRAND/CRUMPS-NATURALS/DOG/DOG-TREATS-AND-CHEWS
DALLASMANUFACTURINGCO	DALLASMANUFACTURING	petco.com	HTTPS://WWW.PETCO.COM/SHOP/EN/PETCOSTORE/BRAND/DALLAS-MANUFACTURING
DANDYPET	DANDYPET	petco.com	HTTPS://WWW.PETCO.COM/SHOP/EN/PETCOSTORE/BRAND/DANDY-PET
DANDYPET	DANDYPET	petco.com	HTTPS://WWW.PETCO.COM/SHOP/EN/PETCOSTORE/BRAND/DANDY-PET/DOG/DOG-HEALTH-AND-WELLNESS/DOG-VITAMINS
DASUQUIN	DASUQUIN	petco.com	HTTPS://WWW.PETCO.COM/SHOP/EN/PETCOSTORE/BRAND/DASUQUIN
DASUQUIN	DASUQUIN	petco.com	HTTPS://WWW.PETCO.COM/SHOP/EN/PETCOSTORE/BRAND/DASUQUIN
DENNERLE	DENNERLE	petco.com	HTTPS://WWW.PETCO.COM/SHOP/EN/PETCOSTORE/BRAND/DENNERLE
DENNERLESCAPERSTANK	DENNERLESCAPERSTANK	petco.com	HTTPS://WWW.PETCO.COM/SHOP/EN/PETCOSTORE/PRODUCT/DENNERLE-SCAPERS-TANK-KIT
DENNERLESHRIMPKING	DENNERLESHRIMPKING	petco.com	HTTPS://WWW.PETCO.COM/SHOP/EN/PETCOSTORE/PRODUCT/DENNERLE-SHRIMP-KING-COMPLETE-FOOD
DENNERLESHRIMPKING	DENNERLESHRIMPKING	petco.com	HTTPS://WWW.PETCO.COM/SHOP/EN/PETCOSTORE/PRODUCT/DENNERLE-SHRIMP-KING-NANO-SHRIMP-CUBE-TANK
DENNERLESHRIMPKING	DENNERLESHRIMPKING	petco.com	HTTPS://WWW.PETCO.COM/SHOP/EN/PETCOSTORE/PRODUCT/DENNERLE-SHRIMP-KING-TANK-KIT
DENTALIFE	DENTALIFE	petco.com	HTTPS://WWW.PETCO.COM/SHOP/EN/PETCOSTORE/PRODUCT/DENTALIFE-DAILY-ORAL-CARE-CHICKEN-FLAVOR-SMALLMEDIUM-BREED-DOG-DENTAL-CHEWS
DIAMONDCARE	DIAMOND	petco.com	HTTPS://WWW.PETCO.COM/SHOP/EN/PETCOSTORE/BRAND/DIAMOND
DIAMONDNATURALS	DIAMOND	petco.com	HTTPS://WWW.PETCO.COM/SHOP/EN/PETCOSTORE/BRAND/DIAMOND
DIAMONDNATURALS	DIAMOND	petco.com	HTTPS://WWW.PETCO.COM/SHOP/EN/PETCOSTORE/BRAND/DIAMOND
DIAMONDNATURALSGRAINFREE	DIAMOND	petco.com	HTTPS://WWW.PETCO.COM/SHOP/EN/PETCOSTORE/BRAND/DIAMOND/DOG/DOG-FOOD/GRAIN-FREE-DOG-FOOD
DIAMONDPETFOODS	DIAMOND	petco.com	HTTPS://WWW.PETCO.COM/SHOP/EN/PETCOSTORE/BRAND/DIAMOND
DIAMONDPETFOODS	DIAMOND	petco.com	HTTPS://WWW.PETCO.COM/SHOP/EN/PETCOSTORE/BRAND/DIAMOND
DIAMONDPETFOODS	DIAMOND	petco.com	HTTPS://WWW.PETCO.COM/SHOP/EN/PETCOSTORE/BRAND/DIAMOND/DOG/DOG-FOOD/GRAIN-FREE-DOG-FOOD
DICKVANPATTENSNATURALBALANCE	NATURALBALANCE	petco.com	HTTPS://WWW.PETCO.COM/SHOP/EN/PETCOSTORE/BRAND/NATURAL-BALANCE
DIGDEFENCE	DIGDEFENCE	petco.com	HTTPS://WWW.PETCO.COM/SHOP/EN/PETCOSTORE/PRODUCT/DIG-DEFENCE-25-PACK-ANIMAL-BARRIER
DIGDEFENCE	DIGDEFENCE	petco.com	HTTPS://WWW.PETCO.COM/SHOP/EN/PETCOSTORE/BRAND/DIG-DEFENCE
DINGOPETCO	REDDINGO	petco.com	HTTPS://WWW.PETCO.COM/SHOP/EN/PETCOSTORE/BRAND/RED-DINGO/DOG/DOG-COLLARS-LEASHES-AND-HARNESSES/DOG-TAGS-ACCESSORIES
DINGOPETCO	REDDINGO	petco.com	HTTPS://WWW.PETCO.COM/SHOP/EN/PETCOSTORE/BRAND/RED-DINGO
DINGOPETCO	REDDINGO	petco.com	HTTPS://WWW.PETCO.COM/SHOP/EN/PETCOSTORE/BRAND/RED-DINGO/DOG/DOG-COLLARS-LEASHES-AND-HARNESSES
DINGRED	REDDINGO	petco.com	HTTPS://WWW.PETCO.COM/SHOP/EN/PETCOSTORE/BRAND/RED-DINGO
DOGCATLIFE	PETLIFE	petco.com	HTTPS://WWW.PETCO.COM/SHOP/EN/PETCOSTORE/BRAND/PET-LIFE
DOGCATLIFE	PETLIFE	petco.com	HTTPS://WWW.PETCO.COM/SHOP/EN/PETCOSTORE/BRAND/PET-LIFE/CAT/CAT-CONTAINMENT
DOGCHOW	PURINADOGCHOW	petco.com	HTTPS://WWW.PETCO.COM/SHOP/EN/PETCOSTORE/BRAND/PURINA-DOG-CHOW
DOGGIEDOOLEY	DOGGIEDOOLEY	petco.com	HTTPS://WWW.PETCO.COM/SHOP/EN/PETCOSTORE/PRODUCT/DOGGIE-DOOLEY-PET-WASTE-DISPOSAL-SYSTEM-MODEL-3000
DOGGYPARTON	DOGGYPARTON	petco.com	HTTPS://WWW.PETCO.COM/SHOP/EN/PETCOSTORE/BRAND/DOGGY-PARTON/DOG/DOG-APPAREL
DOGGYPARTON	DOGGYPARTON	petco.com	HTTPS://WWW.PETCO.COM/SHOP/EN/PETCOSTORE/BRAND/DOGGY-PARTON
DOGH2O	HOUND2O	petco.com	HTTPS://WWW.PETCO.COM/SHOP/EN/PETCOSTORE/BRAND/HOUND2O
DOGHELIOS	DOGHELIOS	petco.com	HTTPS://WWW.PETCO.COM/SHOP/EN/PETCOSTORE/BRAND/DOG-HELIOS
DOGKARMA	DHARMADOGKARMACAT	petco.com	HTTPS://WWW.PETCO.COM/SHOP/EN/PETCOSTORE/BRAND/DHARMA-DOG-KARMA-CAT
DOGLIFE	PETLIFE	petco.com	HTTPS://WWW.PETCO.COM/SHOP/EN/PETCOSTORE/BRAND/PET-LIFE/DOG/DOG-APPAREL/DOG-ACCESSORIES/DOG-PAW-PROTECTION
DOGLOUNGE	PETLOUNGESTUDIOS	petco.com	HTTPS://WWW.PETCO.COM/SHOP/EN/PETCOSTORE/BRAND/PET-LOUNGE-STUDIOS
DOGNIP	DOGGIJUANA	petco.com	HTTPS://WWW.PETCO.COM/SHOP/EN/PETCOSTORE/BRAND/DOGGIJUANA
DOGNIP	DOGGIJUANA	petco.com	HTTPS://WWW.PETCO.COM/SHOP/EN/PETCOSTORE/BRAND/DOGGIJUANA
DOGNOSES	WETNOSES	petco.com	HTTPS://WWW.PETCO.COM/SHOP/EN/PETCOSTORE/BRAND/WET-NOSES
DOGPALACE	DOGPALACE	petco.com	HTTPS://WWW.PETCO.COM/SHOP/EN/PETCOSTORE/BRAND/DOG-PALACE
DOGPALACE	DOGPALACE	petco.com	HTTPS://WWW.PETCO.COM/SHOP/EN/PETCOSTORE/BRAND/DOG-PALACE/DOG/DOG-CRATES-KENNELS-GATES-DOORS-PENS-AND-HOUSING-ACCESSORIES
DOGSWELL	DOGSWELL	petco.com	HTTPS://WWW.PETCO.COM/SHOP/EN/PETCOSTORE/BRAND/DOGSWELL
DOGTRA	DOGTRA	petco.com	HTTPS://WWW.PETCO.COM/SHOP/EN/PETCOSTORE/BRAND/DOGTRA
DOUXO	DOUXO	petco.com	HTTPS://WWW.PETCO.COM/SHOP/EN/PETCOSTORE/PRODUCT/DOUXO-S3-PYO-SHAMPOO-FOR-DOGS
DREAMBONE	DREAMBONE	petco.com	HTTPS://WWW.PETCO.COM/SHOP/EN/PETCOSTORE/BRAND/DREAMBONE
DRELSEY	DRELSEYS	petco.com	HTTPS://WWW.PETCO.COM/SHOP/EN/PETCOSTORE/BRAND/DR-ELSEYS
DRELSEYS	DRELSEYS	petco.com	HTTPS://WWW.PETCO.COM/SHOP/EN/PETCOSTORE/BRAND/DR-ELSEYS
DRINKWELL	DRINKWELL	petco.com	HTTPS://WWW.PETCO.COM/SHOP/EN/PETCOSTORE/BRAND/DRINKWELL
DRS	DRSFOSTERANDSMITH	petco.com	HTTPS://WWW.PETCO.COM/SHOP/EN/PETCOSTORE/BRAND/DRS-FOSTER-AND-SMITH
DRSM	DRSFOSTERANDSMITH	petco.com	HTTPS://WWW.PETCO.COM/SHOP/EN/PETCOSTORE/BRAND/DRS-FOSTER-AND-SMITH
EARTHANIMAL	EARTHANIMAL	petco.com	HTTPS://WWW.PETCO.COM/SHOP/EN/PETCOSTORE/BRAND/EARTH-ANIMAL
EARTHANIMALS	EARTHANIMAL	petco.com	HTTPS://WWW.PETCO.COM/SHOP/EN/PETCOSTORE/BRAND/EARTH-ANIMAL
EARTHBATH	EARTHBATH	petco.com	HTTPS://WWW.PETCO.COM/SHOP/EN/PETCOSTORE/BRAND/EARTHBATH
EARTHBATH	EARTHBATH	petco.com	HTTPS://WWW.PETCO.COM/SHOP/EN/PETCOSTORE/BRAND/EARTHBATH
EARTHRATED	EARTHRATED	petco.com	HTTPS://WWW.PETCO.COM/SHOP/EN/PETCOSTORE/BRAND/EARTH-RATED
ECOSCAPE	ECOSCAPE	petco.com	HTTPS://WWW.PETCO.COM/SHOP/EN/PETCOSTORE/PRODUCT/ECOSCAPE-REEF-ROCK:-MIXED-BRANCH-BOX
ELANCO	ELANCO	petco.com	HTTPS://WWW.PETCO.COM/SHOP/EN/PETCOSTORE/BRAND/ELANCO
ELECTRICBLUE	ELECTRICBLUE	petco.com	HTTPS://WWW.PETCO.COM/SHOP/EN/PETCOSTORE/PRODUCT/ELECTRIC-BLUE-JACK-DEMPSEY
EMBARK	EMBARK	petco.com	HTTPS://WWW.PETCO.COM/SHOP/EN/PETCOSTORE/PRODUCT/EMBARK-VET-BREED-AND-HEALTH-DOG-DNA-TEST
ENCHANTEDHOMEPET	ENCHANTEDHOMEPET	petco.com	HTTPS://WWW.PETCO.COM/SHOP/EN/PETCOSTORE/PRODUCT/ENCHANTED-HOME-PET-DARK-GREY-COCO-PET-SOFA
ENRICHYLIFE	ENRICHEDLIFE	petco.com	HTTPS://WWW.PETCO.COM/SHOP/EN/PETCOSTORE/BRAND/ENRICHED-LIFE
ESPREE	ESPREE	petco.com	HTTPS://WWW.PETCO.COM/SHOP/EN/PETCOSTORE/BRAND/ESPREE
ESPREEANIMALPRODUCTS	ESPREE	petco.com	HTTPS://WWW.PETCO.COM/SHOP/EN/PETCOSTORE/BRAND/ESPREE
EUKANUBA	EUKANUBA	petco.com	HTTPS://WWW.PETCO.COM/SHOP/EN/PETCOSTORE/BRAND/EUKANUBA
EUKANUBA	EUKANUBA	petco.com	HTTPS://WWW.PETCO.COM/SHOP/EN/PETCOSTORE/BRAND/EUKANUBA
EUKANUBADRYDOGFOOD	EUKANUBA	petco.com	HTTPS://WWW.PETCO.COM/SHOP/EN/PETCOSTORE/BRAND/EUKANUBA
EUKANUBADRYDOGFOOD	EUKANUBA	petco.com	HTTPS://WWW.PETCO.COM/SHOP/EN/PETCOSTORE/BRAND/EUKANUBA/DOG/DOG-FOOD/DRY-DOG-FOOD
EVERROOT	EVERROOT	petco.com	HTTPS://WWW.PETCO.COM/SHOP/EN/PETCOSTORE/BRAND/EVERROOT
EVERYYAY	EVERYYAY	petco.com	HTTPS://WWW.PETCO.COM/SHOP/EN/PETCOSTORE/BRAND/EVERYYAY
EVERYYAY	EVERYYAY	petco.com	HTTPS://WWW.PETCO.COM/SHOP/EN/PETCOSTORE/BRAND/EVERYYAY/CAT
EVERYYAY	EVERYYAY	petco.com	HTTPS://WWW.PETCO.COM/SHOP/EN/PETCOSTORE/PRODUCT/EVERYYAY-QUICK-RELEASE-PRINTING-AND-TRAINING-DOG-COLLAR
EVERYYAY	EVERYYAY	petco.com	HTTPS://WWW.PETCO.COM/SHOP/EN/PETCOSTORE/BRAND/EVERYYAY/DOG/TRAVEL-OUTDOOR-SUPPLIES
EVERYYAY	EVERYYAY	petco.com	HTTPS://WWW.PETCO.COM/SHOP/EN/PETCOSTORE/BRAND/EVERYYAY/DOG/DOG-COLLARS-LEASHES-AND-HARNESSES/DOG-LEASHES
EVERYYAY	EVERYYAY	petco.com	HTTPS://WWW.PETCO.COM/SHOP/EN/PETCOSTORE/PRODUCT/EVERYYAY-GET-FRESH-GRAVITY-WATERER-FOR-PETS-1-GALLON-3288927?GSTORECODE=2425&GQT=1
EXOTERRA	EXOTERRA	petco.com	HTTPS://WWW.PETCO.COM/SHOP/EN/PETCOSTORE/BRAND/EXO-TERRA
EXOTERRA	EXOTERRA	petco.com	HTTPS://WWW.PETCO.COM/SHOP/EN/PETCOSTORE/BRAND/EXO-TERRA
EXOTICNUTRITION	EXOTICNUTRITION	petco.com	HTTPS://WWW.PETCO.COM/SHOP/EN/PETCOSTORE/BRAND/EXOTIC-NUTRITION
EYAHI	EVERYYAY	petco.com	HTTPS://WWW.PETCO.COM/SHOP/EN/PETCOSTORE/BRAND/EVERYYAY
FANCYCAT	FANCYFEAST	petco.com	HTTPS://WWW.PETCO.COM/SHOP/EN/PETCOSTORE/BRAND/FANCY-FEAST
FANCYCAT	FANCYFEAST	petco.com	HTTPS://WWW.PETCO.COM/SHOP/EN/PETCOSTORE/BRAND/FANCY-FEAST
FANCYFEAST	FANCYFEAST	petco.com	HTTPS://WWW.PETCO.COM/SHOP/EN/PETCOSTORE/BRAND/FANCY-FEAST
FANCYFEAST	FANCYFEAST	petco.com	HTTPS://WWW.PETCO.COM/SHOP/EN/PETCOSTORE/BRAND/FANCY-FEAST
FANCYFEAST	FANCYFEAST	petco.com	HTTPS://WWW.PETCO.COM/SHOP/EN/PETCOSTORE/BRAND/FANCY-FEAST/CAT/CAT-FOOD/WET-CAT-FOOD
FANCYFEASTCAT	FANCYFEAST	petco.com	HTTPS://WWW.PETCO.COM/SHOP/EN/PETCOSTORE/BRAND/FANCY-FEAST
FANCYFEASTCAT	FANCYFEAST	petco.com	HTTPS://WWW.PETCO.COM/SHOP/EN/PETCOSTORE/BRAND/FANCY-FEAST/CAT/CAT-FOOD/WET-CAT-FOOD
FANCYFEASTCAT	FANCYFEAST	petco.com	HTTPS://WWW.PETCO.COM/SHOP/EN/PETCOSTORE/BRAND/FANCY-FEAST/CAT/CAT-FOOD/WET-CAT-FOOD/CAT-FOOD-VARIETY-PACKS
FELINEGREENIES	FELINEGREENIES	petco.com	HTTPS://WWW.PETCO.COM/SHOP/EN/PETCOSTORE/PRODUCT/FELINE-GREENIES-OVEN-ROASTED-CHICKEN-FLAVOR-ADULT-DENTAL-CAT-TREATS
FELINEPINE	FELINEPINE	petco.com	HTTPS://WWW.PETCO.COM/SHOP/EN/PETCOSTORE/PRODUCT/FELINE-PINE-CAT-LITTER
FELIWAY	FELIWAY	petco.com	HTTPS://WWW.PETCO.COM/SHOP/EN/PETCOSTORE/BRAND/FELIWAY
FELIWAY	FELIWAY	petco.com	HTTPS://WWW.PETCO.COM/SHOP/EN/PETCOSTORE/BRAND/FELIWAY
FENCEMASTER	FENCEMASTER	petco.com	HTTPS://WWW.PETCO.COM/SHOP/EN/PETCOSTORE/PRODUCT/FENCEMASTER-COTTAGEVIEW-DOG-KENNEL
FERAPETORGANICS	FERAPETORGANICS	petco.com	HTTPS://WWW.PETCO.COM/SHOP/EN/PETCOSTORE/PRODUCT/FERA-PET-ORGANICS-USDA-ORGANIC-PROBIOTICS-FOR-DOGS-AND-CATS
FERPLAST	FERPLAST	petco.com	HTTPS://WWW.PETCO.COM/SHOP/EN/PETCOSTORE/BRAND/FERPLAST
FERPLAST	FERPLAST	petco.com	HTTPS://WWW.PETCO.COM/SHOP/EN/PETCOSTORE/PRODUCT/FERPLAST-KROLIK-140-RABBIT-HABITAT-CAGE
FETCHFORPETS	FETCHFORPETS	petco.com	HTTPS://WWW.PETCO.COM/SHOP/EN/PETCOSTORE/BRAND/FETCH-FOR-PETS
FIELDCRESTDAY	FIELDCRESTFARMS	petco.com	HTTPS://WWW.PETCO.COM/SHOP/EN/PETCOSTORE/BRAND/FIELDCREST-FARMS
FIELDCRESTFARMS	FIELDCRESTFARMS	petco.com	HTTPS://WWW.PETCO.COM/SHOP/EN/PETCOSTORE/BRAND/FIELDCREST-FARMS
FKLWAY	FELIWAY	petco.com	HTTPS://WWW.PETCO.COM/SHOP/EN/PETCOSTORE/BRAND/FELIWAY
FKLWAY	FELIWAY	petco.com	HTTPS://WWW.PETCO.COM/SHOP/EN/PETCOSTORE/BRAND/FELIWAY
FLEXI	FLEXI	petco.com	HTTPS://WWW.PETCO.COM/SHOP/EN/PETCOSTORE/BRAND/FLEXI
FLEXI	FLEXI	petco.com	HTTPS://WWW.PETCO.COM/SHOP/EN/PETCOSTORE/BRAND/FLEXI
FLEXIFLEXI	FLEXI	petco.com	HTTPS://WWW.PETCO.COM/SHOP/EN/PETCOSTORE/BRAND/FLEXI
FLEXIFLEXI	FLEXI	petco.com	HTTPS://WWW.PETCO.COM/SHOP/EN/PETCOSTORE/BRAND/FLEXI
FLUKERS	FLUKERS	petco.com	HTTPS://WWW.PETCO.COM/SHOP/EN/PETCOSTORE/BRAND/FLUKERS
FLUKERS	FLUKERS	petco.com	HTTPS://WWW.PETCO.COM/SHOP/EN/PETCOSTORE/BRAND/FLUKERS/REPTILE
FLUVAL	FLUVAL	petco.com	HTTPS://WWW.PETCO.COM/SHOP/EN/PETCOSTORE/BRAND/FLUVAL
FLUVAL	FLUVAL	petco.com	HTTPS://WWW.PETCO.COM/SHOP/EN/PETCOSTORE/BRAND/FLUVAL/FISH/FISH-AQUARIUMS-KITS
FLYINGFOX	FLYINGFOX	petco.com	HTTPS://WWW.PETCO.COM/SHOP/EN/PETCOSTORE/PRODUCT/FLYING-FOX
FOURPAWS	FOURPAWS	petco.com	HTTPS://WWW.PETCO.COM/SHOP/EN/PETCOSTORE/BRAND/FOUR-PAWS
FOURPAWSPETPRODUCTS	FOURPAWS	petco.com	HTTPS://WWW.PETCO.COM/SHOP/EN/PETCOSTORE/BRAND/FOUR-PAWS
FOURPAWSPRODUCTS	FOURPAWS	petco.com	HTTPS://WWW.PETCO.COM/SHOP/EN/PETCOSTORE/BRAND/FOUR-PAWS
FRESHKITTY	FRESHKITTY	petco.com	HTTPS://WWW.PETCO.COM/SHOP/EN/PETCOSTORE/BRAND/FRESH-KITTY
FRESHPET	FRESHPET	petco.com	HTTPS://WWW.PETCO.COM/SHOP/EN/PETCOSTORE/BRAND/FRESHPET
FRESHPET	FRESHPET	petco.com	HTTPS://WWW.PETCO.COM/SHOP/EN/PETCOSTORE/BRAND/FRESHPET
FRESHSTEP	FRESHSTEP	petco.com	HTTPS://WWW.PETCO.COM/SHOP/EN/PETCOSTORE/BRAND/FRESH-STEP
FRESHSTEP	FRESHSTEP	petco.com	HTTPS://WWW.PETCO.COM/SHOP/EN/PETCOSTORE/BRAND/FRESH-STEP
FRESHSTEPFORPETS	FRESHSTEP	petco.com	HTTPS://WWW.PETCO.COM/SHOP/EN/PETCOSTORE/BRAND/FRESH-STEP
FRESHSTEPKITTYLITTER	FRESHSTEP	petco.com	HTTPS://WWW.PETCO.COM/SHOP/EN/PETCOSTORE/BRAND/FRESH-STEP
FRESHSTEPKITTYLITTER	FRESHSTEP	petco.com	HTTPS://WWW.PETCO.COM/SHOP/EN/PETCOSTORE/BRAND/FRESH-STEP
FRESHSTEPKITTYLITTER	FRESHSTEP	petco.com	HTTPS://WWW.PETCO.COM/SHOP/EN/PETCOSTORE/BRAND/FRESH-STEP/CAT/CAT-LITTER-LITTER-BOXES-AND-ACCESSORIES/CAT-LITTER
FRIENDSBYSHERISTORE	BESTFRIENDSBYSHERI	petco.com	HTTPS://WWW.PETCO.COM/SHOP/EN/PETCOSTORE/BRAND/BEST-FRIENDS-BY-SHERI
FRIENDSBYSHERISTORE	BESTFRIENDSBYSHERI	petco.com	HTTPS://WWW.PETCO.COM/SHOP/EN/PETCOSTORE/BRAND/BEST-FRIENDS-BY-SHERI/DOG/DOG-BEDS-AND-BEDDING
FRISKIES	FRISKIES	petco.com	HTTPS://WWW.PETCO.COM/SHOP/EN/PETCOSTORE/BRAND/FRISKIES
FRISKIES	FRISKIES	petco.com	HTTPS://WWW.PETCO.COM/SHOP/EN/PETCOSTORE/BRAND/FRISKIES
FRITZAQUATICS	FRITZAQUATICS	petco.com	HTTPS://WWW.PETCO.COM/SHOP/EN/PETCOSTORE/PRODUCT/FRITZ-AQUATICS-FRESH-AQUARIUM-WATER
FROLICAT	FROLICAT	petco.com	HTTPS://WWW.PETCO.COM/SHOP/EN/PETCOSTORE/PRODUCT/FROLICAT-BOLT-LASER-PET-TOY
FRONTLINE	FRONTLINE	petco.com	HTTPS://WWW.PETCO.COM/SHOP/EN/PETCOSTORE/BRAND/FRONTLINE
FRONTLINE	FRONTLINE	petco.com	HTTPS://WWW.PETCO.COM/SHOP/EN/PETCOSTORE/BRAND/FRONTLINE
FRONTLINEPRODUCTS	FRONTLINE	petco.com	HTTPS://WWW.PETCO.COM/SHOP/EN/PETCOSTORE/BRAND/FRONTLINE
FRONTLINEUS	FRONTLINE	petco.com	HTTPS://WWW.PETCO.COM/SHOP/EN/PETCOSTORE/BRAND/FRONTLINE
FRUITABLES	FRUITABLES	petco.com	HTTPS://WWW.PETCO.COM/SHOP/EN/PETCOSTORE/BRAND/FRUITABLES
FRUITABLES	FRUITABLES	petco.com	HTTPS://WWW.PETCO.COM/SHOP/EN/PETCOSTORE/PRODUCT/FRUITABLES-PUMPKIN-AND-BLUEBERRY-NATURAL-DOG-BISCUITS
FTTIKI	TIKICAT	petco.com	HTTPS://WWW.PETCO.COM/SHOP/EN/PETCOSTORE/BRAND/TIKI-CAT
FTTIKI	TIKICAT	petco.com	HTTPS://WWW.PETCO.COM/SHOP/EN/PETCOSTORE/BRAND/TIKI-CAT
FTXJPETBED	PETFUSION	petco.com	HTTPS://WWW.PETCO.COM/SHOP/EN/PETCOSTORE/BRAND/PETFUSION
FURBLISS	FURBLISS	petco.com	HTTPS://WWW.PETCO.COM/SHOP/EN/PETCOSTORE/BRAND/FURBLISS
FURBLISS	FURBLISS	petco.com	HTTPS://WWW.PETCO.COM/SHOP/EN/PETCOSTORE/PRODUCT/FURBLISS-GREEN-MULTI-USE-DESHEDDING-AND-MASSAGING-LONG-HAIR-PET-BRUSH
FUREHAVEN	FURHAVEN	petco.com	HTTPS://WWW.PETCO.COM/SHOP/EN/PETCOSTORE/BRAND/FURHAVEN
FUREHAVEN	FURHAVEN	petco.com	HTTPS://WWW.PETCO.COM/SHOP/EN/PETCOSTORE/BRAND/FURHAVEN
FUREHAVEN	FURHAVEN	petco.com	HTTPS://WWW.PETCO.COM/SHOP/EN/PETCOSTORE/BRAND/FURHAVEN/DOG/DOG-BEDS-AND-BEDDING
FURHAVEB	FURHAVEN	petco.com	HTTPS://WWW.PETCO.COM/SHOP/EN/PETCOSTORE/BRAND/FURHAVEN
FURHAVEB	FURHAVEN	petco.com	HTTPS://WWW.PETCO.COM/SHOP/EN/PETCOSTORE/BRAND/FURHAVEN
FURHAVEN	FURHAVEN	petco.com	HTTPS://WWW.PETCO.COM/SHOP/EN/PETCOSTORE/BRAND/FURHAVEN
FURHAVENCAT	FURHAVEN	petco.com	HTTPS://WWW.PETCO.COM/SHOP/EN/PETCOSTORE/BRAND/FURHAVEN
FURHAVENCAT	FURHAVEN	petco.com	HTTPS://WWW.PETCO.COM/SHOP/EN/PETCOSTORE/BRAND/FURHAVEN/CAT/CAT-BEDS-AND-BEDDING
FURHAVENCAT	FURHAVEN	petco.com	HTTPS://WWW.PETCO.COM/SHOP/EN/PETCOSTORE/BRAND/FURHAVEN/CAT/CAT-FURNITURE-AND-SCRATCHERS
FURHAVENO	FURHAVEN	petco.com	HTTPS://WWW.PETCO.COM/SHOP/EN/PETCOSTORE/BRAND/FURHAVEN
FURHAVENO	FURHAVEN	petco.com	HTTPS://WWW.PETCO.COM/SHOP/EN/PETCOSTORE/BRAND/FURHAVEN/DOG/DOG-BEDS-AND-BEDDING
FURHAVENPET	FURHAVEN	petco.com	HTTPS://WWW.PETCO.COM/SHOP/EN/PETCOSTORE/BRAND/FURHAVEN
FURHAVENPETPRODUCTS	FURHAVEN	petco.com	HTTPS://WWW.PETCO.COM/SHOP/EN/PETCOSTORE/BRAND/FURHAVEN
FURHAVENSTORE	FURHAVEN	petco.com	HTTPS://WWW.PETCO.COM/SHOP/EN/PETCOSTORE/BRAND/FURHAVEN
FURHAVENSTORE	FURHAVEN	petco.com	HTTPS://WWW.PETCO.COM/SHOP/EN/PETCOSTORE/BRAND/FURHAVEN
FURHEAVEN	FURHAVEN	petco.com	HTTPS://WWW.PETCO.COM/SHOP/EN/PETCOSTORE/BRAND/FURHAVEN
FURHEAVEN	FURHAVEN	petco.com	HTTPS://WWW.PETCO.COM/SHOP/EN/PETCOSTORE/BRAND/FURHAVEN
FURIDEGROOM	FURMINATOR	petco.com	HTTPS://WWW.PETCO.COM/SHOP/EN/PETCOSTORE/BRAND/FURMINATOR
FURIDEGROOM	FURMINATOR	petco.com	HTTPS://WWW.PETCO.COM/SHOP/EN/PETCOSTORE/BRAND/FURMINATOR
FURMINATOR	FURMINATOR	petco.com	HTTPS://WWW.PETCO.COM/SHOP/EN/PETCOSTORE/BRAND/FURMINATOR
FURMINATOR	FURMINATOR	petco.com	HTTPS://WWW.PETCO.COM/SHOP/EN/PETCOSTORE/BRAND/FURMINATOR
FUSIONPETS	PETFUSION	petco.com	HTTPS://WWW.PETCO.COM/SHOP/EN/PETCOSTORE/BRAND/PETFUSION
GEAR4PETZ	PETGEAR	petco.com	HTTPS://WWW.PETCO.COM/SHOP/EN/PETCOSTORE/BRAND/PET-GEAR
GEN7PET	GEN7PETS	petco.com	HTTPS://WWW.PETCO.COM/SHOP/EN/PETCOSTORE/BRAND/GEN7PETS
GEN7PET	GEN7PETS	petco.com	HTTPS://WWW.PETCO.COM/SHOP/EN/PETCOSTORE/BRAND/GEN7PETS
GEN7PETS	GEN7PETS	petco.com	HTTPS://WWW.PETCO.COM/SHOP/EN/PETCOSTORE/BRAND/GEN7PETS
GEN7PETS	GEN7PETS	petco.com	HTTPS://WWW.PETCO.COM/SHOP/EN/PETCOSTORE/BRAND/GEN7PETS
GENTLEDOG	GENTLEGIANTS	petco.com	HTTPS://WWW.PETCO.COM/SHOP/EN/PETCOSTORE/BRAND/GENTLE-GIANTS
GENTLEDOG	GENTLEGIANTS	petco.com	HTTPS://WWW.PETCO.COM/SHOP/EN/PETCOSTORE/BRAND/GENTLE-GIANTS
GENTLEGIANT	GENTLEGIANTS	petco.com	HTTPS://WWW.PETCO.COM/SHOP/EN/PETCOSTORE/BRAND/GENTLE-GIANTS
GENTLEGIANTS	GENTLEGIANTS	petco.com	HTTPS://WWW.PETCO.COM/SHOP/EN/PETCOSTORE/BRAND/GENTLE-GIANTS
GENTLEGIANTS	GENTLEGIANTS	petco.com	HTTPS://WWW.PETCO.COM/SHOP/EN/PETCOSTORE/BRAND/GENTLE-GIANTS
GFPET	GFPET	petco.com	HTTPS://WWW.PETCO.COM/SHOP/EN/PETCOSTORE/BRAND/GF-PET
GFPET	GFPET	petco.com	HTTPS://WWW.PETCO.COM/SHOP/EN/PETCOSTORE/BRAND/GF-PET/DOG/DOG-APPAREL/DOG-SWEATERS-HOODIES
GLADFORPETS	GLADFORPETS	petco.com	HTTPS://WWW.PETCO.COM/SHOP/EN/PETCOSTORE/BRAND/GLAD-FOR-PETS
GLADFORPETS	GLADFORPETS	petco.com	HTTPS://WWW.PETCO.COM/SHOP/EN/PETCOSTORE/PRODUCT/GLAD-FOR-PETS-LARGE-ACTIVATED-CARBON-PUPPIES-AND-SENIOR-DOG-TRAINING-PADS
GLADPETS	GLADFORPETS	petco.com	HTTPS://WWW.PETCO.COM/SHOP/EN/PETCOSTORE/BRAND/GLAD-FOR-PETS
GLANDEX	GLANDEX	petco.com	HTTPS://WWW.PETCO.COM/SHOP/EN/PETCOSTORE/BRAND/GLANDEX
GLANDEX	GLANDEX	petco.com	HTTPS://WWW.PETCO.COM/SHOP/EN/PETCOSTORE/BRAND/GLANDEX
GLEEPET	GLEEPET	petco.com	HTTPS://WWW.PETCO.COM/SHOP/EN/PETCOSTORE/BRAND/GLEEPET
GLOFIRE	GLOFISH	petco.com	HTTPS://WWW.PETCO.COM/SHOP/EN/PETCOSTORE/BRAND/GLOFISH/FISH/AQUATIC-LIFE
GLOFIRE	GLOFISH	petco.com	HTTPS://WWW.PETCO.COM/SHOP/EN/PETCOSTORE/BRAND/GLOFISH
GLOFISH	GLOFISH	petco.com	HTTPS://WWW.PETCO.COM/SHOP/EN/PETCOSTORE/BRAND/GLOFISH/FISH/AQUATIC-LIFE
GLOFISH	GLOFISH	petco.com	HTTPS://WWW.PETCO.COM/SHOP/EN/PETCOSTORE/BRAND/GLOFISH
GNCPETS	GNCULTRAFORPETS	petco.com	HTTPS://WWW.PETCO.COM/SHOP/EN/PETCOSTORE/BRAND/GNC-ULTRA-FOR-PETS
GODOG	GODOG	petco.com	HTTPS://WWW.PETCO.COM/SHOP/EN/PETCOSTORE/BRAND/GODOG
GODOG	GODOG	petco.com	HTTPS://WWW.PETCO.COM/SHOP/EN/PETCOSTORE/BRAND/GODOG
GODOGGIE	GODOG	petco.com	HTTPS://WWW.PETCO.COM/SHOP/EN/PETCOSTORE/BRAND/GODOG
GODOGGIE	GODOG	petco.com	HTTPS://WWW.PETCO.COM/SHOP/EN/PETCOSTORE/BRAND/GODOG
GODOGGO	GODOG	petco.com	HTTPS://WWW.PETCO.COM/SHOP/EN/PETCOSTORE/BRAND/GODOG
GOOBY	GOOBYPET	petco.com	HTTPS://WWW.PETCO.COM/SHOP/EN/PETCOSTORE/BRAND/GOOBY-PET
GOODPETSTUFF	GOODPETSTUFF	petco.com	HTTPS://WWW.PETCO.COM/SHOP/EN/PETCOSTORE/BRAND/GOOD-PET-STUFF
GOPET	GOPETCLUB	petco.com	HTTPS://WWW.PETCO.COM/SHOP/EN/PETCOSTORE/BRAND/GO-PET-CLUB
GOPETCLUB	GOPETCLUB	petco.com	HTTPS://WWW.PETCO.COM/SHOP/EN/PETCOSTORE/BRAND/GO-PET-CLUB
GREENIES	GREENIES	petco.com	HTTPS://WWW.PETCO.COM/SHOP/EN/PETCOSTORE/BRAND/GREENIES
GREENIRIS	GREENIES	petco.com	HTTPS://WWW.PETCO.COM/SHOP/EN/PETCOSTORE/BRAND/GREENIES
GREENKILLINGMACHINE	GREENKILLINGMACHINE	petco.com	HTTPS://WWW.PETCO.COM/SHOP/EN/PETCOSTORE/PRODUCT/GREEN-KILLING-MACHINE-INTERNAL-UV-STERILIZER-WITH-POWER-HEAD
GREENKILLINGMACHINE	GREENKILLINGMACHINE	petco.com	HTTPS://WWW.PETCO.COM/SHOP/EN/PETCOSTORE/PRODUCT/GREEN-KILLING-MACHINE-INTERNAL-UV-STERILIZER-WITH-POWER-HEAD-24W
HAGEN	HAGEN	petco.com	HTTPS://WWW.PETCO.COM/SHOP/EN/PETCOSTORE/BRAND/HAGEN
HAGENLIVINGWORLD	HAGENLIVINGWORLD	petco.com	HTTPS://WWW.PETCO.COM/SHOP/EN/PETCOSTORE/PRODUCT/HAGEN-LIVING-WORLD-DELUXE-HABITAT
HAGENLIVINGWORLD	HAGENLIVINGWORLD	petco.com	HTTPS://WWW.PETCO.COM/SHOP/EN/PETCOSTORE/PRODUCT/HAGEN-LIVING-WORLD-FERRET-HABITAT
HALLOPUPS	HALO	petco.com	HTTPS://WWW.PETCO.COM/SHOP/EN/PETCOSTORE/BRAND/HALO/DOG/DOG-FOOD/DRY-DOG-FOOD
HALLOPUPS	HALO	petco.com	HTTPS://WWW.PETCO.COM/SHOP/EN/PETCOSTORE/BRAND/HALO/DOG/DOG-FOOD/DRY-DOG-FOOD
HALLOPUPS	HALO	petco.com	HTTPS://WWW.PETCO.COM/SHOP/EN/PETCOSTORE/BRAND/HALO
HALLOPUPS	HALO	petco.com	HTTPS://WWW.PETCO.COM/SHOP/EN/PETCOSTORE/BRAND/HALO/DOG/DOG-FOOD
HALOPURELYFORPETS	HALO	petco.com	HTTPS://WWW.PETCO.COM/SHOP/EN/PETCOSTORE/BRAND/HALO/DOG/DOG-FOOD/DRY-DOG-FOOD
HALOPURELYFORPETS	HALO	petco.com	HTTPS://WWW.PETCO.COM/SHOP/EN/PETCOSTORE/BRAND/HALO
HALOPURLEYFORPETS	HALO	petco.com	HTTPS://WWW.PETCO.COM/SHOP/EN/PETCOSTORE/BRAND/HALO
HALOPURLEYFORPETS	HALO	petco.com	HTTPS://WWW.PETCO.COM/SHOP/EN/PETCOSTORE/BRAND/HALO
HANAMYA	HANAMYA	petco.com	HTTPS://WWW.PETCO.COM/SHOP/EN/PETCOSTORE/BRAND/HANAMYA
HARRYBARKER	HARRYBARKER	petco.com	HTTPS://WWW.PETCO.COM/SHOP/EN/PETCOSTORE/BRAND/HARRY-BARKER
HAUSPANTHER	HAUSPANTHERCOLLECTIONBYPRIMETIME	petco.com	HTTPS://WWW.PETCO.COM/SHOP/EN/PETCOSTORE/BRAND/HAUSPANTHER-COLLECTION-BY-PRIMETIME
HAUSPANTHER	HAUSPANTHERCOLLECTIONBYPRIMETIME	petco.com	HTTPS://WWW.PETCO.COM/SHOP/EN/PETCOSTORE/BRAND/HAUSPANTHER-COLLECTION-BY-PRIMETIME/CAT/CAT-TOYS
HAUSPANTHERCOLLECTIONBYPRIMETIME	HAUSPANTHERCOLLECTIONBYPRIMETIME	petco.com	HTTPS://WWW.PETCO.COM/SHOP/EN/PETCOSTORE/BRAND/HAUSPANTHER-COLLECTION-BY-PRIMETIME
HAUSPANTHERCOLLECTIONBYPRIMETIME	HAUSPANTHERCOLLECTIONBYPRIMETIME	petco.com	HTTPS://WWW.PETCO.COM/SHOP/EN/PETCOSTORE/BRAND/HAUSPANTHER-COLLECTION-BY-PRIMETIME/CAT/CAT-TOYS
HAUSPANTHERCOLLECTIONBYPRIMETIME	HAUSPANTHERCOLLECTIONBYPRIMETIME	petco.com	HTTPS://WWW.PETCO.COM/SHOP/EN/PETCOSTORE/BRAND/HAUSPANTHER-COLLECTION-BY-PRIMETIME/CAT/CAT-FURNITURE-AND-SCRATCHERS
HAUSPANTHERCOLLECTIONBYPRIMETIME	HAUSPANTHERCOLLECTIONBYPRIMETIME	petco.com	HTTPS://WWW.PETCO.COM/SHOP/EN/PETCOSTORE/PRODUCT/HAUSPANTHER-COLLECTION-BY-PRIMETIME-MULTI-LEVEL-CUBITAT-CAT-BED-IN-WHITE
HAUSPANTHERCOLLECTIONBYPRIMETIME	HAUSPANTHERCOLLECTIONBYPRIMETIME	petco.com	HTTPS://WWW.PETCO.COM/SHOP/EN/PETCOSTORE/PRODUCT/HAUSPANTHER-COLLECTION-BY-PRIMETIME-STACKS-ZEST-CAT-TOY
HAUSPANTHERCOLLECTIONBYPRIMETIME	HAUSPANTHERCOLLECTIONBYPRIMETIME	petco.com	HTTPS://WWW.PETCO.COM/SHOP/EN/PETCOSTORE/PRODUCT/HAUSPANTHER-COLLECTION-BY-PRIMETIME-WHITE-NESTEGG-FOR-CAT
HEALERS	HEALERS	petco.com	HTTPS://WWW.PETCO.COM/SHOP/EN/PETCOSTORE/BRAND/HEALERS/DOG/DOG-HEALTH-AND-WELLNESS
HEATGUARD	HEARTGARDPLUS	petco.com	HTTPS://WWW.PETCO.COM/SHOP/EN/PETCOSTORE/BRAND/HEARTGARD-PLUS
HEATGUARD	HEARTGARDPLUS	petco.com	HTTPS://WWW.PETCO.COM/SHOP/EN/PETCOSTORE/BRAND/HEARTGARD-PLUS
