101AUDIOVIDEO	101AUDIOVIDEO	radwell.com	HTTPS://WWW.RADWELL.COM/BUY/101%20AUDIO%20VIDEO%20INC/101%20AUDIO%20VIDEO%20INC/SPR8695TU
101AUDIOVIDEO	101AUDIOVIDEO	radwell.com	HTTPS://WWW.RADWELL.COM/BUY/101%20AUDIO%20VIDEO%20INC/101%20AUDIO%20VIDEO%20INC/M25881
101AUDIOVIDEO	101AUDIOVIDEO	radwell.com	HTTPS://WWW.RADWELL.COM/EN-US/BUY/101%20AUDIO%20VIDEO%20INC/JB1N090NS
101AUDIOVIDEO	101AUDIOVIDEO	radwell.com	HTTPS://WWW.RADWELL.COM/EN-US/BUY/101%20AUDIO%20VIDEO%20INC/101%20AUDIO%20VIDEO%20INC/SXI01
101N	TEND	radwell.com	HTTPS://WWW.RADWELL.COM/BUY/TEND/TEND/TFB-101N
101N	UNIVERGROUP	radwell.com	HTTPS://WWW.RADWELL.COM/BUY/UNIVER%20GROUP/UNIVER%20GROUP/A-101N
101N	TEND	radwell.com	HTTPS://WWW.RADWELL.COM/EN-US/BUY/TEND/TEND/TFB-101N/
105X15	KIPP	radwell.com	HTTPS://WWW.RADWELL.COM/BUY/KIPP/KIPP/K0124.105X15
1203ETT	ALLENBRADLEY	radwell.com	HTTPS://WWW.RADWELL.COM/EN-US/BUY/ALLEN+BRADLEY/1203EN1
1232131SAADAW1231US	AMPHENOL	radwell.com	HTTPS://WWW.RADWELL.COM/BUY/AMPHENOL/AMPHENOL%20ICC/10056101-1050011LF
13274200012X	MACVALVES	radwell.com	HTTPS://WWW.RADWELL.COM/EN-US/BUY/MAC%20VALVES%20INC/MAC%20VALVES%20INC/132B-112RA
14PC300	PELICANPRODUCTS	radwell.com	HTTPS://WWW.RADWELL.COM/BUY/PELICAN%20PRODUCTS/PELICAN%20PRODUCTS/1400-300-100
14PC300	TRUMETER	radwell.com	HTTPS://WWW.RADWELL.COM/BUY/TRUMETER/REDINGTON/2300-14
17B	FLUKE	radwell.com	HTTPS://WWW.RADWELL.COM/EN-US/BUY/FLUKE/FLUKE/17B
1A1A	GENERALELECTRIC	radwell.com	HTTPS://WWW.RADWELL.COM/BUY/GENERAL%20ELECTRIC/GENERAL%20ELECTRIC/DS3820MAUD-1A1A
1COL059060031RET	VISHAY	radwell.com	HTTPS://WWW.RADWELL.COM/BUY/VISHAY/DALE/CRCW040221K0FKTD
1COL070600124RET	WALSINTECHNOLOGY	radwell.com	HTTPS://WWW.RADWELL.COM/BUY/WALSIN%20TECHNOLOGY/WALSIN%20TECHNOLOGY/0402N102J500CT
207UD	DOVERCORPORATION	radwell.com	HTTPS://WWW.RADWELL.COM/BUY/DOVER%20CORPORATION/DESTACO/207-U
2ONLY	BECKHOFF	radwell.com	HTTPS://WWW.RADWELL.COM/EN-US/BUY/BECKHOFF/BECKHOFF/AX5722-0000/
2PO	EFECTOR	radwell.com	HTTPS://WWW.RADWELL.COM/BUY/EFECTOR/IFM/AIRBOX%202DI%202PO%20M12-AC2027
3AB	CONVERTEAM	radwell.com	HTTPS://WWW.RADWELL.COM/BUY/CONVERTEAM/GEC/3AB-6
3MSCOTCH	3M	radwell.com	HTTPS://WWW.RADWELL.COM/BUY/3M/SCOTCH/82-A3
3SB	BELFUSE	radwell.com	HTTPS://WWW.RADWELL.COM/BUY/BEL%20FUSE/BEL%20FUSE/3SB%204-R
4BF	OMRON	radwell.com	HTTPS://WWW.RADWELL.COM/BUY/OMRON/OMRON/D4NS-4BF
4BF	TIMKEN	radwell.com	HTTPS://WWW.RADWELL.COM/EN-US/BUY/TIMKEN/TIMKEN/ESA-4BF-TRB/
5DM	MITSUBISHI	radwell.com	HTTPS://WWW.RADWELL.COM/BUY/MITSUBISHI/MITSUBISHI/FX3G-5DM
5MIN	INDUSTRIALTIMERCO	radwell.com	HTTPS://WWW.RADWELL.COM/BUY/INDUSTRIAL%20TIMER%20CO/INDUSTRIAL%20TIMER%20CO/S-5MIN
725REFRESH	LOGISTICS	radwell.com	HTTPS://WWW.RADWELL.COM/BUY/LOGISTICS/LOGISTICS/725
8019360E	FIFECORP	radwell.com	HTTPS://WWW.RADWELL.COM/EN-US/BUY/FIFE%20CORP/FIFE%20CORP/80360-003/
A4B	ALLENBRADLEY	radwell.com	HTTPS://WWW.RADWELL.COM/BUY/ALLEN%20BRADLEY/ALLEN%20BRADLEY/1771-A4B
AA1	AIRDIMENSIONS	radwell.com	HTTPS://WWW.RADWELL.COM/BUY/AIR%20DIMENSIONS%20INC/AIR%20DIMENSIONS%20INC/B161-AP-AA1
AAA2	DURACELL	radwell.com	HTTPS://WWW.RADWELL.COM/BUY/DURACELL/DURACELL/AAA2
AAA2	ASCO	radwell.com	HTTPS://WWW.RADWELL.COM/BUY/ASCO/ASCO%20NUMATICS/F2CK-04A1B-AAA2
AAA2	ASCO	radwell.com	HTTPS://WWW.RADWELL.COM/BUY/ASCO/ASCO%20NUMATICS/S9OC-01D1B-AAA2
AAA2	ASCO	radwell.com	HTTPS://WWW.RADWELL.COM/BUY/ASCO/ASCO%20NUMATICS/XXBE-02A3B-AAA2
AASD	CNCSERVOCONTROL	radwell.com	HTTPS://WWW.RADWELL.COM/BUY/CNC%20SERVO%20CONTROL/CNC%20SERVO%20CONTROL/AASD-30A-V6.2
AB40	GENERALELECTRIC	radwell.com	HTTPS://WWW.RADWELL.COM/BUY/GENERAL%20ELECTRIC/GENERAL%20ELECTRIC/AB40-103-402-FFAD1
AB40	GENERALELECTRIC	radwell.com	HTTPS://WWW.RADWELL.COM/BUY/GENERAL%20ELECTRIC/GENERAL%20ELECTRIC/AB40-103131LSPB
ABASEIR	ADVANTECH	radwell.com	HTTPS://WWW.RADWELL.COM/BUY/ADVANTECH/B-AND-B%20SMARTWORX/BB-AO-ABASE-C16
ABECO	ABECO	radwell.com	HTTPS://WWW.RADWELL.COM/BUY/ABECO/ABECO/076
ABECO	ABECO	radwell.com	HTTPS://WWW.RADWELL.COM/BUY/ABECO/ABECO/61406
ABESTSTUDIO	GENERIC	radwell.com	HTTPS://WWW.RADWELL.COM/EN-US/BUY/GENERIC/GENERIC/ABESTSTUDIO/
ABLEGRID	ABLEGRID	radwell.com	HTTPS://WWW.RADWELL.COM/BUY/ABLEGRID/ABLEGRID/TF-008-9
AC1000V1	TIERNEYELECTRICALMFG	radwell.com	HTTPS://WWW.RADWELL.COM/BUY/TIERNEY%20ELECTRICAL%20MFG/TIERNEY%20ELECTRICAL%20MFG/AC1000C-2937-14?REDIRECT=TRUE
ACDK	CONTROLAIR	radwell.com	HTTPS://WWW.RADWELL.COM/BUY/CONTROLAIR%20INC/CONTROLAIR%20INC/900-ACDK
ACMC	TPI	radwell.com	HTTPS://WWW.RADWELL.COM/EN-US/BUY/TPI/FOSTORIA/ACMC/
ACRIO	ADVANCEPRODUCTSCORP	radwell.com	HTTPS://WWW.RADWELL.COM/BUY/ADVANCE%20PRODUCTS%20CORP/ADVANCE%20PRODUCTS%20CORP/PC-ACRIO-02
ADAFRUITINDUSTRIES	ADAFRUITINDUSTRIES	radwell.com	HTTPS://WWW.RADWELL.COM/BUY/ADAFRUIT%20INDUSTRIES/ADAFRUIT%20INDUSTRIES/2276
ADDA	ADDA	radwell.com	HTTPS://WWW.RADWELL.COM/BUY/ADDA/ADDA/AD0824HB-A70GL
ADIM	PROMATIC	radwell.com	HTTPS://WWW.RADWELL.COM/BUY/PROMATIC/PROMATIC/ADIM-III
ADIM	PROMATIC	radwell.com	HTTPS://WWW.RADWELL.COM/BUY/PROMATIC/PROMATIC/ADIM-II-FUM
ADJUSTABLECLAMPCOMPANY	ADJUSTABLECLAMPCOMPANY	radwell.com	HTTPS://WWW.RADWELL.COM/BUY/ADJUSTABLE%20CLAMP%20COMPANY/ADJUSTABLE%20CLAMP%20COMPANY/1420
ADVANCEDCYLINDERS	ADVANCEAUTOMATIONCYLINDERS	radwell.com	HTTPS://WWW.RADWELL.COM/BUY/ADVANCE%20AUTOMATION%20CYLINDERS/ADVANCE%20AUTOMATION%20CYLINDERS/240
ADVANCEDCYLINDERS	ADVANCEAUTOMATIONCYLINDERS	radwell.com	HTTPS://WWW.RADWELL.COM/BUY/ADVANCE%20AUTOMATION%20CYLINDERS/ADVANCE%20AUTOMATION%20CYLINDERS/240X4
ADW	SCHNEIDERELECTRIC	radwell.com	HTTPS://WWW.RADWELL.COM/BUY/SCHNEIDER%20ELECTRIC/SQUARE%20D/9012-ADW-5
ADW2	SCHNEIDERELECTRIC	radwell.com	HTTPS://WWW.RADWELL.COM/BUY/SCHNEIDER%20ELECTRIC/SQUARE%20D/9012-ADW-5
ADW2	RCMINDUSTRIES	radwell.com	HTTPS://WWW.RADWELL.COM/BUY/RCM%20INDUSTRIES/RCM%20INDUSTRIES/1-DIV-2-81-R-3-ADW
AFOKAR	IEIINTEGRATIONCORP	radwell.com	HTTPS://WWW.RADWELL.COM/BUY/IEI%20INTEGRATION%20CORP/IEI%20INTEGRATION%20CORP/AFOKAR-08A-RK39-R10-US
AFTER8090	BECKHOFF	radwell.com	HTTPS://WWW.RADWELL.COM/EN-US/BUY/BECKHOFF/BECKHOFF/CX8090
AG45	SOR	radwell.com	HTTPS://WWW.RADWELL.COM/BUY/SOR/SOR/5AG-AG45-N1-C2A/
AHX	ASHCROFT	radwell.com	HTTPS://WWW.RADWELL.COM/BUY/ASHCROFT/ASHCROFT/AHX-1177K
AIMCO	AIMCOURYU	radwell.com	HTTPS://WWW.RADWELL.COM/EN-US/BUY/AIMCO%20URYU/AIMCO%20URYU/AE-4520ESD/
AIRTEC	AIRTEC	radwell.com	HTTPS://WWW.RADWELL.COM/BUY/AIRTEC/AIRTEC/HR-14-520
AIRTEC	AIRTEC	radwell.com	HTTPS://WWW.RADWELL.COM/BUY/AIRTEC/AIRTEC/SU-18-310
AJNINTERNATIONAL	GRAYHILL	radwell.com	HTTPS://WWW.RADWELL.COM/EN-US/BUY/GRAYHILL%20INC/GRAYHILL%20INC/50CD36-01-1-AJN/
AJNINTERNATIONAL	GRAYHILL	radwell.com	HTTPS://WWW.RADWELL.COM/BUY/GRAYHILL%20INC/GRAYHILL%20INC/71BDF30-02-1-AJN
AJNINTERNATIONAL	GRAYHILL	radwell.com	HTTPS://WWW.RADWELL.COM/BUY/GRAYHILL%20INC/GRAYHILL%20INC/56D36-01-2-AJN
ALBRIGHT30INWX34INHFRAMED	ALBRIGHT	radwell.com	HTTPS://WWW.RADWELL.COM/EN-US/BUY/ALBRIGHT/ALBRIGHT/SW180AB-51
ALEMITE	ALEMITE	radwell.com	HTTPS://WWW.RADWELL.COM/BUY/ALEMITE/ALEMITE/339989?REDIRECT=TRUE
ALISH	ALISHTECHNOLOGY	radwell.com	HTTPS://WWW.RADWELL.COM/EN-US/BUY/ALISH%20TECHNOLOGY/ALISH%20TECHNOLOGY/GA6-T101-A-R2NN/
ALLANSON	ALLANSON	radwell.com	HTTPS://WWW.RADWELL.COM/BUY/ALLANSON/ALLANSON/1092-S
ALLANSON	ALLANSON	radwell.com	HTTPS://WWW.RADWELL.COM/BUY/ALLANSON/ALLANSON/1092-H
ALLANSON	ALLANSON	radwell.com	HTTPS://WWW.RADWELL.COM/BUY/ALLANSON/ALLANSON/1092-NA
ALLANSON	ALLANSON	radwell.com	HTTPS://WWW.RADWELL.COM/BUY/ALLANSON/ALLANSON/2260-TP
ALLANSON	ALLANSON	radwell.com	HTTPS://WWW.RADWELL.COM/BUY/ALLANSON/ALLANSON/2721-628G
ALLANSON	ALLANSON	radwell.com	HTTPS://WWW.RADWELL.COM/BUY/ALLANSON/ALLANSON/1230BPX120
ALLING	ALLINGLANDER	radwell.com	HTTPS://WWW.RADWELL.COM/BUY/ALLING%20LANDER/ALLING%20LANDER/30JF-3
ALLPAX	ALLPAX	radwell.com	HTTPS://WWW.RADWELL.COM/BUY/ALLPAX/ALLPAX/100H45K
ALTRONIX	ALTRONIX	radwell.com	HTTPS://WWW.RADWELL.COM/BUY/ALTRONIX/ALTRONIX/AL300ULB
ALZATEX	ALZATEX	radwell.com	HTTPS://WWW.RADWELL.COM/EN-US/BUY/ALZATEX%20INC/ALZATEX%20INC/DSP-500F0/
AMERICANZETTLER	AMERICANZETTLER	radwell.com	HTTPS://WWW.RADWELL.COM/BUY/AMERICAN%20ZETTLER/AMERICAN%20ZETTLER/AZ2800-2A-24A
AMERICANZETTLER	AMERICANZETTLER	radwell.com	HTTPS://WWW.RADWELL.COM/BUY/AMERICAN%20ZETTLER/AMERICAN%20ZETTLER/AZ2150-1A-24DE
AMERICANZETTLER	AMERICANZETTLER	radwell.com	HTTPS://WWW.RADWELL.COM/EN-US/BUY/AMERICAN%20ZETTLER/AMERICAN%20ZETTLER/AZ755-1C-24DE
AMERICANZETTLER	AMERICANZETTLER	radwell.com	HTTPS://WWW.RADWELL.COM/BUY/AMERICAN%20ZETTLER/AMERICAN%20ZETTLER/AZ743-2C-24DE
AMERICANZETTLER	AMERICANZETTLER	radwell.com	HTTPS://WWW.RADWELL.COM/BUY/AMERICAN%20ZETTLER/AMERICAN%20ZETTLER/AZ431-13-1HUS
AMERICANZETTLER	AMERICANZETTLER	radwell.com	HTTPS://WWW.RADWELL.COM/BUY/AMERICAN%20ZETTLER/AMERICAN%20ZETTLER/AZ2100-1C-110DEF
AMETEK	AMETEK	radwell.com	HTTPS://WWW.RADWELL.COM/BUY/AMETEK/PITTMAN/GM8712-41
AMPFLOW	AMPFLOW	radwell.com	HTTPS://WWW.RADWELL.COM/BUY/AMPFLOW/AMPFLOW/E30-150-G
AMRAD	AMRADENGINEERING	radwell.com	HTTPS://WWW.RADWELL.COM/BUY/AMRAD%20ENGINEERING/AMRAD%20ENGINEERING/V2000-DIV-37-1255
AMRADENGINEERING	AMRADENGINEERING	radwell.com	HTTPS://WWW.RADWELL.COM/BUY/AMRAD%20ENGINEERING/AMRAD%20ENGINEERING/V2000-DIV-37-1255
ANCO	ANCO	radwell.com	HTTPS://WWW.RADWELL.COM/BUY/ANCO/ANCO/41-02
ANDERSONBARROWS	ANDERSONBARROWS	radwell.com	HTTPS://WWW.RADWELL.COM/EN-US/BUY/ANDERSON%20BARROWS/ANDERSON%20BARROWS/PB969-P
ANDERSONBARROWS	ANDERSONBARROWS	radwell.com	HTTPS://WWW.RADWELL.COM/BUY/ANDERSON%20BARROWS/ANDERSON%20BARROWS/A-680
ANDERSONBARROWS	ANDERSONBARROWS	radwell.com	HTTPS://WWW.RADWELL.COM/BUY/ANDERSON%20BARROWS/ANDERSON%20BARROWS/A-663
ANDERSONBARROWS	ANDERSONBARROWS	radwell.com	HTTPS://WWW.RADWELL.COM/BUY/ANDERSON%20BARROWS/ANDERSON%20BARROWS/PB96760-PT-1-DIV-4
ANDERSONBARROWS	ANDERSONBARROWS	radwell.com	HTTPS://WWW.RADWELL.COM/BUY/ANDERSON%20BARROWS/ANDERSON%20BARROWS/A-665
ANDERSONBRUSH	ANDERSONPRODUCTS	radwell.com	HTTPS://WWW.RADWELL.COM/BUY/ANDERSON%20PRODUCTS/ANDERSON%20PRODUCTS/05781
ANESTY	ANESTY	radwell.com	HTTPS://WWW.RADWELL.COM/BUY/ANESTY/ANESTY/ZD-915
ANKG	EFECTOR	radwell.com	HTTPS://WWW.RADWELL.COM/BUY/EFECTOR/IFM/II-3010-ANKG
ANKG	EFECTOR	radwell.com	HTTPS://WWW.RADWELL.COM/BUY/EFECTOR/IFM/IFK3004-ANKG-DIV-US-100-IF7103
ANKG	EFECTOR	radwell.com	HTTPS://WWW.RADWELL.COM/BUY/EFECTOR/IFM/IGA3008-ANKG-IG5381
ANKG	EFECTOR	radwell.com	HTTPS://WWW.RADWELL.COM/EN-US/BUY/EFECTOR/IFM/IFK3004-ANKG-DIV-US-100/
ANKG	EFECTOR	radwell.com	HTTPS://WWW.RADWELL.COM/EN-US/BUY/EFECTOR/IFM/KG-3008-ANKG-DIV-NI-KG5045/
ANKG	EFECTOR	radwell.com	HTTPS://WWW.RADWELL.COM/BUY/EFECTOR/IFM/IIA3010-ANKG-II5264
ANSMANN	ANSMANN	radwell.com	HTTPS://WWW.RADWELL.COM/BUY/ANSMANN/ANSMANN/ACS-110
ANWOLL	ANWOLL	radwell.com	HTTPS://WWW.RADWELL.COM/BUY/ANWOLL/ANWOLL/AW25-34135175
AOJIE	GUANGZHOUAOJIETECHNOLOGIES	radwell.com	HTTPS://WWW.RADWELL.COM/BUY/GUANGZHOU%20AOJIE%20TECHNOLOGIES/GUANGZHOU%20AOJIE%20TECHNOLOGIES/A6-DIV-S-N%20400-DIV-4
AOYUE	AOYUE	radwell.com	HTTPS://WWW.RADWELL.COM/BUY/AOYUE/AOYUE/302092
APCO	APCO	radwell.com	HTTPS://WWW.RADWELL.COM/BUY/APCO/APCO/143C-2
APEXXCELITE	APEXTOOLS	radwell.com	HTTPS://WWW.RADWELL.COM/BUY/APEX%20TOOLS/XCELITE/ECP000
APEXXCELITE	APEXTOOLS	radwell.com	HTTPS://WWW.RADWELL.COM/BUY/APEX%20TOOLS/XCELITE/1178M
AQUAMATICS	AQUAMATIC	radwell.com	HTTPS://WWW.RADWELL.COM/BUY/AQUAMATIC/AQUAMATIC/425-RA
ARGOX	ARGOX	radwell.com	HTTPS://WWW.RADWELL.COM/BUY/ARGOX/ARGOX/AS-8150
AS01	BOSCH	radwell.com	HTTPS://WWW.RADWELL.COM/BUY/BOSCH/REXROTH/2AD100DB050B1-AS01-A2N1
ASCO	ASCO	radwell.com	HTTPS://WWW.RADWELL.COM/BUY/ASCO/ASCO/EF8263H206VAC120-DIV-60,110-DIV-50D
ASCO	ASCO	radwell.com	HTTPS://WWW.RADWELL.COM/BUY/ASCO/ASCO%20NUMATICS/11SAD400O000030
ASCO	ASCO	radwell.com	HTTPS://WWW.RADWELL.COM/BUY/ASCO/ASCO/124-304
ASCO	ASCO	radwell.com	HTTPS://WWW.RADWELL.COM/BUY/ASCO/ASCO%20NUMATICS/240-167
ASEM	ASEM	radwell.com	HTTPS://WWW.RADWELL.COM/BUY/ASEM/ASEM/OT1200
ASEM	ASEM	radwell.com	HTTPS://WWW.RADWELL.COM/BUY/ASEM/ASEM/HT2150%20
ASEM	ASEM	radwell.com	HTTPS://WWW.RADWELL.COM/BUY/ASEM/ASEM/COMPATTO
ASEM	ASEM	radwell.com	HTTPS://WWW.RADWELL.COM/BUY/ASEM/ASEM/OT1000
ASEM	ASEM	radwell.com	HTTPS://WWW.RADWELL.COM/BUY/ASEM/ASEM/93052001
ASEM	ASEM	radwell.com	HTTPS://WWW.RADWELL.COM/BUY/ASEM/ASEM/73140005
ASEM	ASEM	radwell.com	HTTPS://WWW.RADWELL.COM/BUY/ASEM/ASEM/73340004
ASEM	ASEM	radwell.com	HTTPS://WWW.RADWELL.COM/BUY/ASEM/ASEM/OT600/
ASEM	ASEM	radwell.com	HTTPS://WWW.RADWELL.COM/BUY/ASEM/ASEM/73970020
ASEM	ASEM	radwell.com	HTTPS://WWW.RADWELL.COM/BUY/ASEM/ASEM/HT2200
ASTRALUX	ASTRALUX	radwell.com	HTTPS://WWW.RADWELL.COM/BUY/ASTRALUX/ASTRALUX/122A-2
ASTRODYNE	ASTRODYNETDI	radwell.com	HTTPS://WWW.RADWELL.COM/BUY/ASTRODYNE%20TDI/ASTRODYNE%20TDI/OFM40T-06
ASTRODYNE	ASTRODYNETDI	radwell.com	HTTPS://WWW.RADWELL.COM/BUY/ASTRODYNE%20TDI/ASTRODYNE%20TDI/MTCA-0311
ATBTGTR	COMMSCOPE	radwell.com	HTTPS://WWW.RADWELL.COM/BUY/COMMSCOPE/ANDREW/ATBT-BOTTOM-24V
ATEQ	ATEQ	radwell.com	HTTPS://WWW.RADWELL.COM/BUY/ATEQ/ATEQ/VT%2060-S/
ATEQ	ATEQ	radwell.com	HTTPS://WWW.RADWELL.COM/BUY/ATEQ/ATEQ/PRIMUS-F620
ATLANTICVALVES	ATLANTICVALVES	radwell.com	HTTPS://WWW.RADWELL.COM/BUY/ATLANTIC%20VALVES/ATLANTIC%20VALVES/BZW-20-12VDC
ATLANTICVALVES	ATLANTICVALVES	radwell.com	HTTPS://WWW.RADWELL.COM/BUY/ATLANTIC%20VALVES/ATLANTIC%20VALVES/SZW-15J-24VDC
ATUP	ASSMANN	radwell.com	HTTPS://WWW.RADWELL.COM/BUY/ASSMANN/ASSMANN/ATUP-P305T-R
AUCON	AUCON	radwell.com	HTTPS://WWW.RADWELL.COM/BUY/AUCON/AUCON/AC3A21
AUH	SPRAYINGSYSTEMS	radwell.com	HTTPS://WWW.RADWELL.COM/BUY/SPRAYING%20SYSTEMS/SPRAYING%20SYSTEMS%20MFG/AA10000AUH-104210
AUTOTRON	ELWOODCORPORATION	radwell.com	HTTPS://WWW.RADWELL.COM/BUY/ELWOOD%20CORPORATION/AUTOTRON/LRML
AUTOTRON	ELWOODCORPORATION	radwell.com	HTTPS://WWW.RADWELL.COM/BUY/ELWOOD%20CORPORATION/AUTOTRON/65-4500-01
AUTOTRON	ELWOODCORPORATION	radwell.com	HTTPS://WWW.RADWELL.COM/BUY/ELWOOD%20CORPORATION/AUTOTRON/RCPT%20330
AUTOTRON	ELWOODCORPORATION	radwell.com	HTTPS://WWW.RADWELL.COM/BUY/ELWOOD%20CORPORATION/AUTOTRON/A20000
AUU	SENSODEC	radwell.com	HTTPS://WWW.RADWELL.COM/EN-US/BUY/SENSODEC/SENSODEC/AUU-450/?REDIRECT=TRUE
AVERYWEIGHTRONIX	ITW	radwell.com	HTTPS://WWW.RADWELL.COM/BUY/ITW/ITW%20AVERY%20WEIGH%20TRONIX/E1070
AVERYWEIGHTRONIX	ITW	radwell.com	HTTPS://WWW.RADWELL.COM/BUY/ITW/ITW%20AVERY%20WEIGH%20TRONIX/WI-125
AW	TRW	radwell.com	HTTPS://WWW.RADWELL.COM/BUY/TRW/TRW/AW-2500
AWCHESTERTON	AWCHESTERTONCO	radwell.com	HTTPS://WWW.RADWELL.COM/BUY/AW%20CHESTERTON%20CO/AW%20CHESTERTON%20CO/123-14%20BUSH%20KIT/
AWCHESTERTON	AWCHESTERTONCO	radwell.com	HTTPS://WWW.RADWELL.COM/EN-US/BUY/AW%20CHESTERTON%20CO/AW%20CHESTERTON%20CO/123-18/
AXX	VEGA	radwell.com	HTTPS://WWW.RADWELL.COM/BUY/VEGA/OHMART/DSGH-A-AXX-RXX-00
AZ1701CLEAR	SCHMERSAL	radwell.com	HTTPS://WWW.RADWELL.COM/EN-US/BUY/SCHMERSAL/SCHMERSAL/AZ%2017-DIV-170-B1
AZAP711	ALLENBRADLEY	radwell.com	HTTPS://WWW.RADWELL.COM/BUY/ALLEN%20BRADLEY/ALLEN%20BRADLEY/2711R-APK10
AZM	ELGE	radwell.com	HTTPS://WWW.RADWELL.COM/BUY/ELGE/ELGE/AZM-LM1
AZM	SCHMERSAL	radwell.com	HTTPS://WWW.RADWELL.COM/BUY/SCHMERSAL/SCHMERSAL/AZM%20161SK-33RK-24VAC-DIV-DC
B01G91Y4VE	PARKER	radwell.com	HTTPS://WWW.RADWELL.COM/BUY/PARKER/HYDRAULIC%20VALVE%20DIVISION/BK91
B08DR2BCMT	SMC	radwell.com	HTTPS://WWW.RADWELL.COM/EN-US/BUY/SMC/SMC/ZK2G15K5RWA-08-B
B08DR2BCMT	BANDR	radwell.com	HTTPS://WWW.RADWELL.COM/EN-US/BUY/B-AND-R/B-AND-R/8EI8X8HWD10.0700-1
B08DR2BCMT	MDMICRODETECTORS	radwell.com	HTTPS://WWW.RADWELL.COM/EN-US/BUY/MD%20MICRO%20DETECTORS/MD%20MICRO%20DETECTORS/CD08-DIV-0B-020C1
B08DR2BCMT	MDMICRODETECTORS	radwell.com	HTTPS://WWW.RADWELL.COM/EN-US/BUY/MD%20MICRO%20DETECTORS/MD%20MICRO%20DETECTORS/CD08-DIV-0B-050A1
B08DR2BCMT	BANDR	radwell.com	HTTPS://WWW.RADWELL.COM/EN-US/BUY/B-AND-R/B-AND-R/8SCS005.0000-00/
B0912YD43N	SWAGELOK	radwell.com	HTTPS://WWW.RADWELL.COM/EN-US/BUY/SWAGELOK/WHITEY/B-43XF4/
B2T	BARKSDALE	radwell.com	HTTPS://WWW.RADWELL.COM/BUY/BARKSDALE/BARKSDALE/B2T-H32/
BALLUFF	BALLUFF	radwell.com	HTTPS://WWW.RADWELL.COM/BUY/BALLUFF/BALLUFF/BES-517-442-M4-L/
BALLUFF	BALLUFF	radwell.com	HTTPS://WWW.RADWELL.COM/BUY/BALLUFF/BALLUFF/BES%20M12ZI-PSC40B-S04G
BALLUFF	BALLUFF	radwell.com	HTTPS://WWW.RADWELL.COM/BUY/BALLUFF/BALLUFF/BTL6-U110-M0050-PF-S4
BALLUFF	BALLUFF	radwell.com	HTTPS://WWW.RADWELL.COM/BUY/BALLUFF/BALLUFF/BES-516-329-BO-C
BALLUFF	BALLUFF	radwell.com	HTTPS://WWW.RADWELL.COM/BUY/BALLUFF/BALLUFF/BES%20517-1605-CN-S-05
BALLUFF	BALLUFF	radwell.com	HTTPS://WWW.RADWELL.COM/BUY/BALLUFF/BALLUFF/BOS002E
BALLUFF	BALLUFF	radwell.com	HTTPS://WWW.RADWELL.COM/BUY/BALLUFF/BALLUFF/BAW%20R03KC-UAA40B-BP03-505
BALLUFF	BALLUFF	radwell.com	HTTPS://WWW.RADWELL.COM/BUY/BALLUFF/SENSORIK/SK-10-22-DIV-4-B
BANJOCORP	BANJOCORP	radwell.com	HTTPS://WWW.RADWELL.COM/BUY/BANJO%20CORP/BANJO%20CORP/MV220CF
BANJOCORP	BANJOCORP	radwell.com	HTTPS://WWW.RADWELL.COM/BUY/BANJO%20CORP/BANJO%20CORP/100ESS
BARD	BARD	radwell.com	HTTPS://WWW.RADWELL.COM/BUY/BARD/BARD/S8102-011
BBKK	TURCK	radwell.com	HTTPS://WWW.RADWELL.COM/BUY/TURCK/TURCK/BKK-CC
BCL	ANDERSONCOPPERANDBRASSCO	radwell.com	HTTPS://WWW.RADWELL.COM/BUY/ANDERSON%20COPPER%20AND%20BRASS%20CO/ANDERSON%20COPPER%20AND%20BRASS%20CO/BCL-024-B
BD1	INFRANOR	radwell.com	HTTPS://WWW.RADWELL.COM/EN-US/BUY/INFRANOR/INFRANOR/SMT-BD1-DIV-1K-220-DIV-60-T-BS
BE1	BASLERELECTRIC	radwell.com	HTTPS://WWW.RADWELL.COM/BUY/BASLER%20ELECTRIC/BASLER%20ELECTRIC/BE1-25%20M9FA6PN4N0F
BECKHOFF	BECKHOFF	radwell.com	HTTPS://WWW.RADWELL.COM/BUY/BECKHOFF/BECKHOFF/C9900-P224
BECKHOFF	BECKHOFF	radwell.com	HTTPS://WWW.RADWELL.COM/BUY/BECKHOFF/BECKHOFF/EL7332
BECKHOFF	BECKHOFF	radwell.com	HTTPS://WWW.RADWELL.COM/BUY/BECKHOFF/BECKHOFF/TF6100-0081
BECKHOFF	BECKHOFF	radwell.com	HTTPS://WWW.RADWELL.COM/BUY/BECKHOFF/BECKHOFF/TF6271-0060
BECKHOFF	BECKHOFF	radwell.com	HTTPS://WWW.RADWELL.COM/BUY/BECKHOFF/BECKHOFF/AM8042-0J10-0000
BECKHOFF	BECKHOFF	radwell.com	HTTPS://WWW.RADWELL.COM/BUY/BECKHOFF/BECKHOFF/AM3054-0G30
BEDIA	BEDIA	radwell.com	HTTPS://WWW.RADWELL.COM/BUY/BEDIA/BEDIA/PLS-40-421603
BEDIA	BEDIA	radwell.com	HTTPS://WWW.RADWELL.COM/EN-US/BUY/BEDIA/BEDIA/PLS-40-421603
BEL518	BELDEN	radwell.com	HTTPS://WWW.RADWELL.COM/EN-US/BUY/BELDEN/BELDEN/9918-BLK-5000
BELTECH	AMMERAALBELTECH	radwell.com	HTTPS://WWW.RADWELL.COM/EN-US/BUY/AMMERAAL%20BELTECH%20INC/AMMERAAL%20BELTECH%20INC/48301-147.625X10.00IN/
BELTECH	AMMERAALBELTECH	radwell.com	HTTPS://WWW.RADWELL.COM/BUY/AMMERAAL%20BELTECH%20INC/AMMERAAL%20BELTECH%20INC/579800-1.92M
BEMISMANUFACTURING	BEMISMANUFACTURINGCO	radwell.com	HTTPS://WWW.RADWELL.COM/BUY/BEMIS%20MANUFACTURING%20CO/BEMIS%20MANUFACTURING%20CO/200-001
BESBRO	BEBROELEKTRONIK	radwell.com	HTTPS://WWW.RADWELL.COM/BUY/BEBRO%20ELEKTRONIK/BEBRO%20ELEKTRONIK/250-00-482
BESRICA	BALLUFF	radwell.com	HTTPS://WWW.RADWELL.COM/BUY/BALLUFF/BALLUFF/BESA-12-CM
BESTACT	YASKAWAELECTRIC	radwell.com	HTTPS://WWW.RADWELL.COM/EN-US/BUY/YASKAWA%20ELECTRIC/YASKAWA%20ELECTRIC/JAMSC-B2904V/
BEVCO	BEVCO	radwell.com	HTTPS://WWW.RADWELL.COM/BUY/BEVCO/BEVCO/3357
BFU	ALTRAINDUSTRIALMOTION	radwell.com	HTTPS://WWW.RADWELL.COM/EN-US/BUY/ALTRA%20INDUSTRIAL%20MOTION/BAUER%20GEAR%20MOTOR/BFU-F003/
BFZ	BFZ	radwell.com	HTTPS://WWW.RADWELL.COM/BUY/BFZ/BFZ/SB-UEG9-PZ
BIGBEARING	THEBIGBEARINGSTORE	radwell.com	HTTPS://WWW.RADWELL.COM/BUY/THE%20BIG%20BEARING%20STORE/THE%20BIG%20BEARING%20STORE/FS211
BIGBEARING	THEBIGBEARINGSTORE	radwell.com	HTTPS://WWW.RADWELL.COM/BUY/THE%20BIG%20BEARING%20STORE/THE%20BIG%20BEARING%20STORE/UCF211-32
BIKON	BIKON	radwell.com	HTTPS://WWW.RADWELL.COM/EN-US/BUY/BIKON/BIKON/1003-020-047/
BIMBA	BIMBA	radwell.com	HTTPS://WWW.RADWELL.COM/BUY/BIMBA/BIMBA/MSKX
BIMBA	BIMBA	radwell.com	HTTPS://WWW.RADWELL.COM/BUY/BIMBA/BIMBA/M-123-DP
BIMBA	BIMBA	radwell.com	HTTPS://WWW.RADWELL.COM/BUY/BIMBA/BIMBA/041
BIMBA	BIMBA	radwell.com	HTTPS://WWW.RADWELL.COM/BUY/BIMBA/BIMBA/CM-041-D
BIRV06A	BIRDTECHNOLOGIES	radwell.com	HTTPS://WWW.RADWELL.COM/EN-US/BUY/BIRD%20TECHNOLOGIES/BIRD%20TECHNOLOGIES/2-A-MFN-06
BIRV06A	BRIVO	radwell.com	HTTPS://WWW.RADWELL.COM/BUY/BRIVO/BRIVO/B-ACS6000-A-4DKIT
BITMAIN	BIAIN	radwell.com	HTTPS://WWW.RADWELL.COM/BUY/BITMAIN/BITMAIN/ANTMINER%20L7%20(9.5GH)
BIZERBA	BIZERBA	radwell.com	HTTPS://WWW.RADWELL.COM/BUY/BIZERBA/BIZERBA/554.54.003.02
BK112	MCRSAFETY	radwell.com	HTTPS://WWW.RADWELL.COM/BUY/MCR%20SAFETY/CREWS/BK112
BKER	INVENSYS	radwell.com	HTTPS://WWW.RADWELL.COM/BUY/INVENSYS/ROBERTSHAW/7000-BKER
BKTD	TPI	radwell.com	HTTPS://WWW.RADWELL.COM/EN-US/BUY/TPI/TPI/BKTD-110/
BLACKDECKERASI300AIRSTATIONINFL	STANLEYBLACKANDDECKER	radwell.com	HTTPS://WWW.RADWELL.COM/BUY/STANLEY%20BLACK%20-AND-%20DECKER/BLACK%20-AND-%20DECKER/ASI300
BLACKFIRE	BLACKFIRE	radwell.com	HTTPS://WWW.RADWELL.COM/BUY/BLACKFIRE/BLACKFIRE/BBM910
BLUEDRI	BLUEDRI	radwell.com	HTTPS://WWW.RADWELL.COM/BUY/BLUEDRI/BLUEDRI/BD-76P
BMSY	ANFIELDINDUSTRIES	radwell.com	HTTPS://WWW.RADWELL.COM/BUY/ANFIELD%20INDUSTRIES/ANFIELD%20SENSORS%20INC/BMSY-475-B2-G-S-CV-HPS
BOSER	BOSERTECHNOLOGY	radwell.com	HTTPS://WWW.RADWELL.COM/BUY/BOSER%20TECHNOLOGY/BOSER%20TECHNOLOGY/HS6237
BRADYSPC	BRADY	radwell.com	HTTPS://WWW.RADWELL.COM/BUY/BRADY/BRADY%20SPC%20SORBENTS/SPC200/
BRISKHEAT	BRISKHEAT	radwell.com	HTTPS://WWW.RADWELL.COM/BUY/BRISKHEAT/BRISKHEAT/SRL18182P
BSGLOBAL	GLOBALMANUFACTURING	radwell.com	HTTPS://WWW.RADWELL.COM/BUY/GLOBAL%20MANUFACTURING/GLOBAL%20MANUFACTURING/BS-19
BST4000	BST	radwell.com	HTTPS://WWW.RADWELL.COM/BUY/BST/BST/POWERSCOPE%204000
BSTPOWER	BST	radwell.com	HTTPS://WWW.RADWELL.COM/BUY/BST/BST/POWERSCOPE%204000
BULKA	RAYOVAC	radwell.com	HTTPS://WWW.RADWELL.COM/BUY/RAYOVAC/RAYOVAC/WHK2D-BULKA
BUNZL	BUNZL	radwell.com	HTTPS://WWW.RADWELL.COM/BUY/BUNZL/BUNZL/3363-61265
BUSSMANNFUSETRON	EATONCORPORATION	radwell.com	HTTPS://WWW.RADWELL.COM/BUY/EATON%20CORPORATION/BUSSMANN%20FUSETRON/LJ60100-3C
BUSSMANNFUSETRON	EATONCORPORATION	radwell.com	HTTPS://WWW.RADWELL.COM/BUY/EATON%20CORPORATION/BUSSMANN%20FUSETRON/FRN-45
BUSSMANNFUSETRON	EATONCORPORATION	radwell.com	HTTPS://WWW.RADWELL.COM/BUY/EATON%20CORPORATION/BUSSMANN%20FUSETRON/FRN-80
BVN	GENERIC	radwell.com	HTTPS://WWW.RADWELL.COM/EN-US/BUY/GENERIC/GENERIC/BVN-10/
BYSAMEYEE	BYSAMEYEE	radwell.com	HTTPS://WWW.RADWELL.COM/BUY/BYSAMEYEE/BYSAMEYEE/MICROSCOPE-1000X
BZE	HONEYWELL	radwell.com	HTTPS://WWW.RADWELL.COM/BUY/HONEYWELL/MICROSWITCH/BZE-RQ/
C2425	HONEYWELL	radwell.com	HTTPS://WWW.RADWELL.COM/EN-US/BUY/HONEYWELL/INTERMEC/TM-C2425
C42	RELE	radwell.com	HTTPS://WWW.RADWELL.COM/BUY/RELE/RELE/C42
C4L	PARKER	radwell.com	HTTPS://WWW.RADWELL.COM/BUY/PARKER/PARKER/4V-C4L-25-SS?REDIRECT=TRUE
C4L	PARKER	radwell.com	HTTPS://WWW.RADWELL.COM/BUY/PARKER/PARKER/4M4F-C4L-5-BN-SS
C4P	SICK	radwell.com	HTTPS://WWW.RADWELL.COM/BUY/SICK/SICK/C4P-EA06031C00
C4P	SICK	radwell.com	HTTPS://WWW.RADWELL.COM/BUY/SICK/SICK/C4P-SA15031A00
CAB1	SIEMENS	radwell.com	HTTPS://WWW.RADWELL.COM/BUY/SIEMENS/PYROTRONICS/CAB1
CAB1	EATONCORPORATION	radwell.com	HTTPS://WWW.RADWELL.COM/BUY/EATON%20CORPORATION/CUTLER%20HAMMER/EU4A-RJ45-USB-CAB1
CAIINTERMATIC	INTERMATIC	radwell.com	HTTPS://WWW.RADWELL.COM/BUY/INTERMATIC/INTERMATIC/C8865?REDIRECT=TRUE
CAIINTERMATIC	INTERMATIC	radwell.com	HTTPS://WWW.RADWELL.COM/BUY/INTERMATIC/INTERMATIC/HB114C
CAL7	ASEABROWNBOVERI	radwell.com	HTTPS://WWW.RADWELL.COM/BUY/ASEA%20BROWN%20BOVERI/ASEA%20BROWN%20BOVERI/CAL7-11
CALCO	CALCOMOTORS	radwell.com	HTTPS://WWW.RADWELL.COM/BUY/CALCO%20MOTORS/CALCO%20MOTORS/KL-1
CALEFFI	CALEFFI	radwell.com	HTTPS://WWW.RADWELL.COM/BUY/CALEFFI/CALEFFI/626600A
CALEFFI	CALEFFI	radwell.com	HTTPS://WWW.RADWELL.COM/BUY/CALEFFI/CALEFFI/535004
CALEFFI	CALEFFI	radwell.com	HTTPS://WWW.RADWELL.COM/BUY/CALEFFI/CALEFFI/521509A
CANARELS	CANARE	radwell.com	HTTPS://WWW.RADWELL.COM/BUY/CANARE/CANARE/BCJ-XJ-TRB
CANTEX	CANTEX	radwell.com	HTTPS://WWW.RADWELL.COM/BUY/CANTEX%20INC/CANTEX%20INC/5133714
CARELDER	CAREL	radwell.com	HTTPS://WWW.RADWELL.COM/BUY/CAREL/CAREL/PCO2
CARELDER	CAREL	radwell.com	HTTPS://WWW.RADWELL.COM/BUY/CAREL/CAREL/98C615P005
CARLOGAVAZZI	CARLOGAVAZZI	radwell.com	HTTPS://WWW.RADWELL.COM/BUY/CARLO%20GAVAZZI/CARLO%20GAVAZZI/PL22SBZK24
CARLOGAVAZZI	CARLOGAVAZZI	radwell.com	HTTPS://WWW.RADWELL.COM/BUY/CARLO%20GAVAZZI/CARLO%20GAVAZZI/RSBS2332A2V23C10HP
CARLOGAVAZZI	CARLOGAVAZZI	radwell.com	HTTPS://WWW.RADWELL.COM/BUY/CARLO%20GAVAZZI/CARLO%20GAVAZZI/CL3
CARLOGAVAZZI	CARLOGAVAZZI	radwell.com	HTTPS://WWW.RADWELL.COM/BUY/CARLO%20GAVAZZI/CARLO%20GAVAZZI/ZMI4NA
CARRLANE	CARRLANE	radwell.com	HTTPS://WWW.RADWELL.COM/BUY/CARR%20LANE/CARR%20LANE/CL-2-RH
CASIL	CASIL	radwell.com	HTTPS://WWW.RADWELL.COM/BUY/CASIL/CASIL/CA1270
CC32	BACO	radwell.com	HTTPS://WWW.RADWELL.COM/EN-US/BUY/BACO/BACO/CC32-1103-A8
CC35	IMO	radwell.com	HTTPS://WWW.RADWELL.COM/BUY/IMO/IMO/CC35-DIV-10
CC35	IMO	radwell.com	HTTPS://WWW.RADWELL.COM/EN-US/BUY/IMO/IMO/CC35-DIV-10
CCGGAD	WATLOW	radwell.com	HTTPS://WWW.RADWELL.COM/BUY/WATLOW/WATLOW/996D-11CC-CCGG
CCTY	CCTYBEARING	radwell.com	HTTPS://WWW.RADWELL.COM/BUY/CCTY%20BEARING/CCTY%20BEARING/6209-Z
CELLMAX	CELLCO	radwell.com	HTTPS://WWW.RADWELL.COM/EN-US/BUY/CELLCO/CELLCO/CELLMAX-QUAD/
CENTRALITE	CENTRALITE	radwell.com	HTTPS://WWW.RADWELL.COM/BUY/CENTRALITE/CENTRALITE/3310-G
CETIS	CETIS	radwell.com	HTTPS://WWW.RADWELL.COM/EN-US/BUY/CETIS/CETIS/AEGIS-2554W/
CH015GXL	GEIELECTRONICS	radwell.com	HTTPS://WWW.RADWELL.COM/EN-US/BUY/GEI%20ELECTRONICS/GEI%20ELECTRONICS/GP2-015-CH12D-G01
CHEMENCE	CHEMENCE	radwell.com	HTTPS://WWW.RADWELL.COM/EN-US/BUY/CHEMENCE/KRYLEX/KT702,%2010ML/
CHENYING	CHENYING	radwell.com	HTTPS://WWW.RADWELL.COM/BUY/CHEN%20YING/CHEN%20YING/CESD-2L-180-110V
CHROMALOX	CHROMALOX	radwell.com	HTTPS://WWW.RADWELL.COM/BUY/CHROMALOX/CHROMALOX/322632
CHROMALOX	CHROMALOX	radwell.com	HTTPS://WWW.RADWELL.COM/BUY/CHROMALOX/CHROMALOX/216282
CHROMALOX	CHROMALOX	radwell.com	HTTPS://WWW.RADWELL.COM/BUY/CHROMALOX/CHROMALOX/CHPES-72A-240V
CHTBU7	CUTLERHAMMER	radwell.com	HTTPS://WWW.RADWELL.COM/BUY/CUTLER+HAMMER/CH7BBS
CIMONLE	CIMON	radwell.com	HTTPS://WWW.RADWELL.COM/BUY/CIMON,%20INC./CIMON,%20INC./CM1-SPC
CIMONLE	CIMON	radwell.com	HTTPS://WWW.RADWELL.COM/BUY/CIMON,%20INC./CIMON,%20INC./CM1-CP3U
CIMONLE	CIMON	radwell.com	HTTPS://WWW.RADWELL.COM/EN-US/BUY/CIMON,%20INC./CIMON,%20INC./CM-INT415-A/
CINCINNATIFAN	CINCINNATIFAN	radwell.com	HTTPS://WWW.RADWELL.COM/BUY/CINCINNATI%20FAN/CINCINNATI%20FAN/PB-12A
CKBT	NVENT	radwell.com	HTTPS://WWW.RADWELL.COM/EN-US/BUY/NVENT/HOFFMAN%20ENCLOSURES/CKBT
CKK	AMETEK	radwell.com	HTTPS://WWW.RADWELL.COM/BUY/AMETEK/NATIONAL%20CONTROLS/CKK-10-461
CLEVELANDCONTROLS	UNICONTROL	radwell.com	HTTPS://WWW.RADWELL.COM/BUY/UNICONTROL%20INC/CLEVELAND%20CONTROLS/NS2-0111-00
CLIMATEMASTER	CLIMATEMASTER	radwell.com	HTTPS://WWW.RADWELL.COM/BUY/CLIMATEMASTER/CLIMATEMASTER/ASW018STC
CLIPPARD	CLIPPARD	radwell.com	HTTPS://WWW.RADWELL.COM/BUY/CLIPPARD/CLIPPARD/VA-03
CLIPPARD	CLIPPARD	radwell.com	HTTPS://WWW.RADWELL.COM/BUY/CLIPPARD/CLIPPARD/SM-6
CLIPPARD	CLIPPARD	radwell.com	HTTPS://WWW.RADWELL.COM/BUY/CLIPPARD/CLIPPARD/R-301
CLIPPARD	CLIPPARD	radwell.com	HTTPS://WWW.RADWELL.COM/BUY/CLIPPARD/CLIPPARD/SMAV-3?REDIRECT=TRUE
CLIPPARD	CLIPPARD	radwell.com	HTTPS://WWW.RADWELL.COM/BUY/CLIPPARD/CLIPPARD/R-315
CLIPPARD	CLIPPARD	radwell.com	HTTPS://WWW.RADWELL.COM/BUY/CLIPPARD/CLIPPARD/SSR-12-1-M
CLIPPARD	CLIPPARD	radwell.com	HTTPS://WWW.RADWELL.COM/BUY/CLIPPARD/CLIPPARD/ET-2-12
CLIPPARD	CLIPPARD	radwell.com	HTTPS://WWW.RADWELL.COM/BUY/CLIPPARD/CLIPPARD/ET-2M-12
CLIPPARD	CLIPPARD	radwell.com	HTTPS://WWW.RADWELL.COM/BUY/CLIPPARD/CLIPPARD/MTV-2
CLIPPARD	CLIPPARD	radwell.com	HTTPS://WWW.RADWELL.COM/BUY/CLIPPARD/CLIPPARD/11752-1
CLIPPARD	CLIPPARD	radwell.com	HTTPS://WWW.RADWELL.COM/BUY/CLIPPARD/CLIPPARD/CR-EVO-3M-24-H
CLIPPARD	CLIPPARD	radwell.com	HTTPS://WWW.RADWELL.COM/BUY/CLIPPARD/CLIPPARD/7D-3
CLIPPARD	CLIPPARD	radwell.com	HTTPS://WWW.RADWELL.COM/BUY/CLIPPARD/CLIPPARD/MA-EW-2M-12
CMMT	FESTO	radwell.com	HTTPS://WWW.RADWELL.COM/BUY/FESTO/FESTO/CMMT-ST-C8-1C-PN-S0
CMMT	FESTO	radwell.com	HTTPS://WWW.RADWELL.COM/BUY/FESTO/FESTO/CMMT-AS-C7-11A-P3-MP-S1
CMSH	FESTO	radwell.com	HTTPS://WWW.RADWELL.COM/BUY/FESTO/FESTO/CMSH-S-VDE1-S-A-AL-G14-C1M20-HA/
CMSH	FESTO	radwell.com	HTTPS://WWW.RADWELL.COM/BUY/FESTO/FESTO/CMSH-S-VDE1-S-A-AL-N14-C1N12-HA
CMSH	FESTO	radwell.com	HTTPS://WWW.RADWELL.COM/BUY/FESTO/FESTO/CMSH-S-V-SD-AL-C1N12-HA
CMSH	FESTO	radwell.com	HTTPS://WWW.RADWELL.COM/EN-US/BUY/FESTO/FESTO/CMSH-SE-VDE1-D-A-AL-G14-C1M20-HA
CNMUDONSI	HITACHI	radwell.com	HTTPS://WWW.RADWELL.COM/EN-US/BUY/HITACHI/HITACHI/CNM-01/
CNMUDONSI	SUMITOMO	radwell.com	HTTPS://WWW.RADWELL.COM/EN-US/BUY/SUMITOMO/SUMITOMO/CNVJS-6125Y-35
COILHOSE	COILHOSEPNEUMATICS	radwell.com	HTTPS://WWW.RADWELL.COM/BUY/COILHOSE%20PNEUMATICS/COILHOSE%20PNEUMATICS/8800-160?REDIRECT=TRUE
COMAR	COMARCONDENSATORI	radwell.com	HTTPS://WWW.RADWELL.COM/BUY/COMAR%20CONDENSATORI/COMAR%20CONDENSATORI/MKA-10-450
COMARELECTRIC	COMARELECTRIC	radwell.com	HTTPS://WWW.RADWELL.COM/EN-US/BUY/COMAR%20ELECTRIC/COMAR%20ELECTRIC/C-11076-1/
COMARELECTRIC	COMARELECTRIC	radwell.com	HTTPS://WWW.RADWELL.COM/BUY/COMAR%20ELECTRIC/COMAR%20ELECTRIC/CRL-I904A-201
COMARELECTRIC	COMARELECTRIC	radwell.com	HTTPS://WWW.RADWELL.COM/BUY/COMAR%20ELECTRIC/COMAR%20ELECTRIC/C-11076-1-105-DIV-125
COMAX	COMAX	radwell.com	HTTPS://WWW.RADWELL.COM/BUY/COMAX/COMAX/AWM2678
COMPONENTSPECIALTIES	COMPONENTSPECIALTIES	radwell.com	HTTPS://WWW.RADWELL.COM/BUY/COMPONENT%20SPECIALTIES/COMPONENT%20SPECIALTIES/FDC37C669QFP
COMPULOCKS	COMPULOCKS	radwell.com	HTTPS://WWW.RADWELL.COM/BUY/COMPULOCKS/COMPULOCKS/827W
CONNECTICUTELECTRICVIEWPAK	CONNECTICUTELECTRIC	radwell.com	HTTPS://WWW.RADWELL.COM/BUY/CONNECTICUT%20ELECTRIC/CONNECTICUT%20ELECTRIC/EGSPI30
COOLGEAR	COOLGEAR	radwell.com	HTTPS://WWW.RADWELL.COM/BUY/COOLGEAR/COOLGEAR/USBG-12U2ML
CORINEX	CORINEX	radwell.com	HTTPS://WWW.RADWELL.COM/BUY/CORINEX/CORINEX/CXZ-CXC-PH5
CORINEX	CORINEX	radwell.com	HTTPS://WWW.RADWELL.COM/BUY/CORINEX/CORINEX/CXP-HDA-GWYC
CORMAN	CORMANTECHNOLOGIES	radwell.com	HTTPS://WWW.RADWELL.COM/BUY/CORMAN%20TECHNOLOGIES/CORMAN%20TECHNOLOGIES/CT-N108
CORMAN	CORMANTECHNOLOGIES	radwell.com	HTTPS://WWW.RADWELL.COM/BUY/CORMAN%20TECHNOLOGIES/CORMAN%20TECHNOLOGIES/CT-N806
COSTECH	COSTECH	radwell.com	HTTPS://WWW.RADWELL.COM/BUY/COSTECH/COSTECH/C22S23HKBD00
COSTECH	COSTECH	radwell.com	HTTPS://WWW.RADWELL.COM/BUY/COSTECH/COSTECH/A12R23HWB
CR1029006	CODE	radwell.com	HTTPS://WWW.RADWELL.COM/EN-US/BUY/CODE/CR1021C507
CRETVIS	CREVIS	radwell.com	HTTPS://WWW.RADWELL.COM/BUY/CREVIS/CREVIS/ST-3218
CRETVIS	CREVIS	radwell.com	HTTPS://WWW.RADWELL.COM/BUY/CREVIS/CREVIS/ST-2328
CRETVIS	CREVIS	radwell.com	HTTPS://WWW.RADWELL.COM/BUY/CREVIS/CREVIS/ST-5422
CRETVIS	CREVIS	radwell.com	HTTPS://WWW.RADWELL.COM/BUY/CREVIS/CREVIS/ST-1218
CRETVIS	CREVIS	radwell.com	HTTPS://WWW.RADWELL.COM/EN-US/BUY/CREVIS/CREVIS/ST-4522/
CS4TRSTTXL	TURCK	radwell.com	HTTPS://WWW.RADWELL.COM/BUY/TURCK/TURCK/RKC4.4T-3-RSC4.4T-DIV-TXL
CS4TRSTTXL	TURCK	radwell.com	HTTPS://WWW.RADWELL.COM/BUY/TURCK/TURCK/WSC4.4T-2-DIV-TXL
CTSC	SIEMENS	radwell.com	HTTPS://WWW.RADWELL.COM/BUY/SIEMENS/SIEMENS/PDS-CTSC-083
CTSC	SIEMENS	radwell.com	HTTPS://WWW.RADWELL.COM/EN-US/BUY/SIEMENS/SIEMENS/PDS-CTSC-062/
CTT	CONTRELELETTRONICA	radwell.com	HTTPS://WWW.RADWELL.COM/BUY/CONTREL%20ELETTRONICA/CONTREL%20ELETTRONICA/CTT-8
CUTLER	EATONCORPORATION	radwell.com	HTTPS://WWW.RADWELL.COM/BUY/EATON%20CORPORATION/CUTLER%20HAMMER/10250ED1080?REDIRECT=TRUE
CWT	CWT	radwell.com	HTTPS://WWW.RADWELL.COM/BUY/CWT/CWT/CWT-50T/
CXD	FRANKLINELECTRIC	radwell.com	HTTPS://WWW.RADWELL.COM/BUY/FRANKLIN%20ELECTRIC/CERUS/CXD-018A-4V
CXFDDV	DANFOSS	radwell.com	HTTPS://WWW.RADWELL.COM/EN-US/BUY/DANFOSS/VACON/CX-DIV-CXL-DIV-CXS-PANEL/
CXT8	TAKENAKALTD	radwell.com	HTTPS://WWW.RADWELL.COM/EN-US/BUY/TAKENAKA%20LTD/TAKEX/CXT8?REDIRECT=TRUE
CXT8	TAKENAKALTD	radwell.com	HTTPS://WWW.RADWELL.COM/EN-US/BUY/TAKENAKA%20LTD/TAKEX/CXT8
CXT8	TAKENAKALTD	radwell.com	HTTPS://WWW.RADWELL.COM/EN-US/BUY/TAKENAKA%20LTD/TAKEX/CXT8-J/
CXX	NEUTRIK	radwell.com	HTTPS://WWW.RADWELL.COM/BUY/NEUTRIK/NEUTRIK/CXX-15/
CZH	CZHLABS	radwell.com	HTTPS://WWW.RADWELL.COM/BUY/CZH-LABS/CZH-LABS/D-1021
CZH	CZHLABS	radwell.com	HTTPS://WWW.RADWELL.COM/BUY/CZH-LABS/CZH-LABS/D-1022A
CZH	CZHLABS	radwell.com	HTTPS://WWW.RADWELL.COM/EN-US/BUY/CZH-LABS/CZH-LABS/D-1022A/
D26	SCHAEFFLERGROUP	radwell.com	HTTPS://WWW.RADWELL.COM/BUY/SCHAEFFLER%20GROUP/INA/D26
DAITOW	DAITO	radwell.com	HTTPS://WWW.RADWELL.COM/EN-US/BUY/DAITO/DAITO/SDP10
DAITOW	DAITO	radwell.com	HTTPS://WWW.RADWELL.COM/BUY/DAITO/DAITO/LM-04
DAITOW	DAITO	radwell.com	HTTPS://WWW.RADWELL.COM/EN-US/BUY/DAITO/DAITO/P435L
DAITOW	DAITO	radwell.com	HTTPS://WWW.RADWELL.COM/BUY/DAITO/DAITO/LM32
DAITOW	DAITO	radwell.com	HTTPS://WWW.RADWELL.COM/BUY/DAITO/DAITO/UP300
DANCOCORP	DANCOCORP	radwell.com	HTTPS://WWW.RADWELL.COM/BUY/DANCO%20CORP/DANCO%20CORP/35722B
DANCOCORP	DANCOCORP	radwell.com	HTTPS://WWW.RADWELL.COM/BUY/DANCO%20CORP/DANCO%20CORP/6S-1H-DIV-C/
DANFOSS	DANFOSS	radwell.com	HTTPS://WWW.RADWELL.COM/BUY/DANFOSS/DANFOSS/2657104
DANFOSS	DANFOSS	radwell.com	HTTPS://WWW.RADWELL.COM/BUY/DANFOSS/DANFOSS/080Z0007
DANTONA	DANTONA	radwell.com	HTTPS://WWW.RADWELL.COM/BUY/DANTONA/DANTONA/BR2032-1HF
DANTONA	DANTONA	radwell.com	HTTPS://WWW.RADWELL.COM/BUY/DANTONA/DANTONA/COMP-88A/
DARRAH	DARRAHELECTRIC	radwell.com	HTTPS://WWW.RADWELL.COM/BUY/DARRAH%20ELECTRIC/DARRAH%20ELECTRIC/E20100
DATCON	DATCONINSTRUMENTCOMPANY	radwell.com	HTTPS://WWW.RADWELL.COM/BUY/DATCON%20INSTRUMENT%20COMPANY/DATCON%20INSTRUMENT%20COMPANY/102033
DATCON	DATCONINSTRUMENTCOMPANY	radwell.com	HTTPS://WWW.RADWELL.COM/EN-US/BUY/DATCON%20INSTRUMENT%20COMPANY/DATCON%20INSTRUMENT%20COMPANY/102227/
DAYGREEN	SHENZHENDAYGREEN	radwell.com	HTTPS://WWW.RADWELL.COM/BUY/SHENZHEN%20DAYGREEN/SHENZHEN%20DAYGREEN/H30-12-24
DAYTEK	DAYTEK	radwell.com	HTTPS://WWW.RADWELL.COM/BUY/DAYTEK/DAYTEK/DAVI-1510G
DBRTECH	DISTECH	radwell.com	HTTPS://WWW.RADWELL.COM/BUY/DISTECH/DISTECH/ECX-400
DBRTECH	DISTECH	radwell.com	HTTPS://WWW.RADWELL.COM/BUY/DISTECH/DISTECH/ECY-16DI
DBRTECH	DISTECH	radwell.com	HTTPS://WWW.RADWELL.COM/BUY/DISTECH/DISTECH/ECY-PS24
DBRTECH	DISTECH	radwell.com	HTTPS://WWW.RADWELL.COM/EN-US/BUY/DISTECH/DISTECH/EC-SENSOR-SO/
DBRTECH	DISTECH	radwell.com	HTTPS://WWW.RADWELL.COM/BUY/DISTECH/DISTECH/TS-D2X012
DBRTECH	DISTECH	radwell.com	HTTPS://WWW.RADWELL.COM/BUY/DISTECH/DISTECH/ECY-S1000
DBRTECH	DISTECH	radwell.com	HTTPS://WWW.RADWELL.COM/BUY/DISTECH/DISTECH/ECB-400
DBRTECH	DISTECH	radwell.com	HTTPS://WWW.RADWELL.COM/BUY/DISTECH/DISTECH/EC-DISPLAY
DBRTECH	DISTECH	radwell.com	HTTPS://WWW.RADWELL.COM/BUY/DISTECH/DISTECH/CDIB-253X-00
DBRTECH	DISTECH	radwell.com	HTTPS://WWW.RADWELL.COM/BUY/DISTECH/DISTECH/ECY-VAV
DBRTECH	DISTECH	radwell.com	HTTPS://WWW.RADWELL.COM/BUY/DISTECH/DISTECH/ECC-VAV
DCV	PEPPERLANDFUCHS	radwell.com	HTTPS://WWW.RADWELL.COM/BUY/PEPPERL%20-AND-%20FUCHS/PEPPERL%20-AND-%20FUCHS/KFDX-DCV
DDAD	MACVALVES	radwell.com	HTTPS://WWW.RADWELL.COM/EN-US/BUY/MAC%20VALVES%20INC/MAC%20VALVES%20INC/45A-LRD-DDAD-10A/
DEKKO	DEKKOENGINEERING	radwell.com	HTTPS://WWW.RADWELL.COM/BUY/DEKKO%20ENGINEERING/DEKKO%20ENGINEERING/305000
DELPHICONNECTIONSYSTEMS	DELPHICONNECTIONSYSTEMS	radwell.com	HTTPS://WWW.RADWELL.COM/BUY/DELPHI%20CONNECTION%20SYSTEMS/DELPHI%20CONNECTION%20SYSTEMS/12124582
DELTATRAK	DELTATRAK	radwell.com	HTTPS://WWW.RADWELL.COM/BUY/DELTATRAK/DELTATRAK/11081
DELTATRAK	DELTATRAK	radwell.com	HTTPS://WWW.RADWELL.COM/BUY/DELTATRAK/DELTATRAK/40527
DELTATRAK	DELTATRAK	radwell.com	HTTPS://WWW.RADWELL.COM/BUY/DELTATRAK/DELTATRAK/11063
DELTATRAK	DELTATRAK	radwell.com	HTTPS://WWW.RADWELL.COM/BUY/DELTATRAK/DELTATRAK/11089
DELTATRAK	DELTATRAK	radwell.com	HTTPS://WWW.RADWELL.COM/BUY/DELTATRAK/DELTATRAK/20711
DELTROL	DELTROLCORP	radwell.com	HTTPS://WWW.RADWELL.COM/BUY/DELTROL%20CORP/DELTROL%20CORP/23477-70
DELTROL	DELTROLCORP	radwell.com	HTTPS://WWW.RADWELL.COM/BUY/DELTROL%20CORP/DELTROL%20CORP/265L-SPST-NC-S155D
DELTROL	DELTROLCORP	radwell.com	HTTPS://WWW.RADWELL.COM/BUY/DELTROL%20CORP/DELTROL%20CORP/23537-70
DELTROL	DELTROLCORP	radwell.com	HTTPS://WWW.RADWELL.COM/BUY/DELTROL%20CORP/DELTROL%20CONTROLS/53688-94
DELTROL	DELTROLCORP	radwell.com	HTTPS://WWW.RADWELL.COM/BUY/DELTROL%20CORP/DELTROL%20FLUID%20PRODUCTS/10000-90
DELTROL	DELTROLCORP	radwell.com	HTTPS://WWW.RADWELL.COM/BUY/DELTROL%20CORP/DELTROL%20CORP/10000-00
DELTROLCONTROLS	DELTROLCORP	radwell.com	HTTPS://WWW.RADWELL.COM/BUY/DELTROL%20CORP/DELTROL%20CONTROLS/267TM-SPDT
DELTROLCONTROLS	DELTROLCORP	radwell.com	HTTPS://WWW.RADWELL.COM/BUY/DELTROL%20CORP/DELTROL%20CONTROLS/20000-83
DELTROLCONTROLS	DELTROLCORP	radwell.com	HTTPS://WWW.RADWELL.COM/BUY/DELTROL%20CORP/DELTROL%20CONTROLS/375TM-3PST-NO-30A-24VDC
DELTROLCONTROLS	DELTROLCORP	radwell.com	HTTPS://WWW.RADWELL.COM/BUY/DELTROL%20CORP/DELTROL%20CONTROLS/10000-04
DEMATIC	DEMATIC	radwell.com	HTTPS://WWW.RADWELL.COM/EN-US/BUY/DEMATIC/DEMATIC/F0038-00168
DEMATIC	DEMATIC	radwell.com	HTTPS://WWW.RADWELL.COM/BUY/DEMATIC/DEMATIC/K0419-07AAA
DENSITRON	DENSITRON	radwell.com	HTTPS://WWW.RADWELL.COM/BUY/DENSITRON/DENSITRON/DD-160128FC-1A
DESCO	DESCO	radwell.com	HTTPS://WWW.RADWELL.COM/BUY/DESCO/DESCO/09816
DESTACO	DESTACO	radwell.com	HTTPS://WWW.RADWELL.COM/BUY/DESTACO/DESTACO/DE-STA-CO%20474
DEVCON	DEVCON	radwell.com	HTTPS://WWW.RADWELL.COM/BUY/DEVCON/DEVCON/10610
DGEA	FESTOELECTRIC	radwell.com	HTTPS://WWW.RADWELL.COM/EN-US/BUY/FESTO ELECTRIC/FESTO ELECTRIC/DGEA-18-800-ZR-GVLZUB-SL2W?REDIRECT=TRUE
DGEA	FESTOELECTRIC	radwell.com	HTTPS://WWW.RADWELL.COM/EN-US/BUY/FESTO ELECTRIC/FESTO ELECTRIC/DGEA-18-100-ZR-WB
DGSL	FESTO	radwell.com	HTTPS://WWW.RADWELL.COM/BUY/FESTO/FESTO/DGSL-20-30-Y3A
DGSL	FESTO	radwell.com	HTTPS://WWW.RADWELL.COM/BUY/FESTO/FESTO/DGSL-10-50-Y3A
DGSL	FESTO	radwell.com	HTTPS://WWW.RADWELL.COM/BUY/FESTO/FESTO/DGSL-25-50-P1A
DIABLOTEK	DIABLOTEK	radwell.com	HTTPS://WWW.RADWELL.COM/BUY/DIABLOTEK/DIABLOTEK/PHD380M
DICKSON	DICKSON	radwell.com	HTTPS://WWW.RADWELL.COM/BUY/DICKSON/DICKSON/TH8-7F
DIGITALPERIPHERALSOLUTIONS	DIGITALPERIPHERALSOLUTIONS	radwell.com	HTTPS://WWW.RADWELL.COM/BUY/DIGITAL%20PERIPHERAL%20SOLUTIONS/DIGITAL%20PERIPHERAL%20SOLUTIONS/QSDR16RTCB
DIGITUS	DIGITUS	radwell.com	HTTPS://WWW.RADWELL.COM/EN-US/BUY/DIGITUS/DIGITUS/DK-1644-A-005-DIV-B/
DIKOO	DIKOO	radwell.com	HTTPS://WWW.RADWELL.COM/BUY/DIKOO/DIKOO/YDHDZ-200W?REDIRECT=TRUE
DINGTUO	DINGTUOTECHNOLOGY	radwell.com	HTTPS://WWW.RADWELL.COM/EN-US/BUY/DINGTUO%20TECHNOLOGY/DINGTUO%20TECHNOLOGY/DBLS-01/
DINGTUOAO	DINGTUOTECHNOLOGY	radwell.com	HTTPS://WWW.RADWELL.COM/EN-US/BUY/DINGTUO%20TECHNOLOGY/DINGTUO%20TECHNOLOGY/DBLS-01/
DINKLE	DINKLE	radwell.com	HTTPS://WWW.RADWELL.COM/BUY/DINKLE/DINKLE/5ESD-07P
DINKLE	DINKLE	radwell.com	HTTPS://WWW.RADWELL.COM/BUY/DINKLE/DINKLE/PS-01303
DITEK	DITEK	radwell.com	HTTPS://WWW.RADWELL.COM/BUY/DITEK/DITEK/DTK-PVPIP
DITEK	DITEK	radwell.com	HTTPS://WWW.RADWELL.COM/BUY/DITEK/DITEK/DTK-120S20A
DKE	ATOS	radwell.com	HTTPS://WWW.RADWELL.COM/EN-US/BUY/ATOS/ATOS/DKE-1713-X%2024DC
DNC	FESTO	radwell.com	HTTPS://WWW.RADWELL.COM/BUY/FESTO/FESTO/DNC-63-450-PPV-A
DNXTECH	DISTECH	radwell.com	HTTPS://WWW.RADWELL.COM/BUY/DISTECH/DISTECH/PDITE-SENSORSX0
DNXTECH	DISTECH	radwell.com	HTTPS://WWW.RADWELL.COM/BUY/DISTECH/DISTECH/PDITE-SENSORSOX0
DNXTECH	DISTECH	radwell.com	HTTPS://WWW.RADWELL.COM/BUY/DISTECH/DISTECH/ECC-PFCU-AW
DNXTECH	DISTECH	radwell.com	HTTPS://WWW.RADWELL.COM/EN-US/BUY/DISTECH/DISTECH/PDITE-SENSORX0/
DNXTECH	DISTECH	radwell.com	HTTPS://WWW.RADWELL.COM/BUY/DISTECH/DISTECH/ECY-PS24
DNXTECH	DISTECH	radwell.com	HTTPS://WWW.RADWELL.COM/BUY/DISTECH/DISTECH/EC-NPB-PWR-UN
DNXTECH	DISTECH	radwell.com	HTTPS://WWW.RADWELL.COM/BUY/DISTECH/DISTECH/ECX-400
DNXTECH	DISTECH	radwell.com	HTTPS://WWW.RADWELL.COM/BUY/DISTECH/DISTECH/ECY-S1000
DNXTECH	DISTECH	radwell.com	HTTPS://WWW.RADWELL.COM/BUY/DISTECH/DISTECH/EC-SENSOR-SO
DNXTECH	DISTECH	radwell.com	HTTPS://WWW.RADWELL.COM/BUY/DISTECH/DISTECH/ECB-400
DNXTECH	DISTECH	radwell.com	HTTPS://WWW.RADWELL.COM/BUY/DISTECH/DISTECH/TS-D2X012
DNXTECH	DISTECH	radwell.com	HTTPS://WWW.RADWELL.COM/BUY/DISTECH/DISTECH/CDIB-253X-00
DNXTECH	DISTECH	radwell.com	HTTPS://WWW.RADWELL.COM/BUY/DISTECH/DISTECH/ECC-VAV
DONGGUANLEWE	DONGGUANLEWEELECTRONICSCO	radwell.com	HTTPS://WWW.RADWELL.COM/BUY/DONGGUAN%20LEWE%20ELECTRONICS%20CO/DONGGUAN%20LEWE%20ELECTRONICS%20CO/D620
DORRIS	DORRIS	radwell.com	HTTPS://WWW.RADWELL.COM/BUY/DORRIS/DORRIS/9040/
DOWCORNING	DOWCORNING	radwell.com	HTTPS://WWW.RADWELL.COM/BUY/DOW%20CORNING/DOW%20CORNING/9161,%205KG
DPL	SIEMENS	radwell.com	HTTPS://WWW.RADWELL.COM/BUY/SIEMENS/MILLTRONICS/AIRANGER-DPL-PLUS
DR34116	DIABLOTOOLS	radwell.com	HTTPS://WWW.RADWELL.COM/EN-US/BUY/DIABLO%20TOOLS/DIABLO%20TOOLS/DR34116
DRP60213081	TDK	radwell.com	HTTPS://WWW.RADWELL.COM/EN-US/BUY/TDK/LAMBDA/DRP60-1
DRQ	LIGHTSPEED	radwell.com	HTTPS://WWW.RADWELL.COM/BUY/LIGHTSPEED/LIGHTSPEED/SPK-DRQ
DSCBLNS	AUTOMATIONDIRECT	radwell.com	HTTPS://WWW.RADWELL.COM/BUY/AUTOMATION%20DIRECT/DIRECT%20LOGIC/D2-DSCBL-1
DSTECHO	DISTECH	radwell.com	HTTPS://WWW.RADWELL.COM/BUY/DISTECH/DISTECH/PDITE-SENSORSX0
DSTECHO	DISTECH	radwell.com	HTTPS://WWW.RADWELL.COM/BUY/DISTECH/DISTECH/PDITE-SENSORSOX0
DSTECHO	DISTECH	radwell.com	HTTPS://WWW.RADWELL.COM/BUY/DISTECH/DISTECH/ECC-PFCU-AW
DSTECHO	DISTECH	radwell.com	HTTPS://WWW.RADWELL.COM/EN-US/BUY/DISTECH/DISTECH/PDITE-SENSORX0/
DSTECHO	DISTECH	radwell.com	HTTPS://WWW.RADWELL.COM/BUY/DISTECH/DISTECH/ECY-PS24
DSTECHO	DISTECH	radwell.com	HTTPS://WWW.RADWELL.COM/BUY/DISTECH/DISTECH/EC-NPB-PWR-UN
DSTECHO	DISTECH	radwell.com	HTTPS://WWW.RADWELL.COM/BUY/DISTECH/DISTECH/ECX-400
DSTECHO	DISTECH	radwell.com	HTTPS://WWW.RADWELL.COM/BUY/DISTECH/DISTECH/ECY-S1000
DSTECHO	DISTECH	radwell.com	HTTPS://WWW.RADWELL.COM/BUY/DISTECH/DISTECH/EC-SENSOR-SO
DSTECHO	DISTECH	radwell.com	HTTPS://WWW.RADWELL.COM/BUY/DISTECH/DISTECH/ECB-400
DSTECHO	DISTECH	radwell.com	HTTPS://WWW.RADWELL.COM/BUY/DISTECH/DISTECH/TS-D2X012
DSTECHO	DISTECH	radwell.com	HTTPS://WWW.RADWELL.COM/BUY/DISTECH/DISTECH/CDIB-253X-00
DTBTECH	DISTECH	radwell.com	HTTPS://WWW.RADWELL.COM/BUY/DISTECH/DISTECH/ECX-400?REDIRECT=TRUE
DTBTECH	DISTECH	radwell.com	HTTPS://WWW.RADWELL.COM/BUY/DISTECH/DISTECH/ECY-16DI
DTBTECH	DISTECH	radwell.com	HTTPS://WWW.RADWELL.COM/BUY/DISTECH/DISTECH/ECY-PS24
DTBTECH	DISTECH	radwell.com	HTTPS://WWW.RADWELL.COM/EN-US/BUY/DISTECH/DISTECH/EC-SENSOR-SO/
DTBTECH	DISTECH	radwell.com	HTTPS://WWW.RADWELL.COM/BUY/DISTECH/DISTECH/TS-D2X012
DTBTECH	DISTECH	radwell.com	HTTPS://WWW.RADWELL.COM/BUY/DISTECH/DISTECH/ECY-S1000
DTBTECH	DISTECH	radwell.com	HTTPS://WWW.RADWELL.COM/BUY/DISTECH/DISTECH/ECB-350
DTBTECH	DISTECH	radwell.com	HTTPS://WWW.RADWELL.COM/BUY/DISTECH/DISTECH/ECB-600
DTBTECH	DISTECH	radwell.com	HTTPS://WWW.RADWELL.COM/BUY/DISTECH/DISTECH/ECB-400
DTBTECH	DISTECH	radwell.com	HTTPS://WWW.RADWELL.COM/BUY/DISTECH/DISTECH/EC-DISPLAY
DTBTECH	DISTECH	radwell.com	HTTPS://WWW.RADWELL.COM/BUY/DISTECH/DISTECH/CDIB-253X-00
DTBTECH	DISTECH	radwell.com	HTTPS://WWW.RADWELL.COM/BUY/DISTECH/DISTECH/ECC-VAV
DTBTECH	DISTECH	radwell.com	HTTPS://WWW.RADWELL.COM/BUY/DISTECH/DISTECH/ECY-VAV
DTGB	HUBBELL	radwell.com	HTTPS://WWW.RADWELL.COM/BUY/HUBBELL/ACME%20ELECTRIC/DTGB-051-45
DTK	DITEK	radwell.com	HTTPS://WWW.RADWELL.COM/BUY/DITEK/DITEK/DTK-DRK
DTLAKE	LAKESHORECRYOTRONICS	radwell.com	HTTPS://WWW.RADWELL.COM/EN-US/BUY/LAKE%20SHORE%20CRYOTRONICS%20INC/LAKE%20SHORE%20CRYOTRONICS%20INC/DT-470-DI-13/
DTO	ETEK	radwell.com	HTTPS://WWW.RADWELL.COM/BUY/ETEK/ETEK/DTO-163
DTQETKO	DITEK	radwell.com	HTTPS://WWW.RADWELL.COM/BUY/DITEK/DITEK/DTK-DRK
DUNGS	DUNGS	radwell.com	HTTPS://WWW.RADWELL.COM/BUY/DUNGS/DUNGS/269228
DUNGS	DUNGS	radwell.com	HTTPS://WWW.RADWELL.COM/BUY/DUNGS/DUNGS/267251
DURABLUE	NORDSON	radwell.com	HTTPS://WWW.RADWELL.COM/BUY/NORDSON/NORDSON/DURABLUE-4L
DURACHOICE	DURACHOICE	radwell.com	HTTPS://WWW.RADWELL.COM/BUY/DURACHOICE/DURACHOICE/VYSS1-050
DURACHOICE	DURACHOICE	radwell.com	HTTPS://WWW.RADWELL.COM/BUY/DURACHOICE/DURACHOICE/PB403L-200
DURACHOICE	DURACHOICE	radwell.com	HTTPS://WWW.RADWELL.COM/BUY/DURACHOICE/DURACHOICE/PB254L-K05
DURAFLO	DURAFLO	radwell.com	HTTPS://WWW.RADWELL.COM/BUY/DURAFLO/DURAFLO/646015
DVG	EFECTOR	radwell.com	HTTPS://WWW.RADWELL.COM/BUY/EFECTOR/IFM/PU-100-SEG14-V-DVG-DIV-DE-PU8702?REDIRECT=TRUE
DWYER	DWYER	radwell.com	HTTPS://WWW.RADWELL.COM/BUY/DWYER/DWYER/DM-002
DXAM	FSCABLES	radwell.com	HTTPS://WWW.RADWELL.COM/EN-US/BUY/FS%20CABLES/FS%20CABLES/SM-LCU-LCU-DXAM-FS-30M
DZK	DAIKININDUSTRIES	radwell.com	HTTPS://WWW.RADWELL.COM/BUY/DAIKIN%20INDUSTRIES/DAIKIN%20INDUSTRIES/DZK-MTS-2
E55L	SMC	radwell.com	HTTPS://WWW.RADWELL.COM/EN-US/BUY/SMC/SMC/NZX100-K35LOZ-E55L
E55L	MULLARDLTD	radwell.com	HTTPS://WWW.RADWELL.COM/BUY/MULLARD%20LTD/MULLARD%20LTD/E55L-DIV-8233
E55L	SMC	radwell.com	HTTPS://WWW.RADWELL.COM/BUY/SMC/SMC/ZM131HF-J5LZ-E55L-Q
E55L	SMC	radwell.com	HTTPS://WWW.RADWELL.COM/EN-US/BUY/SMC/SMC/ZM131ST-K5GZ-E55L
E55L	SMC	radwell.com	HTTPS://WWW.RADWELL.COM/EN-US/BUY/SMC/SMC/NZM131HT-K5LZ-E55L
E55L	SMC	radwell.com	HTTPS://WWW.RADWELL.COM/BUY/SMC/SMC/EZM131HF-K5LZ-E55L-Q
E65301	EMAX	radwell.com	HTTPS://WWW.RADWELL.COM/EN-US/BUY/E%20MAX/E%20MAX/632A301
EAGLEONE	BELDEN	radwell.com	HTTPS://WWW.RADWELL.COM/EN-US/BUY/BELDEN/HIRSCHMANN/EAGLEONE-0200T1T1SDDUY0000HHE05.3.
EASOM	EASOM	radwell.com	HTTPS://WWW.RADWELL.COM/EN-US/BUY/EASOM/EASOM/A-10-0104-01?REDIRECT=TRUE
EASTECH	EASTECH	radwell.com	HTTPS://WWW.RADWELL.COM/BUY/EASTECH/EASTECH/2210/
EASTECH	EASTECH	radwell.com	HTTPS://WWW.RADWELL.COM/BUY/EASTECH/EASTECH/VANTAGE-4400
EATONARROWHART	EATONCORPORATION	radwell.com	HTTPS://WWW.RADWELL.COM/BUY/EATON%20CORPORATION/ARROW%20HART/AHIG5262
EATONCORPCUTLERHAMMER	EATONCORPORATION	radwell.com	HTTPS://WWW.RADWELL.COM/BUY/EATON%20CORPORATION/CUTLER%20HAMMER/C25GNF290B
EBM	EBMPAPST	radwell.com	HTTPS://WWW.RADWELL.COM/EN-US/BUY/EBM%20PAPST/EBM%20PAPST/M2K042-CF41-15
EBM	EBMPAPST	radwell.com	HTTPS://WWW.RADWELL.COM/BUY/EBM%20PAPST/EBM%20PAPST/R3G630-AB06-03
EBM	EBMPAPST	radwell.com	HTTPS://WWW.RADWELL.COM/BUY/EBM%20PAPST/EBM/A2D250-AH14-09
EBM	EBMPAPST	radwell.com	HTTPS://WWW.RADWELL.COM/BUY/EBM%20PAPST/EBM%20PAPST/W2D160-EB22-22
EBMAFFINITY	EBMPAPST	radwell.com	HTTPS://WWW.RADWELL.COM/BUY/EBM%20PAPST/EBM%20PAPST/R4E280-AA09-20
ECCP	ELTIMECONTROLS	radwell.com	HTTPS://WWW.RADWELL.COM/BUY/ELTIME%20CONTROLS/ELTIME%20CONTROLS/ECCP-C5-E1-XA-F50?REDIRECT=TRUE
ECOMAT	ECOMAT	radwell.com	HTTPS://WWW.RADWELL.COM/EN-US/BUY/ECOMAT/ECOMAT/EVC006/
ECOMAT	ECOMAT	radwell.com	HTTPS://WWW.RADWELL.COM/BUY/ECOMAT/ECOMAT/E7004S
ECX	AUTOMATIONDIRECT	radwell.com	HTTPS://WWW.RADWELL.COM/BUY/AUTOMATION%20DIRECT/PLC%20DIRECT/ECX-1050
EDAL	EDALINDUSTRIES	radwell.com	HTTPS://WWW.RADWELL.COM/BUY/EDAL%20INDUSTRIES/EDAL%20INDUSTRIES/E4G3
EDAL	EDALINDUSTRIES	radwell.com	HTTPS://WWW.RADWELL.COM/BUY/EDAL%20INDUSTRIES/EDAL%20INDUSTRIES/AL-10-40/
EDCO	EDCOUSAVACUUMTECHNOLOGY	radwell.com	HTTPS://WWW.RADWELL.COM/BUY/EDCO%20USA%20VACUUM%20TECHNOLOGY/EDCO%20USA%20VACUUM%20TECHNOLOGY/DVP-200
EDLUNDDETECTO	EDLUND	radwell.com	HTTPS://WWW.RADWELL.COM/BUY/EDLUND/EDLUND/DS-10
EDOLA	FMX	radwell.com	HTTPS://WWW.RADWELL.COM/BUY/FMX/FMX/EDOLA-E04F-N4P-STSR
EEI1913EXPBEI	ALLENBRADLEY	radwell.com	HTTPS://WWW.RADWELL.COM/BUY/ALLEN%20BRADLEY/ALLEN%20BRADLEY/193-EA1EB
EEI3344WAL	SIEMENS	radwell.com	HTTPS://WWW.RADWELL.COM/EN-US/BUY/SIEMENS/FURNAS%20ELECTRIC%20CO/3RW3454-0DC34/
EEI3344WAL	SIEMENS	radwell.com	HTTPS://WWW.RADWELL.COM/EN-US/BUY/SIEMENS/FURNAS%20ELECTRIC%20CO/3SB3344-6AA60/
EEI3344WAL	SIEMENS	radwell.com	HTTPS://WWW.RADWELL.COM/EN-US/BUY/SIEMENS/FURNAS%20ELECTRIC%20CO/3RW3466-0DC44/
EFD	EFD	radwell.com	HTTPS://WWW.RADWELL.COM/BUY/EFD/EFD/7021410
EFD	EFD	radwell.com	HTTPS://WWW.RADWELL.COM/BUY/EFD/EFD/2015A
EFD	EFD	radwell.com	HTTPS://WWW.RADWELL.COM/BUY/EFD/EFD/5112PE-B
EFD	EFD	radwell.com	HTTPS://WWW.RADWELL.COM/BUY/EFD/EFD/2000XL/
EFDYN	EFDYN	radwell.com	HTTPS://WWW.RADWELL.COM/BUY/EFDYN/EFDYN/EFMA-10-20-1C
EFDYN	EFDYN	radwell.com	HTTPS://WWW.RADWELL.COM/BUY/EFDYN/EFDYN/RNSA-2X4-HCS-LM-99
EFDYN	EFDYN	radwell.com	HTTPS://WWW.RADWELL.COM/EN-US/BUY/EFDYN/EFDYN/ES-2-X-03-FA-88/
EFDYN	EFDYN	radwell.com	HTTPS://WWW.RADWELL.COM/BUY/EFDYN/EFDYN/ASB-7-DIV-8-3
EFDYN	EFDYN	radwell.com	HTTPS://WWW.RADWELL.COM/BUY/EFDYN/EFDYN/RCOS%201.5X5-BPS-98
EFDYN	EFDYN	radwell.com	HTTPS://WWW.RADWELL.COM/EN-US/BUY/EFDYN/EFDYN/EFM-20-50-2C/
EFDYN	EFDYN	radwell.com	HTTPS://WWW.RADWELL.COM/BUY/EFDYN/EFDYN/EFM10-20-6C/
EFDYN	EFDYN	radwell.com	HTTPS://WWW.RADWELL.COM/EN-US/BUY/EFDYN/EFDYN/EFM10-20-6C/
EFH	ELECTROFLEX	radwell.com	HTTPS://WWW.RADWELL.COM/EN-US/BUY/ELECTROFLEX/ELECTROFLEX/EFH-110-120/
EHH	EATONCORPORATION	radwell.com	HTTPS://WWW.RADWELL.COM/BUY/EATON%20CORPORATION/VICKERS/EHH-AMP-702-C-20
EHONBFLC	HITACHI	radwell.com	HTTPS://WWW.RADWELL.COM/BUY/HITACHI/HITACHI/EH-IOCH
EIKDOULF02	EIKO	radwell.com	HTTPS://WWW.RADWELL.COM/EN-US/BUY/EIKO/EIKO/LLH2E-DIV-200W-DIV-850-DIV-UD
EKE	BULBWORKS	radwell.com	HTTPS://WWW.RADWELL.COM/BUY/BULBWORKS/BULBWORKS/BW-EKE-21V150W
ELABO	ELABO	radwell.com	HTTPS://WWW.RADWELL.COM/BUY/ELABO/ELABO/91-3E.3Z801
ELCM	HONEYWELL	radwell.com	HTTPS://WWW.RADWELL.COM/EN-US/BUY/HONEYWELL/NOTIFIER%20CO/ELCM-PCA/
ELDON	ELDON	radwell.com	HTTPS://WWW.RADWELL.COM/BUY/ELDON/ELDON/STB203012
ELECTRIX	ELECTRIX	radwell.com	HTTPS://WWW.RADWELL.COM/BUY/ELECTRIX/ELECTRIX/1361
ELERO	ELERO	radwell.com	HTTPS://WWW.RADWELL.COM/BUY/ELERO/ELERO/JUNIOR-2
ELERO	ELERO	radwell.com	HTTPS://WWW.RADWELL.COM/BUY/ELERO/ELERO/JUNIOR%201S
ELERO	ELERO	radwell.com	HTTPS://WWW.RADWELL.COM/EN-US/BUY/ELERO/ELERO/ECONOM%2001/
ELERO	ELERO	radwell.com	HTTPS://WWW.RADWELL.COM/BUY/ELERO/ELERO/ECONOM%201
ELERO	ELERO	radwell.com	HTTPS://WWW.RADWELL.COM/EN-US/BUY/ELERO/ELERO/JUNIOR%20-1-200MM/
ELGA	ELGA	radwell.com	HTTPS://WWW.RADWELL.COM/BUY/ELGA/ELGA/CN200RDM1-115
ELMWOOD	ELMWOODSENSORS	radwell.com	HTTPS://WWW.RADWELL.COM/BUY/ELMWOOD%20SENSORS/ELMWOOD%20SENSORS/3455RC-100-245
ELNOR	ELNORMOTORS	radwell.com	HTTPS://WWW.RADWELL.COM/BUY/ELNOR%20MOTORS/ELNOR%20MOTORS/WM045892-0001/
ELVO	ELVO	radwell.com	HTTPS://WWW.RADWELL.COM/EN-US/BUY/ELVO/ELVO/0160101/
EMB	EMB	radwell.com	HTTPS://WWW.RADWELL.COM/BUY/EMB/EMB/ETU0.13-DIV-A1-DIV-0-DIV-08
EMB	EMB	radwell.com	HTTPS://WWW.RADWELL.COM/BUY/EMB/EMB/ETU0.13-DIV-A1-DIV-0-DIV-0S
EMERSONMANIFOLD	EMERSON	radwell.com	HTTPS://WWW.RADWELL.COM/BUY/EMERSON/FISHER%20ROSEMOUNT/0306RT12AA11/
EMERSONMANIFOLD	EMERSON	radwell.com	HTTPS://WWW.RADWELL.COM/BUY/EMERSON/FISHER%20ROSEMOUNT/0305RC22B11B4
EMERSONMANIFOLD	EMERSON	radwell.com	HTTPS://WWW.RADWELL.COM/BUY/EMERSON/FISHER%20ROSEMOUNT/0306RT22AA11
EMIINTERNATIONAL	ELCOMINTERNATIONAL	radwell.com	HTTPS://WWW.RADWELL.COM/BUY/ELCOM%20INTERNATIONAL/ELCOM%20INTERNATIONAL/EMI-40-X
EMUGE	EMUGE	radwell.com	HTTPS://WWW.RADWELL.COM/BUY/EMUGE/EMUGE/F3151G26.1.44
ENCON	ENCONINDUSTRIES	radwell.com	HTTPS://WWW.RADWELL.COM/BUY/ENCON%20INDUSTRIES%20INC/ENCON%20INDUSTRIES%20INC/01-0521-23
ENCON	ENCONINDUSTRIES	radwell.com	HTTPS://WWW.RADWELL.COM/BUY/ENCON%20INDUSTRIES%20INC/ENCON%20INDUSTRIES%20INC/06068004
ERVATOOLDIE	EVEREDETOOL	radwell.com	HTTPS://WWW.RADWELL.COM/EN-US/BUY/EVEREDE%20TOOL/EVEREDE%20TOOL/01277
ETOPXIZU	ETOPXIZU	radwell.com	HTTPS://WWW.RADWELL.COM/BUY/ETOPXIZU/ETOPXIZU/360-12
EVCO	EVCO	radwell.com	HTTPS://WWW.RADWELL.COM/EN-US/BUY/EVCO/EVCO/EV6421M5VHBS/
EVEREADY	EVEREADY	radwell.com	HTTPS://WWW.RADWELL.COM/BUY/EVEREADY/EVEREADY/144-303
EVERFLOW	EVERFLOWTECHNOLOGY	radwell.com	HTTPS://WWW.RADWELL.COM/BUY/EVERFLOW%20TECHNOLOGY/EVERFLOW%20TECHNOLOGY/R127010BU
EVERFOCUS	EVERFOCUS	radwell.com	HTTPS://WWW.RADWELL.COM/BUY/EVERFOCUS/EVERFOCUS/EN220
EVERNEW	EVERNEWWIREANDCABLE	radwell.com	HTTPS://WWW.RADWELL.COM/BUY/EVERNEW%20WIRE%20-AND-%20CABLE/EVERNEW%20WIRE%20-AND-%20CABLE/E138922
EVQ	MATSUSHITAELECTRIC	radwell.com	HTTPS://WWW.RADWELL.COM/BUY/MATSUSHITA%20ELECTRIC/PANASONIC/EVQ-7Q201W
EXAIR	EXAIR	radwell.com	HTTPS://WWW.RADWELL.COM/BUY/EXAIR/EXAIR/7960
EXAIR	EXAIR	radwell.com	HTTPS://WWW.RADWELL.COM/BUY/EXAIR/EXAIR/6091
EXERGEN	EXERGEN	radwell.com	HTTPS://WWW.RADWELL.COM/BUY/EXERGEN/EXERGEN/DX501
EXITRONIX	EXITRONIX	radwell.com	HTTPS://WWW.RADWELL.COM/BUY/EXITRONIX/EXITRONIX/ILX-G-EM-WH
EXITRONIX	EXITRONIX	radwell.com	HTTPS://WWW.RADWELL.COM/EN-US/BUY/EXITRONIX/EXITRONIX/ILX-G-EM-WH/
EXMAX	ROTORK	radwell.com	HTTPS://WWW.RADWELL.COM/BUY/ROTORK/SCHISCHEK/EXMAX-30-SF
EXTECH	EXTECH	radwell.com	HTTPS://WWW.RADWELL.COM/BUY/EXTECH/EXTECH/382000
EXTORN	EXTRON	radwell.com	HTTPS://WWW.RADWELL.COM/BUY/EXTRON/EXTRON/60-1310-03
EXZ	GENERALELECTRIC	radwell.com	HTTPS://WWW.RADWELL.COM/BUY/GENERAL%20ELECTRIC/GENERAL%20ELECTRIC/EXZ
EYYH	NEWHAVENDISPLAY	radwell.com	HTTPS://WWW.RADWELL.COM/BUY/NEWHAVEN%20DISPLAY/NEWHAVEN%20DISPLAY/NHD-12232WG-EYYH-V-NUM-A
EZO	EZO	radwell.com	HTTPS://WWW.RADWELL.COM/BUY/EZO/EZO/SR6Z
EZPB	TRITRONICS	radwell.com	HTTPS://WWW.RADWELL.COM/EN-US/BUY/TRI-TRONICS/TRI-TRONICS/EZPB
F64	STODDARDSILENCERS	radwell.com	HTTPS://WWW.RADWELL.COM/BUY/STODDARD%20SILENCERS/STODDARD%20SILENCERS/F64-6-PAPER
F80A	OMRON	radwell.com	HTTPS://WWW.RADWELL.COM/BUY/OMRON/OMRON/K2CU-F80A-CGS
FACON	FACON	radwell.com	HTTPS://WWW.RADWELL.COM/BUY/FACON/FACON/04P-N.50
FAHRENHEAT	FAHRENHEAT	radwell.com	HTTPS://WWW.RADWELL.COM/BUY/FAHRENHEAT/FAHRENHEAT/FTA1A
FAJ	SUNHYDRAULICS	radwell.com	HTTPS://WWW.RADWELL.COM/EN-US/BUY/SUN%20HYDRAULICS/SUN%20HYDRAULICS/FAJ-DIV-S/
FANUK	FANUC	radwell.com	HTTPS://WWW.RADWELL.COM/BUY/FANUC/FANUC/A860-0364-X004
FBD	FANUC	radwell.com	HTTPS://WWW.RADWELL.COM/EN-US/BUY/FANUC/GE%20LIGHTING/FBG-DIV-FBD/
FBJ	FBJBEARINGS	radwell.com	HTTPS://WWW.RADWELL.COM/BUY/FBJ%20BEARINGS/FBJ%20BEARINGS/6204-2RS-C3
FCH	ORIENTALMOTOR	radwell.com	HTTPS://WWW.RADWELL.COM/BUY/ORIENTAL%20MOTOR/ORIENTAL%20MOTOR/4IK25GN-FCH
FD	RADWELLVERIFIEDSUBSTITUTE	radwell.com	HTTPS://WWW.RADWELL.COM/BUY/RADWELL%20VERIFIED%20SUBSTITUTE/RADWELL%20VERIFIED%20SUBSTITUTE/FD-F4-SUB
FDHF	TEAC	radwell.com	HTTPS://WWW.RADWELL.COM/BUY/TEAC/TEAC/FD-05HF-5630-U
FDIO	ASEABROWNBOVERI	radwell.com	HTTPS://WWW.RADWELL.COM/BUY/ASEA%20BROWN%20BOVERI/ASEA%20BROWN%20BOVERI/FDIO-01
FELXCO	FLEXCO	radwell.com	HTTPS://WWW.RADWELL.COM/BUY/FLEXCO/FLEXCO/74535
FENNER	FENNER	radwell.com	HTTPS://WWW.RADWELL.COM/BUY/FENNER/FENNER/5020009-EACH
FENNER	FENNER	radwell.com	HTTPS://WWW.RADWELL.COM/BUY/FENNER/FENNER/536A0002
FERRAZSHAWMUT	MERSEN	radwell.com	HTTPS://WWW.RADWELL.COM/EN-US/BUY/MERSEN/FERRAZ%20SHAWMUT/6.600-CP-URC-14.51-25
FF903DL	HUBBELL	radwell.com	HTTPS://WWW.RADWELL.COM/BUY/HUBBELL/KILLARK/FF-90-3
FFSFZTRCO	DIODES	radwell.com	HTTPS://WWW.RADWELL.COM/BUY/DIODES%20INC/DIODES%20INC/FZT458TA
FG9W2773BLUE	RUBBERMAID	radwell.com	HTTPS://WWW.RADWELL.COM/EN-US/BUY/RUBBERMAID/RUBBERMAID%20COMMERCIAL/FG9W2773BLUE
FGB20	GENERALELECTRIC	radwell.com	HTTPS://WWW.RADWELL.COM/BUY/GENERAL%20ELECTRIC/GE%20LIGHTING/MCS-FGB
FH	WESTINGHOUSE	radwell.com	HTTPS://WWW.RADWELL.COM/BUY/WESTINGHOUSE/WESTINGHOUSE/FH-30
FIBERWARE	FIBERWAREGMBH	radwell.com	HTTPS://WWW.RADWELL.COM/BUY/FIBERWARE%20GMBH/FIBERWARE%20GMBH/60201020003
FIBERWARE	FIBERWAREGMBH	radwell.com	HTTPS://WWW.RADWELL.COM/BUY/FIBERWARE%20GMBH/FIBERWARE%20GMBH/60202020002
FIBERWARE	FIBERWAREGMBH	radwell.com	HTTPS://WWW.RADWELL.COM/EN-US/BUY/FIBERWARE%20GMBH/FIBERWARE%20GMBH/SPKL-12
FIBERWEB	FIBERWEB	radwell.com	HTTPS://WWW.RADWELL.COM/EN-US/BUY/FIBERWEB%20INC/FIBERWEB%20INC/579610
FINISAR	FINISAR	radwell.com	HTTPS://WWW.RADWELL.COM/BUY/FINISAR/FINISAR/FRM-8510-1
FIREX	FIREX	radwell.com	HTTPS://WWW.RADWELL.COM/BUY/FIREX/FIREX/FX1020
FIREX	FIREX	radwell.com	HTTPS://WWW.RADWELL.COM/BUY/FIREX/FIREX/4518
FIREX	FIREX	radwell.com	HTTPS://WWW.RADWELL.COM/BUY/FIREX/FIREX/FADC
FIREX	FIREX	radwell.com	HTTPS://WWW.RADWELL.COM/BUY/FIREX/FIREX/120-1182B
FJW	FJWOPTICALSYSTEMS	radwell.com	HTTPS://WWW.RADWELL.COM/EN-US/BUY/FJW%20OPTICAL%20SYSTEMS/FJW%20OPTICAL%20SYSTEMS/84499A/
FLUIDYNE	FLUIDYNE	radwell.com	HTTPS://WWW.RADWELL.COM/BUY/FLUIDYNE/FLUIDYNE/FM1SA206B200SBN
FMQBY	ASEABROWNBOVERI	radwell.com	HTTPS://WWW.RADWELL.COM/EN-US/BUY/ASEA%20BROWN%20BOVERI/ASEA%20BROWN%20BOVERI/FMBA-01/
FNW	FNWVALVECORP	radwell.com	HTTPS://WWW.RADWELL.COM/BUY/FNW%20VALVE%20CORP/FNW%20VALVE%20CORP/FNW1231F
FNW	FNWVALVECORP	radwell.com	HTTPS://WWW.RADWELL.COM/BUY/FNW%20VALVE%20CORP/FNW%20VALVE%20CORP/FNW-310A-SWJ
FNW	FNWVALVECORP	radwell.com	HTTPS://WWW.RADWELL.COM/BUY/FNW%20VALVE%20CORP/FNW%20VALVE%20CORP/FNW340NE
FNW	FNWVALVECORP	radwell.com	HTTPS://WWW.RADWELL.COM/BUY/FNW%20VALVE%20CORP/FNW%20VALVE%20CORP/FNW712E
FNW	FNWVALVECORP	radwell.com	HTTPS://WWW.RADWELL.COM/BUY/FNW%20VALVE%20CORP/FNW%20VALVE%20CORP/FNW9S30240AT
FNW	FNWVALVECORP	radwell.com	HTTPS://WWW.RADWELL.COM/BUY/FNW%20VALVE%20CORP/FNW%20VALVE%20CORP/FNW7502CC
FNW	FNWVALVECORP	radwell.com	HTTPS://WWW.RADWELL.COM/BUY/FNW%20VALVE%20CORP/FNW%20VALVE%20CORP/FNW9S0120AT
FORTL	PHOENIXCONTACT	radwell.com	HTTPS://WWW.RADWELL.COM/BUY/PHOENIX%20CONTACT/PHOENIX%20CONTACT/ZB%208,QR:FORTL.ZAHLEN%201-10
FORTL	PHOENIXCONTACT	radwell.com	HTTPS://WWW.RADWELL.COM/EN-US/BUY/PHOENIX%20CONTACT/PHOENIX%20CONTACT/ZB%205,LGS:FORTL.ZAHLEN%2051-60
FORTL	PHOENIXCONTACT	radwell.com	HTTPS://WWW.RADWELL.COM/EN-US/BUY/PHOENIX%20CONTACT/PHOENIX%20CONTACT/ZBFM%204-DIV-WH%20LGS:FORTL.ZAHLEN%2031-
FORTL	PHOENIXCONTACT	radwell.com	HTTPS://WWW.RADWELL.COM/EN-US/BUY/PHOENIX%20CONTACT/PHOENIX%20CONTACT/ZBFM%204-DIV-WH%20LGS:FORTL.ZAHLEN%2011-
FORTL	PHOENIXCONTACT	radwell.com	HTTPS://WWW.RADWELL.COM/EN-US/BUY/PHOENIX%20CONTACT/PHOENIX%20CONTACT/ZBFM%204-DIV-WH%20LGS:FORTL.ZAHLEN%2021-
FORTL	PHOENIXCONTACT	radwell.com	HTTPS://WWW.RADWELL.COM/EN-US/BUY/PHOENIX%20CONTACT/PHOENIX%20CONTACT/ZBFM%206-DIV-WH%20LGS:FORTL.ZAHLEN%2021-
FORTREZZ	FORTREZZ	radwell.com	HTTPS://WWW.RADWELL.COM/BUY/FORTREZZ/FORTREZZ/SSA1
FPZ	FPZ	radwell.com	HTTPS://WWW.RADWELL.COM/BUY/FPZ/FPZ/SCL%20K06-MS-4-3%20NP
FPZ	FPZ	radwell.com	HTTPS://WWW.RADWELL.COM/BUY/FPZ/FPZ/SCL%20K10-MS-20-3
FRABAERT	POSITALFRABA	radwell.com	HTTPS://WWW.RADWELL.COM/BUY/POSITAL%20FRABA/POSITAL%20FRABA/ACS-010-2-SV00-HE2-5W
FS4200ST	MAKITA	radwell.com	HTTPS://WWW.RADWELL.COM/EN-US/BUY/MAKITA/MAKITA/FS4200
FSKE	BAUMULLER	radwell.com	HTTPS://WWW.RADWELL.COM/BUY/BAUMULLER/BAUMULLER/BM5645-FSKE-0100-0782-00-7114-E80--NUM-01
FSP	FSP	radwell.com	HTTPS://WWW.RADWELL.COM/EN-US/BUY/FSP/FSP/FSP35060EVML/
FSXTMMM	SIEMENS	radwell.com	HTTPS://WWW.RADWELL.COM/EN-US/BUY/SIEMENS/PYROTRONICS/FS-DACT/
FTV885	RCA	radwell.com	HTTPS://WWW.RADWELL.COM/BUY/RCA/RCA/885
FULFLO	FULFLOVALVES	radwell.com	HTTPS://WWW.RADWELL.COM/BUY/FULFLO%20VALVES/FULFLO%20VALVES/FVSS-4RV-DIV-3SS-DIV-WS
FULTON	FULTONBOILER	radwell.com	HTTPS://WWW.RADWELL.COM/BUY/FULTON%20BOILER/FULTON%20BOILER/P.KF-19-10
FVZ	POLYTEC	radwell.com	HTTPS://WWW.RADWELL.COM/EN-US/BUY/POLYTEC/POLYTEC/DAC-150-FVZ/
FW	EATONCORPORATION	radwell.com	HTTPS://WWW.RADWELL.COM/BUY/EATON%20CORPORATION/WHEELOCK/E90-2415C-FW
FWHK	FWHK	radwell.com	HTTPS://WWW.RADWELL.COM/BUY/FWHK/FWHK/FE4830-240D050
FWK	SCHUNK	radwell.com	HTTPS://WWW.RADWELL.COM/BUY/SCHUNK/SCHUNK/FWK-050-0-0
FWSG	HONEYWELL	radwell.com	HTTPS://WWW.RADWELL.COM/BUY/HONEYWELL/NOTIFIER%20CO/FWSG
FWSG	HONEYWELL	radwell.com	HTTPS://WWW.RADWELL.COM/EN-US/BUY/HONEYWELL/NOTIFIER%20CO/FWSG/?REDIRECT=TRUE&AMP;REDIRECT=TRUE
FYD	EXCELITAS	radwell.com	HTTPS://WWW.RADWELL.COM/BUY/EXCELITAS/EXCELITAS/FYD-541
FYD	EGANDG	radwell.com	HTTPS://WWW.RADWELL.COM/BUY/EG-AND-G/EG-AND-G%20ELECTRO%20OPTICS/FYD-505/
FZK	SIEMENS	radwell.com	HTTPS://WWW.RADWELL.COM/BUY/SIEMENS/SIEMENS/FZK-101
GAMEMAX	GAMEMAX	radwell.com	HTTPS://WWW.RADWELL.COM/BUY/GAMEMAX/GAMEMAX/GP-650%20%20
GAMEWELLFCI	HONEYWELL	radwell.com	HTTPS://WWW.RADWELL.COM/BUY/HONEYWELL/GAMEWELL-FCI/ASM-16
GAMPAKPRODUCTS	GAMPAKPRODUCTSCORP	radwell.com	HTTPS://WWW.RADWELL.COM/BUY/GAMPAK%20PRODUCTS%20CORP/GAMPAK%20PRODUCTS%20CORP/14248BR
GANDG	GANDGMANUFACTURING	radwell.com	HTTPS://WWW.RADWELL.COM/BUY/G-AND-G%20MANUFACTURING/G-AND-G%20MANUFACTURING/FP-27
GAX	LOVATO	radwell.com	HTTPS://WWW.RADWELL.COM/BUY/LOVATO/LOVATO/GAX60B
GDFP	MACVALVES	radwell.com	HTTPS://WWW.RADWELL.COM/EN-US/BUY/MAC%20VALVES%20INC/MAC%20VALVES%20INC/48B-AMA-ALA-GDFP-1DU/
GDFP	MACVALVES	radwell.com	HTTPS://WWW.RADWELL.COM/EN-US/BUY/MAC%20VALVES%20INC/MAC%20VALVES%20INC/48A-AMA-000-GDFP-1DV/
GDFP	MACVALVES	radwell.com	HTTPS://WWW.RADWELL.COM/BUY/MAC%20VALVES%20INC/MAC%20VALVES%20INC/48A-AMA-000-GDFP-1DT
GDFP	MACVALVES	radwell.com	HTTPS://WWW.RADWELL.COM/EN-US/BUY/MAC%20VALVES%20INC/MAC%20VALVES%20INC/48B-AMA-ANA-GDFP-1DU/
GDFP	MACVALVES	radwell.com	HTTPS://WWW.RADWELL.COM/EN-US/BUY/MAC%20VALVES%20INC/MAC%20VALVES%20INC/48A-AMA-000-GDFP-1DV/?REDIRECT=TRUE
GDFP	MACVALVES	radwell.com	HTTPS://WWW.RADWELL.COM/BUY/MAC%20VALVES%20INC/MAC%20VALVES%20INC/48A-AMA-ANA-GDFP-1DU
GDFP	MACVALVES	radwell.com	HTTPS://WWW.RADWELL.COM/BUY/MAC%20VALVES%20INC/MAC%20VALVES%20INC/48A-AMA-000-GDFP-1DU
GEARTEK	GEARTEK	radwell.com	HTTPS://WWW.RADWELL.COM/BUY/GEARTEK/GEARTEK/C85L-5B-S10Y10
GECP	GENERALELECTRIC	radwell.com	HTTPS://WWW.RADWELL.COM/EN-US/BUY/GENERAL%20ELECTRIC/GENERAL%20ELECTRIC/18L0009WH-GECP/
GECPRODUCTS	GECINDUSTRIAL	radwell.com	HTTPS://WWW.RADWELL.COM/BUY/GEC%20INDUSTRIAL/GEC%20INDUSTRIAL/MTO15-DIV-28-0.71A
GEMU	GEMU	radwell.com	HTTPS://WWW.RADWELL.COM/EN-US/BUY/GEMU/GEMU/9554-15Z-37-51-0/
GEMU	GEMU	radwell.com	HTTPS://WWW.RADWELL.COM/BUY/GEMU/GEMU/601-15D59405A00TS-1537
GENERICJEUFUN	GENERIC	radwell.com	HTTPS://WWW.RADWELL.COM/BUY/GENERIC/GENERIC/2711P-T7C4D1-OV
GESJEV	GESPAC	radwell.com	HTTPS://WWW.RADWELL.COM/BUY/GESPAC/GESPAC/GESSIO-1E
GEYA	GEYA	radwell.com	HTTPS://WWW.RADWELL.COM/BUY/GEYA/GEYA/GRM8-01
GEYA	GEYA	radwell.com	HTTPS://WWW.RADWELL.COM/BUY/GEYA/GEYA/GR8-116
GIANDEL	GIANDEL	radwell.com	HTTPS://WWW.RADWELL.COM/BUY/GIANDEL/GIANDEL/PS-1000DAR
GLORYSTAR	GLORYSTAR	radwell.com	HTTPS://WWW.RADWELL.COM/BUY/GLORYSTAR/GLORYSTAR/TAD151
GMCR72CT	GENERALELECTRIC	radwell.com	HTTPS://WWW.RADWELL.COM/EN-US/BUY/GENERAL+ELECTRIC/CR72AMJ
GMH	DUNGS	radwell.com	HTTPS://WWW.RADWELL.COM/BUY/DUNGS/DUNGS/GMH-A4-4-8
GMM	BERGES	radwell.com	HTTPS://WWW.RADWELL.COM/BUY/BERGES/BERGES/ACM-GMM%2022,0%20KW
GOCONTROL	NORTEK	radwell.com	HTTPS://WWW.RADWELL.COM/BUY/NORTEK/GOCONTROL/2200-650
GOLDSOURCE	GOLDSOURCE	radwell.com	HTTPS://WWW.RADWELL.COM/BUY/GOLDSOURCE/GOLDSOURCE/TC-1000
GOODSKY	GOODSKY	radwell.com	HTTPS://WWW.RADWELL.COM/EN-US/BUY/GOODSKY/GOODSKY/MIT-SS-124LM
GOTEK	GOTEK	radwell.com	HTTPS://WWW.RADWELL.COM/BUY/GOTEK/GOTEK/SFR1M44-U100K
GP76331	RKIINSTRUMENTS	radwell.com	HTTPS://WWW.RADWELL.COM/BUY/RKI%20INSTRUMENTS/RKI%20INSTRUMENTS/GP-631A
GPRF	C3CONTROLS	radwell.com	HTTPS://WWW.RADWELL.COM/EN-US/BUY/C3%20CONTROLS/C3%20CONTROLS/GPRF-T2C25D
GPRF	C3CONTROLS	radwell.com	HTTPS://WWW.RADWELL.COM/BUY/C3%20CONTROLS/C3%20CONTROLS/GPRF-T3C20D
GRACOLED	GRACO	radwell.com	HTTPS://WWW.RADWELL.COM/BUY/GRACO/GRACO/127088
GRALAB	GRALAB	radwell.com	HTTPS://WWW.RADWELL.COM/BUY/GRALAB/GRALAB/451
GRALAB	GRALAB	radwell.com	HTTPS://WWW.RADWELL.COM/BUY/GRALAB/GRALAB/900
GRAYCO	GRAYCO	radwell.com	HTTPS://WWW.RADWELL.COM/EN-US/BUY/GRAYCO/GRAYCO/P005A/
GROMMES	GROMMESPRECISION	radwell.com	HTTPS://WWW.RADWELL.COM/EN-US/BUY/GROMMES%20PRECISION/GROMMES%20PRECISION/G222/
GRY0746161	GREE	radwell.com	HTTPS://WWW.RADWELL.COM/EN-US/BUY/GREE/GREE/30132161
GRY0837140	MOLEX	radwell.com	HTTPS://WWW.RADWELL.COM/BUY/MOLEX/MOLEX/54104-4031
GS115	REMSTAR	radwell.com	HTTPS://WWW.RADWELL.COM/BUY/REMSTAR/REMSTAR/GS115
GSGD	FESTOELECTRIC	radwell.com	HTTPS://WWW.RADWELL.COM/EN-US/BUY/FESTO ELECTRIC/FESTO ELECTRIC/KM8-M8-GSGD-5/
GSGD	FESTO	radwell.com	HTTPS://WWW.RADWELL.COM/BUY/FESTO/FESTO/KM12-M12-GSGD-5
GTFNMOL	PROTECTIONTECHNOLOGY	radwell.com	HTTPS://WWW.RADWELL.COM/EN-US/BUY/PROTECTION%20TECHNOLOGY/POLYPHASER/GT-NFM-AL/
HABCOSE12	PARKER	radwell.com	HTTPS://WWW.RADWELL.COM/EN-US/BUY/PARKER/HOSE%20PRODUCTS%20DIVISION/HFHFHK-12
HAEHNE	HAEHNE	radwell.com	HTTPS://WWW.RADWELL.COM/EN-US/BUY/HAEHNE/HAEHNE/MAC4.0
HALEX	HALEX	radwell.com	HTTPS://WWW.RADWELL.COM/BUY/HALEX/HALEX/27501
HALLMARKINDUSTRIES	HALLMARKINDUSTRIES	radwell.com	HTTPS://WWW.RADWELL.COM/BUY/HALLMARK%20INDUSTRIES/HALLMARK%20INDUSTRIES/MD0090X
HALNZIYE	HALNZIYE	radwell.com	HTTPS://WWW.RADWELL.COM/BUY/HALNZIYE/HALNZIYE/HY910
HAMMOND	HAMMONDPOWERSOLUTIONS	radwell.com	HTTPS://WWW.RADWELL.COM/BUY/HAMMOND%20POWER%20SOLUTIONS/HAMMOND%20POWER%20SOLUTIONS/PFBK8
HANMARK	HANMARK	radwell.com	HTTPS://WWW.RADWELL.COM/BUY/HANMARK/HANMARK/SD245
HANYOUNG	HANYOUNGELECTRONICCO	radwell.com	HTTPS://WWW.RADWELL.COM/EN-US/BUY/HANYOUNG%20ELECTRONIC%20CO/HANYOUNG%20ELECTRONIC%20CO/HY-L707C
HANYOUNG	HANYOUNGELECTRONICCO	radwell.com	HTTPS://WWW.RADWELL.COM/BUY/HANYOUNG%20ELECTRONIC%20CO/HANYOUNG%20ELECTRONIC%20CO/HY-PR708A
HANYOUNG	HANYOUNGNUX	radwell.com	HTTPS://WWW.RADWELL.COM/BUY/HANYOUNG%20NUX/HANYOUNG%20NUX/NX4-00
HANYOUNG	HANYOUNGELECTRONICCO	radwell.com	HTTPS://WWW.RADWELL.COM/BUY/HANYOUNG%20ELECTRONIC%20CO/HANYOUNG%20ELECTRONIC%20CO/HY-P701B
HANYOUNG	HANYOUNGELECTRONICCO	radwell.com	HTTPS://WWW.RADWELL.COM/BUY/HANYOUNG%20ELECTRONIC%20CO/HANYOUNG%20ELECTRONIC%20CO/HY1024
HANYOUNG	HANYOUNGELECTRONICCO	radwell.com	HTTPS://WWW.RADWELL.COM/BUY/HANYOUNG%20ELECTRONIC%20CO/HANYOUNG%20ELECTRONIC%20CO/HY-P701C
HARWIN	HARWIN	radwell.com	HTTPS://WWW.RADWELL.COM/BUY/HARWIN/HARWIN/G125-MH10605L1R
HB	HBTHERM	radwell.com	HTTPS://WWW.RADWELL.COM/BUY/HB-THERM/HB-THERM/HB-160Z1
HBINSTRUMENTCOMPANY	HBINSTRUMENTCOMPANY	radwell.com	HTTPS://WWW.RADWELL.COM/BUY/HB%20INSTRUMENT%20COMPANY/HB%20INSTRUMENT%20COMPANY/9466
HCF5515	HUBBELL	radwell.com	HTTPS://WWW.RADWELL.COM/EN-US/BUY/HUBBELL/HUBBELL/515C
HCJ	SCHNEIDERELECTRIC	radwell.com	HTTPS://WWW.RADWELL.COM/BUY/SCHNEIDER%20ELECTRIC/SQUARE%20D/HCJ14484
HCR	HARTLANDCONTROLS	radwell.com	HTTPS://WWW.RADWELL.COM/BUY/HARTLAND%20CONTROLS/HARTLAND%20CONTROLS/HCR-12CQ1AA
HDFK	PHOENIXCONTACT	radwell.com	HTTPS://WWW.RADWELL.COM/EN-US/BUY/PHOENIX%20CONTACT/PHOENIX%20CONTACT/HDFK%2025/
HDFK	PHOENIXCONTACT	radwell.com	HTTPS://WWW.RADWELL.COM/EN-US/BUY/PHOENIX%20CONTACT/PHOENIX%20CONTACT/HDFK%2095A/
HDFK	PHOENIXCONTACT	radwell.com	HTTPS://WWW.RADWELL.COM/EN-US/BUY/PHOENIX%20CONTACT/PHOENIX%20CONTACT/HDFK%2050I/
HEATCRAFT	HEATCRAFT	radwell.com	HTTPS://WWW.RADWELL.COM/BUY/HEATCRAFT/HEATCRAFT/5926J
