3C4GTHREECHEERSFORGIRLS	3C4GTHREECHEERSFORGIRLS	tractorsupply.com	HTTPS://WWW.TRACTORSUPPLY.COM/TSC/BRAND/3C4G+THREE+CHEERS+FOR+GIRLS
4HEALTH	4HEALTH	tractorsupply.com	HTTPS://WWW.TRACTORSUPPLY.COM/TSC/BRAND/4HEALTH
4HEALTH	4HEALTH	tractorsupply.com	HTTPS://WWW.TRACTORSUPPLY.COM/TSC/BRAND/4HEALTH/DOG-FOOD
4X4NORTHAMERICA	4X4NORTHAMERICA	tractorsupply.com	HTTPS://WWW.TRACTORSUPPLY.COM/TSC/BRAND/4X4+NORTH+AMERICA
509CREW	509CREW	tractorsupply.com	HTTPS://WWW.TRACTORSUPPLY.COM/TSC/BRAND/509+CREW
ACANA	ACANA	tractorsupply.com	HTTPS://WWW.TRACTORSUPPLY.COM/TSC/BRAND/ACANA
ADVANCEPETPRODUCTS	ADVANCEPETPRODUCT	tractorsupply.com	HTTPS://WWW.TRACTORSUPPLY.COM/TSC/BRAND/ADVANCE+PET+PRODUCT
AFTMKRPLMFORHUSQVARNA	HUSQVARNA	tractorsupply.com	HTTPS://WWW.TRACTORSUPPLY.COM/TSC/BRAND/HUSQVARNA
AGRIFAB	AGRIFAB	tractorsupply.com	HTTPS://WWW.TRACTORSUPPLY.COM/TSC/BRAND/AGRI-FAB
AGRILABS	AGRILABS	tractorsupply.com	HTTPS://WWW.TRACTORSUPPLY.COM/TSC/BRAND/AGRILABS
AGRILABSLTD	AGRILABS	tractorsupply.com	HTTPS://WWW.TRACTORSUPPLY.COM/TSC/BRAND/AGRILABS
AGROSCI	AGROSCI	tractorsupply.com	HTTPS://WWW.TRACTORSUPPLY.COM/TSC/BRAND/AGROSCI/AG-SPRAYER-PARTS-ACCESSORIES
ALLFENZ	ALLFENZ	tractorsupply.com	HTTPS://WWW.TRACTORSUPPLY.COM/TSC/BRAND/ALLFENZ
ALLIEDPRECISIONINDUSTRIES	ALLIEDPRECISIONINDUSTRIES	tractorsupply.com	HTTPS://WWW.TRACTORSUPPLY.COM/TSC/BRAND/ALLIED+PRECISION+INDUSTRIES
ALLSEASONSFEEDERS	ALLSEASONSFEEDERS	tractorsupply.com	HTTPS://WWW.TRACTORSUPPLY.COM/TSC/BRAND/ALL+SEASONS+FEEDERS
AMERICAFARMWORKS	AMERICANFARMWORKS	tractorsupply.com	HTTPS://WWW.TRACTORSUPPLY.COM/TSC/BRAND/AMERICAN+FARM+WORKS
AMERICAFARMWORKS	AMERICANFARMWORKS	tractorsupply.com	HTTPS://WWW.TRACTORSUPPLY.COM/TSC/BRAND/AMERICAN+FARMWORKS
AMERICANEXCELSIORCOMPANY	AMERICANEXCELSIORCOMPANY	tractorsupply.com	HTTPS://WWW.TRACTORSUPPLY.COM/TSC/BRAND/AMERICAN+EXCELSIOR+COMPANY
AMERICANEXCELSIORCOMPANY	AMERICANEXCELSIORCOMPANY	tractorsupply.com	HTTPS://WWW.TRACTORSUPPLY.COM/TSC/BRAND/AMERICAN%20EXCELSIOR%20COMPANY
AMERICANFARMWORKS	AMERICANFARMWORKS	tractorsupply.com	HTTPS://WWW.TRACTORSUPPLY.COM/TSC/BRAND/AMERICAN+FARM+WORKS
AMERICANFARMWORKS	AMERICANFARMWORKS	tractorsupply.com	HTTPS://WWW.TRACTORSUPPLY.COM/TSC/BRAND/AMERICAN+FARMWORKS
AMERICANFARMWORKS120MILEACPOWER	AMERICANFARMWORKS	tractorsupply.com	HTTPS://WWW.TRACTORSUPPLY.COM/TSC/BRAND/AMERICAN+FARM+WORKS
AMERICANGROUNDSCREWMFGSUPPLY	AMERICANGROUNDSCREW	tractorsupply.com	HTTPS://WWW.TRACTORSUPPLY.COM/TSC/BRAND/AMERICAN+GROUND+SCREW
AMERICANHUNTERWF	AMERICANHUNTER	tractorsupply.com	HTTPS://WWW.TRACTORSUPPLY.COM/TSC/BRAND/AMERICAN%20HUNTER
ANCASTERFOODEQUIPMENT	ANCASTERFOODEQUIPMENT	tractorsupply.com	HTTPS://WWW.TRACTORSUPPLY.COM/TSC/BRAND/ANCASTER+FOOD+EQUIPMENT
ANILOGICSOUTDOORS	ANILOGICSOUTDOORS	tractorsupply.com	HTTPS://WWW.TRACTORSUPPLY.COM/TSC/BRAND/ANI-LOGICS+OUTDOORS
ANTLERKING	ANTLERKING	tractorsupply.com	HTTPS://WWW.TRACTORSUPPLY.COM/TSC/BRAND/ANTLER+KING
APEXGEAR	APEXGEAR	tractorsupply.com	HTTPS://WWW.TRACTORSUPPLY.COM/TSC/BRAND/APEX+GEAR?CM_RE=SHOP+BY+BRAND-_-BRAND+LINK-_-APEX+GEAR
APOLLOSMART	APOLLOSMART	tractorsupply.com	HTTPS://WWW.TRACTORSUPPLY.COM/TSC/BRAND/APOLLOSMART
ARIAT	ARIAT	tractorsupply.com	HTTPS://WWW.TRACTORSUPPLY.COM/TSC/BRAND/ARIAT
ARIATFOOTWEAR	ARIAT	tractorsupply.com	HTTPS://WWW.TRACTORSUPPLY.COM/TSC/BRAND/ARIAT
ARMORALL	ARMORALL	tractorsupply.com	HTTPS://WWW.TRACTORSUPPLY.COM/TSC/BRAND/ARMOR+ALL
ASFALLSEASONSFEEDERS	ALLSEASONSFEEDERS	tractorsupply.com	HTTPS://WWW.TRACTORSUPPLY.COM/TSC/BRAND/ALL+SEASONS+FEEDERS
AURORAPLUSH	AURORA	tractorsupply.com	HTTPS://WWW.TRACTORSUPPLY.COM/TSC/BRAND/AURORA/STUFFED-ANIMALS-PLUSH-TOYS
AWPHP	AWP	tractorsupply.com	HTTPS://WWW.TRACTORSUPPLY.COM/TSC/BRAND/AWP
BADBOY	BADBOY	tractorsupply.com	HTTPS://WWW.TRACTORSUPPLY.COM/TSC/BRAND/BAD%20BOY/ZERO-TURN-MOWERS
BARNESPAPERCOMPANY	BARNESPAPERCOMPANY	tractorsupply.com	HTTPS://WWW.TRACTORSUPPLY.COM/TSC/BRAND/BARNES+PAPER+COMPANY
BARNETTSUPPLY	BARNETT	tractorsupply.com	HTTPS://WWW.TRACTORSUPPLY.COM/TSC/BRAND/BARNETT
BARRETTEOUTDOORLIVING	BARRETTEOUTDOORLIVING	tractorsupply.com	HTTPS://WWW.TRACTORSUPPLY.COM/TSC/BRAND/BARRETTE+OUTDOOR+LIVING
BARRETTOUTDOORLIVING	BARRETTEOUTDOORLIVING	tractorsupply.com	HTTPS://WWW.TRACTORSUPPLY.COM/TSC/BRAND/BARRETTE+OUTDOOR+LIVING
BASSCREEKOUTFITTERS	BASSCREEKOUTFITTERS	tractorsupply.com	HTTPS://WWW.TRACTORSUPPLY.COM/TSC/BRAND/BASS+CREEK+OUTFITTERS/CLOTHING
BASSCREEKOUTFITTERS	BASSCREEKOUTFITTERS	tractorsupply.com	HTTPS://WWW.TRACTORSUPPLY.COM/TSC/BRAND/BASS+CREEK+OUTFITTERS
BBREAKTHROUGHCLEANTECHNOLOGIES	BREAKTHROUGHCLEANTECHNOLOGIES	tractorsupply.com	HTTPS://WWW.TRACTORSUPPLY.COM/TSC/BRAND/BREAKTHROUGH+CLEAN+TECHNOLOGIES
BEARSONCUTLERY	BEARSONCUTLERY	tractorsupply.com	HTTPS://WWW.TRACTORSUPPLY.COM/TSC/BRAND/BEAR+&+SON+CUTLERY
BEESPOKE	BEESPOKE	tractorsupply.com	HTTPS://WWW.TRACTORSUPPLY.COM/TSC/BRAND/BEESPOKE
BEHRENS	BEHRENS	tractorsupply.com	HTTPS://WWW.TRACTORSUPPLY.COM/TSC/BRAND/BEHRENS
BELLABUG	BELLABUG	tractorsupply.com	HTTPS://WWW.TRACTORSUPPLY.COM/TSC/BRAND/BELLA+BUG
BENEBONE	BENEBONE	tractorsupply.com	HTTPS://WWW.TRACTORSUPPLY.COM/TSC/BRAND/BENEBONE
BERNE	BERNE	tractorsupply.com	HTTPS://WWW.TRACTORSUPPLY.COM/TSC/BRAND/BERNE
BERNZOMATIC	BERNZOMATIC	tractorsupply.com	HTTPS://WWW.TRACTORSUPPLY.COM/TSC/BRAND/BERNZOMATIC
BERNZOMATICCORPORATION	BERNZOMATIC	tractorsupply.com	HTTPS://WWW.TRACTORSUPPLY.COM/TSC/BRAND/BERNZOMATIC
BESTFRIENDSBYSHERI	BESTFRIENDSBYSHERI	tractorsupply.com	HTTPS://WWW.TRACTORSUPPLY.COM/TSC/BRAND/BEST+FRIENDS+BY+SHERI
BESTNEST	BESTNEST	tractorsupply.com	HTTPS://WWW.TRACTORSUPPLY.COM/TSC/BRAND/BESTNEST
BESTSTEP	BESTSTEP	tractorsupply.com	HTTPS://WWW.TRACTORSUPPLY.COM/TSC/BRAND/BEST+STEP
BETTERBUILT	BETTERBUILT	tractorsupply.com	HTTPS://WWW.TRACTORSUPPLY.COM/TSC/BRAND/BETTER+BUILT
BIGHORN	BIGHORN	tractorsupply.com	HTTPS://WWW.TRACTORSUPPLY.COM/TSC/BRAND/BIGHORN
BIGJ	BIGJ	tractorsupply.com	HTTPS://WWW.TRACTORSUPPLY.COM/TSC/BRAND/BIG+&+J
BILJAC	BILJAC	tractorsupply.com	HTTPS://WWW.TRACTORSUPPLY.COM/TSC/BRAND/BIL-JAC
BLACKAMDDECKER	BLACKDECKER	tractorsupply.com	HTTPS://WWW.TRACTORSUPPLY.COM/TSC/BRAND/BLACK+&+DECKER
BLACKANDDECKER	BLACKDECKER	tractorsupply.com	HTTPS://WWW.TRACTORSUPPLY.COM/TSC/BRAND/BLACK+&+DECKER
BLACKANDDECKERUS	BLACKDECKER	tractorsupply.com	HTTPS://WWW.TRACTORSUPPLY.COM/TSC/BRAND/BLACK+&+DECKER
BLACKANDDEVKER	BLACKDECKER	tractorsupply.com	HTTPS://WWW.TRACTORSUPPLY.COM/TSC/BRAND/BLACK+&+DECKER
BLACKCANYONOUTFITTERS	BLACKCANYONOUTFITTERS	tractorsupply.com	HTTPS://WWW.TRACTORSUPPLY.COM/TSC/BRAND/BLACKCANYON+OUTFITTERS
BLUEBUFFALOCOMPANY	BLUEBUFFALO	tractorsupply.com	HTTPS://WWW.TRACTORSUPPLY.COM/TSC/BRAND/BLUE+BUFFALO
BLUEMOUNTAIN	BLUEMOUNTAIN	tractorsupply.com	HTTPS://WWW.TRACTORSUPPLY.COM/TSC/BRAND/BLUE+MOUNTAIN
BLUEMOUNTAINPROFESSIONAL	BLUEMOUNTAIN	tractorsupply.com	HTTPS://WWW.TRACTORSUPPLY.COM/TSC/BRAND/BLUE+MOUNTAIN
BLUERIDGETRADING	BLUERIDGETRADING	tractorsupply.com	HTTPS://WWW.TRACTORSUPPLY.COM/TSC/BRAND/BLUE+RIDGE+TRADING
BLUESEAL	BLUESEAL	tractorsupply.com	HTTPS://WWW.TRACTORSUPPLY.COM/TSC/BRAND/BLUE+SEAL
BOGS	BOGS	tractorsupply.com	HTTPS://WWW.TRACTORSUPPLY.COM/TSC/BRAND/BOGS
BOLTMASTR	BOLTSTER	tractorsupply.com	HTTPS://WWW.TRACTORSUPPLY.COM/TSC/BRAND/BOLTSTER
BONIDE	BONIDE	tractorsupply.com	HTTPS://WWW.TRACTORSUPPLY.COM/TSC/BRAND/BONIDE
BONIDEPRODUCT	BONIDE	tractorsupply.com	HTTPS://WWW.TRACTORSUPPLY.COM/TSC/BRAND/BONIDE
BONIDEPRODUCTS	BONIDE	tractorsupply.com	HTTPS://WWW.TRACTORSUPPLY.COM/TSC/BRAND/BONIDE
BONIDEPRODUCTSINCP	BONIDE	tractorsupply.com	HTTPS://WWW.TRACTORSUPPLY.COM/TSC/BRAND/BONIDE
BONIEE	BONNIEPLANTS	tractorsupply.com	HTTPS://WWW.TRACTORSUPPLY.COM/TSC/BRAND/BONNIE+PLANTS
BONNI	BONNIEPLANTS	tractorsupply.com	HTTPS://WWW.TRACTORSUPPLY.COM/TSC/BRAND/BONNIE+PLANTS
BONNIEPLANTS	BONNIEPLANTS	tractorsupply.com	HTTPS://WWW.TRACTORSUPPLY.COM/TSC/BRAND/BONNIE+PLANTS
BONNIO	BONNIEPLANTS	tractorsupply.com	HTTPS://WWW.TRACTORSUPPLY.COM/TSC/BRAND/BONNIE+PLANTS
BOOSTGRO	BOOSTGRO	tractorsupply.com	HTTPS://WWW.TRACTORSUPPLY.COM/TSC/BRAND/BOOSTGRO
BOSSBUCK	BOSSBUCK	tractorsupply.com	HTTPS://WWW.TRACTORSUPPLY.COM/TSC/BRAND/BOSS+BUCK
BOSSBUCKPRODUCTS	BOSSBUCK	tractorsupply.com	HTTPS://WWW.TRACTORSUPPLY.COM/TSC/BRAND/BOSS+BUCK
BOSSGLOVES	BOSS	tractorsupply.com	HTTPS://WWW.TRACTORSUPPLY.COM/TSC/BRAND/BOSS/WORK-GLOVES
BRADLEYSMOKER	BRADLEYSMOKER	tractorsupply.com	HTTPS://WWW.TRACTORSUPPLY.COM/TSC/BRAND/BRADLEY+SMOKER
BRADLEYSMOKERS	BRADLEYSMOKER	tractorsupply.com	HTTPS://WWW.TRACTORSUPPLY.COM/TSC/BRAND/BRADLEY+SMOKER
BRADLEYSMOKERUSA	BRADLEYSMOKER	tractorsupply.com	HTTPS://WWW.TRACTORSUPPLY.COM/TSC/BRAND/BRADLEY+SMOKER
BRANDOFSMARTYPETSHIGHTECHPET	HIGHTECHPET	tractorsupply.com	HTTPS://WWW.TRACTORSUPPLY.COM/TSC/BRAND/HIGH%20TECH%20PET/DOG
BRAZOS	BRAZOS	tractorsupply.com	HTTPS://WWW.TRACTORSUPPLY.COM/TSC/BRAND/BRAZOS
BREAKTHROUGHCLEANTECHNOLOGIES	BREAKTHROUGHCLEANTECHNOLOGIES	tractorsupply.com	HTTPS://WWW.TRACTORSUPPLY.COM/TSC/BRAND/BREAKTHROUGH+CLEAN+TECHNOLOGIES
BRIGGSAMDSRATTON	BRIGGSSTRATTON	tractorsupply.com	HTTPS://WWW.TRACTORSUPPLY.COM/TSC/BRAND/BRIGGS+&+STRATTON
BRIGGSANDBRATTON	BRIGGSSTRATTON	tractorsupply.com	HTTPS://WWW.TRACTORSUPPLY.COM/TSC/BRAND/BRIGGS+&+STRATTON
BRIGGSANDSTRATTON	BRIGGSSTRATTON	tractorsupply.com	HTTPS://WWW.TRACTORSUPPLY.COM/TSC/BRAND/BRIGGS+&+STRATTON
BRIGGSANDSTRTTON	BRIGGSSTRATTON	tractorsupply.com	HTTPS://WWW.TRACTORSUPPLY.COM/TSC/BRAND/BRIGGS+&+STRATTON
BRIGGSBRATTOJ	BRIGGSSTRATTON	tractorsupply.com	HTTPS://WWW.TRACTORSUPPLY.COM/TSC/BRAND/BRIGGS+&+STRATTON
BRIGGSBRATTON	BRIGGSSTRATTON	tractorsupply.com	HTTPS://WWW.TRACTORSUPPLY.COM/TSC/BRAND/BRIGGS+&+STRATTON
BRIGGSNSTRATTON	BRIGGSSTRATTON	tractorsupply.com	HTTPS://WWW.TRACTORSUPPLY.COM/TSC/BRAND/BRIGGS+&+STRATTON
BRIGGSSRATTON	BRIGGSSTRATTON	tractorsupply.com	HTTPS://WWW.TRACTORSUPPLY.COM/TSC/BRAND/BRIGGS+&+STRATTON
BRIGGSSTRAFFORD	BRIGGSSTRATTON	tractorsupply.com	HTTPS://WWW.TRACTORSUPPLY.COM/TSC/BRAND/BRIGGS+&+STRATTON
BRIGGSSTRAT	BRIGGSSTRATTON	tractorsupply.com	HTTPS://WWW.TRACTORSUPPLY.COM/TSC/BRAND/BRIGGS+&+STRATTON
BRIGGSSTRATTON	BRIGGSSTRATTON	tractorsupply.com	HTTPS://WWW.TRACTORSUPPLY.COM/TSC/BRAND/BRIGGS+&+STRATTON
BRIGGSSTRATTONBRIGGSSTRATTON	BRIGGSSTRATTON	tractorsupply.com	HTTPS://WWW.TRACTORSUPPLY.COM/TSC/BRAND/BRIGGS+&+STRATTON
BRIGGSSTRTTON	BRIGGSSTRATTON	tractorsupply.com	HTTPS://WWW.TRACTORSUPPLY.COM/TSC/BRAND/BRIGGS+&+STRATTON
BRINSEAPRODUCTS	BRINSEA	tractorsupply.com	HTTPS://WWW.TRACTORSUPPLY.COM/TSC/BRAND/BRINSEA
BUFFALOTOOLS	BUFFALOTOOLS	tractorsupply.com	HTTPS://WWW.TRACTORSUPPLY.COM/TSC/BRAND/BUFFALO+TOOLS
BUFFALOTOOLSLAWNGARDEN	BUFFALOTOOLS	tractorsupply.com	HTTPS://WWW.TRACTORSUPPLY.COM/TSC/BRAND/BUFFALO+TOOLS
BULLDOGWINCH	BULLDOGWINCH	tractorsupply.com	HTTPS://WWW.TRACTORSUPPLY.COM/TSC/BRAND/BULLDOG+WINCH
BULLETPROOFHITCHES	BULLETPROOFHITCHES	tractorsupply.com	HTTPS://WWW.TRACTORSUPPLY.COM/TSC/BRAND/BULLETPROOF+HITCHES
BULLYMAKE	BULLYMAKE	tractorsupply.com	HTTPS://WWW.TRACTORSUPPLY.COM/TSC/BRAND/BULLYMAKE
BULLYTOOLS	BULLYTOOLS	tractorsupply.com	HTTPS://WWW.TRACTORSUPPLY.COM/TSC/BRAND/BULLY+TOOLS
BULLYTRUCK	BULLY	tractorsupply.com	HTTPS://WWW.TRACTORSUPPLY.COM/TSC/BRAND/BULLY/TRUCK-AUTOMOTIVE
BXCAT	BEXACAT	tractorsupply.com	HTTPS://WWW.TRACTORSUPPLY.COM/TSC/BRAND/BEXACAT/CAT
CALIFORNIAAIR	CALIFORNIAAIRTOOLS	tractorsupply.com	HTTPS://WWW.TRACTORSUPPLY.COM/TSC/BRAND/CALIFORNIA+AIR+TOOLS
CALIFORNIAAIRTOOLS	CALIFORNIAAIRTOOLS	tractorsupply.com	HTTPS://WWW.TRACTORSUPPLY.COM/TSC/BRAND/CALIFORNIA+AIR+TOOLS
CAMCOCHEM	CAMCO	tractorsupply.com	HTTPS://WWW.TRACTORSUPPLY.COM/TSC/BRAND/CAMCO
CAMCOTOOLS	CAMCO	tractorsupply.com	HTTPS://WWW.TRACTORSUPPLY.COM/TSC/BRAND/CAMCO
CAMPLUXENJOYOUTDOORLIFE	CAMPLUXENJOYOUTDOORLIFE	tractorsupply.com	HTTPS://WWW.TRACTORSUPPLY.COM/TSC/BRAND/CAMPLUX+ENJOY+OUTDOOR+LIFE/PLUMBING
CAMPLUXENJOYOUTDOORLIFE	CAMPLUXENJOYOUTDOORLIFE	tractorsupply.com	HTTPS://WWW.TRACTORSUPPLY.COM/TSC/BRAND/CAMPLUX+ENJOY+OUTDOOR+LIFE?CM_RE=SHOP+BY+BRAND-_-BRAND+LINK-_-CAMPLUX+ENJOY+OUTDOOR+LIFE
CANIDAE	CANIDAE	tractorsupply.com	HTTPS://WWW.TRACTORSUPPLY.COM/TSC/BRAND/CANIDAE
CANIDEA	CANIDAE	tractorsupply.com	HTTPS://WWW.TRACTORSUPPLY.COM/TSC/BRAND/CANIDAE
CANNONSAFE	CANNON	tractorsupply.com	HTTPS://WWW.TRACTORSUPPLY.COM/TSC/BRAND/CANNON/SAFES
CARAVANCANOPYINTL	CARAVANCANOPY	tractorsupply.com	HTTPS://WWW.TRACTORSUPPLY.COM/TSC/BRAND/CARAVAN+CANOPY
CARAVANSPORTS	CARAVANSPORTS	tractorsupply.com	HTTPS://WWW.TRACTORSUPPLY.COM/TSC/BRAND/CARAVAN+SPORTS
CARHARTTAPPARELMENS	CARHARTT	tractorsupply.com	HTTPS://WWW.TRACTORSUPPLY.COM/TSC/BRAND/CARHARTT/MENS-CLOTHING
CARHARTTCARHARTT	CARHARTT	tractorsupply.com	HTTPS://WWW.TRACTORSUPPLY.COM/TSC/BRAND/CARHARTT
CARHARTTMENSGLOVES	CARHARTT	tractorsupply.com	HTTPS://WWW.TRACTORSUPPLY.COM/TSC/BRAND/CARHARTT/GLOVES
CARHARTTSPORTSWEARMENS	CARHARTT	tractorsupply.com	HTTPS://WWW.TRACTORSUPPLY.COM/TSC/BRAND/CARHARTT/MENS-CLOTHING
CARHARTTWOMENSCOLLECTION	CARHARTT	tractorsupply.com	HTTPS://WWW.TRACTORSUPPLY.COM/TSC/BRAND/CARHARTT/WOMENS-CLOTHING
CAROLINAFACTORYDIRECT	CAROLINAFACTORYDIRECT	tractorsupply.com	HTTPS://WWW.TRACTORSUPPLY.COM/TSC/BRAND/CAROLINA%20FACTORY%20DIRECT/PATIO-FURNITURE
CASECUTLERY	CASECUTLERY	tractorsupply.com	HTTPS://WWW.TRACTORSUPPLY.COM/TSC/BRAND/CASE+CUTLERY
CATCRAFT	CATCRAFT	tractorsupply.com	HTTPS://WWW.TRACTORSUPPLY.COM/TSC/BRAND/CAT+CRAFT
CATSTAGES	CATSTAGES	tractorsupply.com	HTTPS://WWW.TRACTORSUPPLY.COM/TSC/BRAND/CATSTAGES/CAT
CENTURYSPRING	CENTURYSPRING	tractorsupply.com	HTTPS://WWW.TRACTORSUPPLY.COM/TSC/BRAND/CENTURY+SPRING
CERAKOTE	CERAKOTE	tractorsupply.com	HTTPS://WWW.TRACTORSUPPLY.COM/TSC/BRAND/CERAKOTE
CHAMPIONPOWER	CHAMPIONPOWEREQUIPMENT	tractorsupply.com	HTTPS://WWW.TRACTORSUPPLY.COM/TSC/BRAND/CHAMPION+POWER+EQUIPMENT
CHAMPIONPOWER	CHAMPIONPOWEREQUIPMENT	tractorsupply.com	HTTPS://WWW.TRACTORSUPPLY.COM/TSC/BRAND/CHAMPION+POWER+EQUIPMENT/GENERATORS
CHAMPIONPOWEREQUIPMENT	CHAMPIONPOWEREQUIPMENT	tractorsupply.com	HTTPS://WWW.TRACTORSUPPLY.COM/TSC/BRAND/CHAMPION%20POWER%20EQUIPMENT/GENERATORS
CHAMPIONPOWEREQUIPMENT	CHAMPIONPOWEREQUIPMENT	tractorsupply.com	HTTPS://WWW.TRACTORSUPPLY.COM/TSC/BRAND/CHAMPION+POWER+EQUIPMENT
CHAMPIONSPARKPLUGS	CHAMPIONSPARKPLUG	tractorsupply.com	HTTPS://WWW.TRACTORSUPPLY.COM/TSC/BRAND/CHAMPION+SPARK+PLUG
CHANNELLOCK	CHANNELLOCK	tractorsupply.com	HTTPS://WWW.TRACTORSUPPLY.COM/TSC/BRAND/CHANNELLOCK
CHAPINRE	CHAPIN	tractorsupply.com	HTTPS://WWW.TRACTORSUPPLY.COM/TSC/BRAND/CHAPIN
CHARGRILLER	CHARGRILLER	tractorsupply.com	HTTPS://WWW.TRACTORSUPPLY.COM/TSC/BRAND/CHAR-GRILLER
CHICAGODIECASTING	CHICAGODIECASTING	tractorsupply.com	HTTPS://WWW.TRACTORSUPPLY.COM/TSC/BRAND/CHICAGO+DIE+CASTING
CLCWORKGEAR	CLCWORKGEAR	tractorsupply.com	HTTPS://WWW.TRACTORSUPPLY.COM/TSC/BRAND/CLC+WORK+GEAR?CM_RE=SHOP+BY+BRAND-_-BRAND+LINK-_-CLC+WORK+GEAR?CM_RE%3DSHOP+BY+BRAND-_-BRAND+LINK-_-CLC+WORK+GEAR
COCONUTCASTLES	COCONUTCASTLES	tractorsupply.com	HTTPS://WWW.TRACTORSUPPLY.COM/TSC/BRAND/COCONUT+CASTLES?CM_RE=SHOP+BY+BRAND-_-BRAND+LINK-_-COCONUT+CASTLES&MANUFACTURERALT=COCONUT+CASTLES
COLDPRUF	COLDPRUF	tractorsupply.com	HTTPS://WWW.TRACTORSUPPLY.COM/TSC/BRAND/COLDPRUF
COLDSTEEL	COLDSTEEL	tractorsupply.com	HTTPS://WWW.TRACTORSUPPLY.COM/TSC/BRAND/COLD+STEEL
COLEMANPOWERSPORTS	COLEMANPOWERSPORTS	tractorsupply.com	HTTPS://WWW.TRACTORSUPPLY.COM/TSC/BRAND/COLEMAN+POWERSPORTS
COLEMANPOWERSPORTSCOT8X	COLEMANPOWERSPORTS	tractorsupply.com	HTTPS://WWW.TRACTORSUPPLY.COM/TSC/BRAND/COLEMAN+POWERSPORTS
COLESTEEL	COLDSTEEL	tractorsupply.com	HTTPS://WWW.TRACTORSUPPLY.COM/TSC/BRAND/COLD+STEEL
COLUMBIA	COLUMBIASPORTSWEAR	tractorsupply.com	HTTPS://WWW.TRACTORSUPPLY.COM/TSC/BRAND/COLUMBIA+SPORTSWEAR
COLUMBIACOLUMBIA	COLUMBIASPORTSWEAR	tractorsupply.com	HTTPS://WWW.TRACTORSUPPLY.COM/TSC/BRAND/COLUMBIA+SPORTSWEAR
COLUMBIAMENSSPORTSWEAR	COLUMBIASPORTSWEAR	tractorsupply.com	HTTPS://WWW.TRACTORSUPPLY.COM/TSC/BRAND/COLUMBIA+SPORTSWEAR
COLUMBIASPORTSWEAR	COLUMBIASPORTSWEAR	tractorsupply.com	HTTPS://WWW.TRACTORSUPPLY.COM/TSC/BRAND/COLUMBIA+SPORTSWEAR
COMFORTBILT	COMFORTBILT	tractorsupply.com	HTTPS://WWW.TRACTORSUPPLY.COM/TSC/BRAND/COMFORTBILT
COMPARENSAVE	COMPARENSAVE	tractorsupply.com	HTTPS://WWW.TRACTORSUPPLY.COM/TSC/BRAND/COMPARE-N-SAVE
COOLPETZONE	PETZONE	tractorsupply.com	HTTPS://WWW.TRACTORSUPPLY.COM/TSC/BRAND/PET+ZONE
COPPERFIT	COPPERFIT	tractorsupply.com	HTTPS://WWW.TRACTORSUPPLY.COM/TSC/BRAND/COPPER+FIT
CORRALBOOT	CORRAL	tractorsupply.com	HTTPS://WWW.TRACTORSUPPLY.COM/TSC/BRAND/CORRAL/BOOTS-SHOES
CORRALBOOTS	CORRAL	tractorsupply.com	HTTPS://WWW.TRACTORSUPPLY.COM/TSC/BRAND/CORRAL/BOOTS-SHOES
COSTAFARMS	COSTAFARMS	tractorsupply.com	HTTPS://WWW.TRACTORSUPPLY.COM/TSC/BRAND/COSTA+FARMS
COUNTRYLINE	COUNTYLINE	tractorsupply.com	HTTPS://WWW.TRACTORSUPPLY.COM/TSC/BRAND/COUNTYLINE
COUNTRYVET	COUNTRYVET	tractorsupply.com	HTTPS://WWW.TRACTORSUPPLY.COM/TSC/BRAND/COUNTRY+VET
COUNTYLIN	COUNTYLINE	tractorsupply.com	HTTPS://WWW.TRACTORSUPPLY.COM/TSC/BRAND/COUNTYLINE
COUNTYLINE	COUNTYLINE	tractorsupply.com	HTTPS://WWW.TRACTORSUPPLY.COM/TSC/BRAND/COUNTYLINE
CRAFTYCOOKINGKITS	CRAFTYCOOKINGKITS	tractorsupply.com	HTTPS://WWW.TRACTORSUPPLY.COM/TSC/BRAND/CRAFTY+COOKING+KITS?CM_RE=SHOP+BY+BRAND-_-BRAND+LINK-_-CRAFTY+COOKING+KITS
CROSMAN	CROSMAN	tractorsupply.com	HTTPS://WWW.TRACTORSUPPLY.COM/TSC/BRAND/CROSMAN
CROSSMAN	CROSMAN	tractorsupply.com	HTTPS://WWW.TRACTORSUPPLY.COM/TSC/BRAND/CROSMAN
DAISYAIRRIFLES	DAISY	tractorsupply.com	HTTPS://WWW.TRACTORSUPPLY.COM/TSC/BRAND/DAISY/AIR-RIFLES-BB-GUNS
DALLASMANUFACTURINGCO	DALLASMANUFACTURINGCOMPANY	tractorsupply.com	HTTPS://WWW.TRACTORSUPPLY.COM/TSC/BRAND/DALLAS+MANUFACTURING+COMPANY
DANNER	DANNER	tractorsupply.com	HTTPS://WWW.TRACTORSUPPLY.COM/TSC/BRAND/DANNER
DANNERDANNER	DANNER	tractorsupply.com	HTTPS://WWW.TRACTORSUPPLY.COM/TSC/BRAND/DANNER
DANTOY	DANTOY	tractorsupply.com	HTTPS://WWW.TRACTORSUPPLY.COM/TSC/BRAND/DANTOY/TOYS
DASUQUIN	DASUQUIN	tractorsupply.com	HTTPS://WWW.TRACTORSUPPLY.COM/TSC/BRAND/DASUQUIN
DAVISMANUFACTURING	DAVISMANUFACTURING	tractorsupply.com	HTTPS://WWW.TRACTORSUPPLY.COM/TSC/BRAND/DAVIS+MANUFACTURING
DCCARGO	DCCARGO	tractorsupply.com	HTTPS://WWW.TRACTORSUPPLY.COM/TSC/BRAND/DC+CARGO
DEEZEE	DEEZEE	tractorsupply.com	HTTPS://WWW.TRACTORSUPPLY.COM/TSC/BRAND/DEE+ZEE
DESPERATEENTERPRISES	DESPERATEENTERPRISES	tractorsupply.com	HTTPS://WWW.TRACTORSUPPLY.COM/TSC/BRAND/DESPERATE+ENTERPRISES
DEWAKATT	DEWALT	tractorsupply.com	HTTPS://WWW.TRACTORSUPPLY.COM/TSC/BRAND/DEWALT
DEWAL	DEWALT	tractorsupply.com	HTTPS://WWW.TRACTORSUPPLY.COM/TSC/BRAND/DEWALT
DEWALT	DEWALT	tractorsupply.com	HTTPS://WWW.TRACTORSUPPLY.COM/TSC/BRAND/DEWALT
DEWALT31CHALKREEL	DEWALT	tractorsupply.com	HTTPS://WWW.TRACTORSUPPLY.COM/TSC/BRAND/DEWALT
DEWALTORIGINAL	DEWALT	tractorsupply.com	HTTPS://WWW.TRACTORSUPPLY.COM/TSC/BRAND/DEWALT
DEWALTRIGIDSTANLEY	DEWALT	tractorsupply.com	HTTPS://WWW.TRACTORSUPPLY.COM/TSC/BRAND/DEWALT
DEWALTRIGIDSTANLEY	DEWALT	tractorsupply.com	HTTPS://WWW.TRACTORSUPPLY.COM/TSC/BRAND/DEWALT/POWER-TOOLS
DEWALTSTORE	DEWALT	tractorsupply.com	HTTPS://WWW.TRACTORSUPPLY.COM/TSC/BRAND/DEWALT
DEWALTTOOLS	DEWALT	tractorsupply.com	HTTPS://WWW.TRACTORSUPPLY.COM/TSC/BRAND/DEWALT/POWER-TOOLS
DEWAULT	DEWALT	tractorsupply.com	HTTPS://WWW.TRACTORSUPPLY.COM/TSC/BRAND/DEWALT
DEWLT	DEWALT	tractorsupply.com	HTTPS://WWW.TRACTORSUPPLY.COM/TSC/BRAND/DEWALT
DIAMONDNATURALS	DIAMONDNATURALS	tractorsupply.com	HTTPS://WWW.TRACTORSUPPLY.COM/TSC/BRAND/DIAMOND+NATURALS
DIAMONDNATURALSGRAINFREE	DIAMONDNATURALSGRAINFREE	tractorsupply.com	HTTPS://WWW.TRACTORSUPPLY.COM/TSC/BRAND/DIAMOND+NATURALS+GRAIN-FREE
DICKIES	DICKIES	tractorsupply.com	HTTPS://WWW.TRACTORSUPPLY.COM/TSC/BRAND/DICKIES
DINGOBOOTS	DINGO	tractorsupply.com	HTTPS://WWW.TRACTORSUPPLY.COM/TSC/BRAND/DINGO/BOOTS-SHOES
DIRTYHANDTOOLS	DIRTYHANDTOOLS	tractorsupply.com	HTTPS://WWW.TRACTORSUPPLY.COM/TSC/BRAND/DIRTY+HAND+TOOLS
DOGCHOW	PURINADOGCHOW	tractorsupply.com	HTTPS://WWW.TRACTORSUPPLY.COM/TSC/BRAND/PURINA+DOG+CHOW
DOGTRA	DOGTRA	tractorsupply.com	HTTPS://WWW.TRACTORSUPPLY.COM/TSC/BRAND/DOGTRA
DOVETAIL	DOVETAILWORKWEAR	tractorsupply.com	HTTPS://WWW.TRACTORSUPPLY.COM/TSC/BRAND/DOVETAIL+WORKWEAR
DOWNTOWNPETSUPPLY	DOWNTOWNPETSUPPLY	tractorsupply.com	HTTPS://WWW.TRACTORSUPPLY.COM/TSC/BRAND/DOWNTOWN+PET+SUPPLY
DREMEL	DREMEL	tractorsupply.com	HTTPS://WWW.TRACTORSUPPLY.COM/TSC/BRAND/DREMEL
DRIDUCK	DRIDUCK	tractorsupply.com	HTTPS://WWW.TRACTORSUPPLY.COM/TSC/BRAND/DRI+DUCK
DRINFRAREDHEATERLOCATIONB37	DRINFRAREDHEATER	tractorsupply.com	HTTPS://WWW.TRACTORSUPPLY.COM/TSC/BRAND/DR.%20INFRARED%20HEATER/PORTABLE-HEATERS
DRME	DREMEL	tractorsupply.com	HTTPS://WWW.TRACTORSUPPLY.COM/TSC/BRAND/DREMEL
DRPOL	DRPOL	tractorsupply.com	HTTPS://WWW.TRACTORSUPPLY.COM/TSC/BRAND/DR+POL
DUKECANNON	DUKECANNON	tractorsupply.com	HTTPS://WWW.TRACTORSUPPLY.COM/TSC/BRAND/DUKE+CANNON
DUKECANNONSUPPLY	DUKECANNON	tractorsupply.com	HTTPS://WWW.TRACTORSUPPLY.COM/TSC/BRAND/DUKE+CANNON
DUKECANNONSUPPLYCO	DUKECANNON	tractorsupply.com	HTTPS://WWW.TRACTORSUPPLY.COM/TSC/BRAND/DUKE+CANNON
DUKECANNONSUPPLYCOMPANY	DUKECANNON	tractorsupply.com	HTTPS://WWW.TRACTORSUPPLY.COM/TSC/BRAND/DUKE+CANNON
DULUTH	DULUTH	tractorsupply.com	HTTPS://WWW.TRACTORSUPPLY.COM/TSC/BRAND/DULUTH/CLOTHING
DULUTHFORGE	DULUTHFORGE	tractorsupply.com	HTTPS://WWW.TRACTORSUPPLY.COM/TSC/BRAND/DULUTH+FORGE
DULUTHTRADINGCO	DULUTHTRADING	tractorsupply.com	HTTPS://WWW.TRACTORSUPPLY.COM/TSC/BRAND/DULUTH+TRADING
DURAVENT	DURAVENT	tractorsupply.com	HTTPS://WWW.TRACTORSUPPLY.COM/TSC/BRAND/DURAVENT
DURVANT	DURAVENT	tractorsupply.com	HTTPS://WWW.TRACTORSUPPLY.COM/TSC/BRAND/DURAVENT
DWLOCTH	DEWALT	tractorsupply.com	HTTPS://WWW.TRACTORSUPPLY.COM/TSC/BRAND/DEWALT
EARTHBORNHOLISTIC	EARTHBORNHOLISTIC	tractorsupply.com	HTTPS://WWW.TRACTORSUPPLY.COM/TSC/BRAND/EARTHBORN+HOLISTIC
EBEDDIEBAUER	EDDIEBAUER	tractorsupply.com	HTTPS://WWW.TRACTORSUPPLY.COM/TSC/BRAND/EDDIE+BAUER/CLOTHING
ECHOSHAG	ECHO	tractorsupply.com	HTTPS://WWW.TRACTORSUPPLY.COM/TSC/BRAND/ECHO
EDDEBAUER	EDDIEBAUER	tractorsupply.com	HTTPS://WWW.TRACTORSUPPLY.COM/TSC/BRAND/EDDIE+BAUER/CLOTHING
EDDIEBAUER	EDDIEBAUER	tractorsupply.com	HTTPS://WWW.TRACTORSUPPLY.COM/TSC/BRAND/EDDIE+BAUER/CLOTHING
EDDIEBOWER	EDDIEBAUER	tractorsupply.com	HTTPS://WWW.TRACTORSUPPLY.COM/TSC/BRAND/EDDIE+BAUER/CLOTHING
EDDIEBOWERS	EDDIEBAUER	tractorsupply.com	HTTPS://WWW.TRACTORSUPPLY.COM/TSC/BRAND/EDDIE+BAUER/CLOTHING
EDDIRBAUER	EDDIEBAUER	tractorsupply.com	HTTPS://WWW.TRACTORSUPPLY.COM/TSC/BRAND/EDDIE+BAUER/CLOTHING
EDENPURE	EDENPURE	tractorsupply.com	HTTPS://WWW.TRACTORSUPPLY.COM/TSC/BRAND/EDENPURE/HEATERS
ELEGANTHOMEFASHION	ELEGANTHOMEFASHIONS	tractorsupply.com	HTTPS://WWW.TRACTORSUPPLY.COM/TSC/BRAND/ELEGANT+HOME+FASHIONS?CM_RE=SHOP+BY+BRAND-_-BRAND+LINK-_-ELEGANT+HOME+FASHIONS
EMAXCOMPRESSOR	EMAX	tractorsupply.com	HTTPS://WWW.TRACTORSUPPLY.COM/TSC/BRAND/EMAX/AIR-COMPRESSORS
ESPOMA	ESPOMA	tractorsupply.com	HTTPS://WWW.TRACTORSUPPLY.COM/TSC/BRAND/ESPOMA
ESPOMACO	ESPOMA	tractorsupply.com	HTTPS://WWW.TRACTORSUPPLY.COM/TSC/BRAND/ESPOMA
ESPOMACOMPANY	ESPOMA	tractorsupply.com	HTTPS://WWW.TRACTORSUPPLY.COM/TSC/BRAND/ESPOMA
EUKANUBA	EUKANUBA	tractorsupply.com	HTTPS://WWW.TRACTORSUPPLY.COM/TSC/BRAND/EUKANUBA
EUKANUBADRYDOGFOOD	EUKANUBA	tractorsupply.com	HTTPS://WWW.TRACTORSUPPLY.COM/TSC/BRAND/EUKANUBA
EVOLVEDHABITATS	EVOLVEDHABITATS	tractorsupply.com	HTTPS://WWW.TRACTORSUPPLY.COM/TSC/BRAND/EVOLVED+HABITATS
FANCYFEAST	FANCYFEAST	tractorsupply.com	HTTPS://WWW.TRACTORSUPPLY.COM/TSC/BRAND/FANCY+FEAST
FARMERHELPER	FARMERSHELPER	tractorsupply.com	HTTPS://WWW.TRACTORSUPPLY.COM/TSC/BRAND/FARMERS+HELPER/NULL
FARMGARD	FARMGARD	tractorsupply.com	HTTPS://WWW.TRACTORSUPPLY.COM/TSC/BRAND/FARMGARD
FARMTUFF	FARMTUFF	tractorsupply.com	HTTPS://WWW.TRACTORSUPPLY.COM/TSC/BRAND/FARM-TUFF
FARMWORKS	FARMWORKS	tractorsupply.com	HTTPS://WWW.TRACTORSUPPLY.COM/TSC/BRAND/FARMWORKS
FARRIERSMAGIC	FARRIERSMAGIC	tractorsupply.com	HTTPS://WWW.TRACTORSUPPLY.COM/TSC/BRAND/FARRIER'S+MAGIC
FATMAX	STANLEYFAAX	tractorsupply.com	HTTPS://WWW.TRACTORSUPPLY.COM/TSC/BRAND/STANLEY+FATMAX
FAULTLESS	FAULTLESS	tractorsupply.com	HTTPS://WWW.TRACTORSUPPLY.COM/TSC/BRAND/FAULTLESS
FEACTIVE	FEACTIVE	tractorsupply.com	HTTPS://WWW.TRACTORSUPPLY.COM/TSC/BRAND/FE%20ACTIVE
FEITELECTRICCO	FEITELECTRIC	tractorsupply.com	HTTPS://WWW.TRACTORSUPPLY.COM/TSC/BRAND/FEIT+ELECTRIC
FETCHFORPETS	FETCHFORPETS	tractorsupply.com	HTTPS://WWW.TRACTORSUPPLY.COM/TSC/BRAND/FETCH+FOR+PETS?CM_RE=SHOP+BY+BRAND-_-BRAND+LINK-_-&MANUFACTURERALT=FETCH+FOR+PETS%3FCM_RE%3DSHOP+BY+BRAND-_-BRAND+LINK-_-&MANUFACTURERALT=FETCH+FOR+PETS
FIELDANDSTREAM	FIELDSTREAM	tractorsupply.com	HTTPS://WWW.TRACTORSUPPLY.COM/TSC/BRAND/FIELD+&+STREAM
FIELDANDSTREAM	FIELDSTREAM	tractorsupply.com	HTTPS://WWW.TRACTORSUPPLY.COM/TSC/BRAND/FIELD+&+STREAM/SPORTING-GOODS
FIELDSTREAM	FIELDSTREAM	tractorsupply.com	HTTPS://WWW.TRACTORSUPPLY.COM/TSC/BRAND/FIELD+&+STREAM
FIELDTUFF	FIELDTUFF	tractorsupply.com	HTTPS://WWW.TRACTORSUPPLY.COM/TSC/BRAND/FIELD+TUFF
FIMCO	FIMCO	tractorsupply.com	HTTPS://WWW.TRACTORSUPPLY.COM/TSC/BRAND/FIMCO
FIMCOINDUSTRIESAGSOUTH	FIMCO	tractorsupply.com	HTTPS://WWW.TRACTORSUPPLY.COM/TSC/BRAND/FIMCO/AG-SPRAYER-PARTS-ACCESSORIES
FISHERNUTS	FISHERNUTS	tractorsupply.com	HTTPS://WWW.TRACTORSUPPLY.COM/TSC/BRAND/FISHER+NUTS
FISKARS	FISKARS	tractorsupply.com	HTTPS://WWW.TRACTORSUPPLY.COM/TSC/BRAND/FISKARS
FISKARS3850911002CLEARINGTOOLGA	FISKARS	tractorsupply.com	HTTPS://WWW.TRACTORSUPPLY.COM/TSC/BRAND/FISKARS
FISKARS634INTITANIUMANVILRAT	FISKARS	tractorsupply.com	HTTPS://WWW.TRACTORSUPPLY.COM/TSC/BRAND/FISKARS
FISKARSANDHUSKY	FISKARS	tractorsupply.com	HTTPS://WWW.TRACTORSUPPLY.COM/TSC/BRAND/FISKARS
FISKARSBRANDS	FISKARS	tractorsupply.com	HTTPS://WWW.TRACTORSUPPLY.COM/TSC/BRAND/FISKARS
FISKARSINCORPORATED	FISKARS	tractorsupply.com	HTTPS://WWW.TRACTORSUPPLY.COM/TSC/BRAND/FISKARS
FISKARSMFGSCREWBALLDIVISION	FISKARS	tractorsupply.com	HTTPS://WWW.TRACTORSUPPLY.COM/TSC/BRAND/FISKARS
FISKARSSECURITY	FISKARS	tractorsupply.com	HTTPS://WWW.TRACTORSUPPLY.COM/TSC/BRAND/FISKARS
FISKAS	FISKARS	tractorsupply.com	HTTPS://WWW.TRACTORSUPPLY.COM/TSC/BRAND/FISKARS
FLEXSEAL	FLEXSEAL	tractorsupply.com	HTTPS://WWW.TRACTORSUPPLY.COM/TSC/BRAND/FLEX+SEAL
FLEXZILLA	FLEXZILLA	tractorsupply.com	HTTPS://WWW.TRACTORSUPPLY.COM/TSC/BRAND/FLEXZILLA
FLOTEC	FLOTEC	tractorsupply.com	HTTPS://WWW.TRACTORSUPPLY.COM/TSC/BRAND/FLOTEC
FLOWTRON	FLOWTRON	tractorsupply.com	HTTPS://WWW.TRACTORSUPPLY.COM/TSC/BRAND/FLOWTRON
FOREVERCLEVER	FOREVERCLEVER	tractorsupply.com	HTTPS://WWW.TRACTORSUPPLY.COM/TSC/BRAND/FOREVER%20CLEVER/GAMES-CARDS-PUZZLES
FORTRESSBUILDINGPRODUCTS	FORTRESSBUILDINGPRODUCTS	tractorsupply.com	HTTPS://WWW.TRACTORSUPPLY.COM/TSC/BRAND/FORTRESS+BUILDING+PRODUCTS
FRAMEITALL	FRAMEITALL	tractorsupply.com	HTTPS://WWW.TRACTORSUPPLY.COM/TSC/BRAND/FRAME+IT+ALL
FRASERFARMHILL	FRASERHILLFARM	tractorsupply.com	HTTPS://WWW.TRACTORSUPPLY.COM/TSC/BRAND/FRASER+HILL+FARM
FRASERHILLFARM	FRASERHILLFARM	tractorsupply.com	HTTPS://WWW.TRACTORSUPPLY.COM/TSC/BRAND/FRASER+HILL+FARM
FRIENDSBYSHERISTORE	BESTFRIENDSBYSHERI	tractorsupply.com	HTTPS://WWW.TRACTORSUPPLY.COM/TSC/BRAND/BEST+FRIENDS+BY+SHERI
FRISKARS	FISKARS	tractorsupply.com	HTTPS://WWW.TRACTORSUPPLY.COM/TSC/BRAND/FISKARS
FRISKIES	FRISKIES	tractorsupply.com	HTTPS://WWW.TRACTORSUPPLY.COM/TSC/BRAND/FRISKIES
FROEPAUG	FROGGTOGGS	tractorsupply.com	HTTPS://WWW.TRACTORSUPPLY.COM/TSC/BRAND/FROGG+TOGGS
FROGG	FROGGTOGGS	tractorsupply.com	HTTPS://WWW.TRACTORSUPPLY.COM/TSC/BRAND/FROGG+TOGGS
FROGGTOGG	FROGGTOGGS	tractorsupply.com	HTTPS://WWW.TRACTORSUPPLY.COM/TSC/BRAND/FROGG+TOGGS
FROGGTOGGS	FROGGTOGGS	tractorsupply.com	HTTPS://WWW.TRACTORSUPPLY.COM/TSC/BRAND/FROGG+TOGGS
FRONTLINE	FRONTLINE	tractorsupply.com	HTTPS://WWW.TRACTORSUPPLY.COM/TSC/BRAND/FRONTLINE
FRONTLINEPRODUCTS	FRONTLINE	tractorsupply.com	HTTPS://WWW.TRACTORSUPPLY.COM/TSC/BRAND/FRONTLINE
GAMELYNGAMES	GAMELYNGAMES	tractorsupply.com	HTTPS://WWW.TRACTORSUPPLY.COM/TSC/BRAND/GAMELYN+GAMES
GAMMA2	GAMMA2	tractorsupply.com	HTTPS://WWW.TRACTORSUPPLY.COM/TSC/BRAND/GAMMA2
GAMMA2INCORPORATED	GAMMA2	tractorsupply.com	HTTPS://WWW.TRACTORSUPPLY.COM/TSC/BRAND/GAMMA2
GAMMA2ORPORATED	GAMMA2	tractorsupply.com	HTTPS://WWW.TRACTORSUPPLY.COM/TSC/BRAND/GAMMA2
GCIOUTDOOR	GCIOUTDOOR	tractorsupply.com	HTTPS://WWW.TRACTORSUPPLY.COM/TSC/BRAND/GCI+OUTDOOR
GCIOUTDOORS	GCIOUTDOOR	tractorsupply.com	HTTPS://WWW.TRACTORSUPPLY.COM/TSC/BRAND/GCI+OUTDOOR
GEARWRENCH	GEARWRENCH	tractorsupply.com	HTTPS://WWW.TRACTORSUPPLY.COM/TSC/BRAND/GEARWRENCH
GEEENWORKS	GREENWORKS	tractorsupply.com	HTTPS://WWW.TRACTORSUPPLY.COM/TSC/BRAND/GREENWORKS
GENYHITCH	GENYHITCH	tractorsupply.com	HTTPS://WWW.TRACTORSUPPLY.COM/TSC/BRAND/GEN-Y+HITCH
GEORGIABOOT	GEORGIABOOT	tractorsupply.com	HTTPS://WWW.TRACTORSUPPLY.COM/TSC/BRAND/GEORGIA+BOOT
GERBERPRODUCTSCOMPANY	GERBER	tractorsupply.com	HTTPS://WWW.TRACTORSUPPLY.COM/TSC/BRAND/GERBER
GERSONINTERNATIONAL	GERSONINTERNATIONAL	tractorsupply.com	HTTPS://WWW.TRACTORSUPPLY.COM/TSC/BRAND/GERSON+INTERNATIONAL
GILBERTANDBENNET	GILBERTBENNETT	tractorsupply.com	HTTPS://WWW.TRACTORSUPPLY.COM/TSC/BRAND/GILBERT+&+BENNETT
GILBERTBENNET	GILBERTBENNETT	tractorsupply.com	HTTPS://WWW.TRACTORSUPPLY.COM/TSC/BRAND/GILBERT+&+BENNETT
GILBERTBENNETT	GILBERTBENNETT	tractorsupply.com	HTTPS://WWW.TRACTORSUPPLY.COM/TSC/BRAND/GILBERT+&+BENNETT
GIRAFFETOOLS	GIRAFFETOOLS	tractorsupply.com	HTTPS://WWW.TRACTORSUPPLY.COM/TSC/BRAND/GIRAFFE+TOOLS
GIRAFFETOOS	GIRAFFETOOLS	tractorsupply.com	HTTPS://WWW.TRACTORSUPPLY.COM/TSC/BRAND/GIRAFFE+TOOLS
GORILLACART	GORILLACARTS	tractorsupply.com	HTTPS://WWW.TRACTORSUPPLY.COM/TSC/BRAND/GORILLA+CARTS
GORILLACARTS	GORILLACARTS	tractorsupply.com	HTTPS://WWW.TRACTORSUPPLY.COM/TSC/BRAND/GORILLA+CARTS
GORILLAPLAYSETS	GORILLAPLAYSETS	tractorsupply.com	HTTPS://WWW.TRACTORSUPPLY.COM/TSC/BRAND/GORILLA+PLAYSETS
GORILLAPLAYSETS1507	GORILLAPLAYSETS	tractorsupply.com	HTTPS://WWW.TRACTORSUPPLY.COM/TSC/BRAND/GORILLA+PLAYSETS
GORILLASUPPLY	GORILLA	tractorsupply.com	HTTPS://WWW.TRACTORSUPPLY.COM/TSC/BRAND/GORILLA
GORRILLACART	GORILLACARTS	tractorsupply.com	HTTPS://WWW.TRACTORSUPPLY.COM/TSC/BRAND/GORILLA+CARTS
GRANDASPIRATIONS	GRANDASPIRATIONS	tractorsupply.com	HTTPS://WWW.TRACTORSUPPLY.COM/TSC/BRAND/GRAND+ASPIRATIONS
GRAVELTUFF	GRAVELTUFF	tractorsupply.com	HTTPS://WWW.TRACTORSUPPLY.COM/TSC/BRAND/GRAVEL+TUFF
GREENMADE	GREENMADE	tractorsupply.com	HTTPS://WWW.TRACTORSUPPLY.COM/TSC/BRAND/GREENMADE
GREENPOWERAMERICA	GREENPOWERAMERICA	tractorsupply.com	HTTPS://WWW.TRACTORSUPPLY.COM/TSC/BRAND/GREEN-POWER+AMERICA
GREENSMARTDCOR	GREENSMARTDEKOR	tractorsupply.com	HTTPS://WWW.TRACTORSUPPLY.COM/TSC/BRAND/GREENSMART+DEKOR
GREENWORK	GREENWORKS	tractorsupply.com	HTTPS://WWW.TRACTORSUPPLY.COM/TSC/BRAND/GREENWORKS
GREENWORKPRO	GREENWORKS	tractorsupply.com	HTTPS://WWW.TRACTORSUPPLY.COM/TSC/BRAND/GREENWORKS
GREENWORKS	GREENWORKS	tractorsupply.com	HTTPS://WWW.TRACTORSUPPLY.COM/TSC/BRAND/GREENWORKS
GREENWORKSNOWEEDEATER	GREENWORKS	tractorsupply.com	HTTPS://WWW.TRACTORSUPPLY.COM/TSC/BRAND/GREENWORKS
GREENWORKSPRO	GREENWORKS	tractorsupply.com	HTTPS://WWW.TRACTORSUPPLY.COM/TSC/BRAND/GREENWORKS
GREENWORKSSTORE	GREENWORKS	tractorsupply.com	HTTPS://WWW.TRACTORSUPPLY.COM/TSC/BRAND/GREENWORKS
GREENWORKSTM	GREENWORKS	tractorsupply.com	HTTPS://WWW.TRACTORSUPPLY.COM/TSC/BRAND/GREENWORKS
GREENWORKSTOOLS	GREENWORKS	tractorsupply.com	HTTPS://WWW.TRACTORSUPPLY.COM/TSC/BRAND/GREENWORKS
GREEWOR	GREENWORKS	tractorsupply.com	HTTPS://WWW.TRACTORSUPPLY.COM/TSC/BRAND/GREENWORKS
GREEWORKS	GREENWORKS	tractorsupply.com	HTTPS://WWW.TRACTORSUPPLY.COM/TSC/BRAND/GREENWORKS
GRGRINNNIE	GREENIES	tractorsupply.com	HTTPS://WWW.TRACTORSUPPLY.COM/TSC/BRAND/GREENIES
GRIPTIGHTTOOLS	GRIPTIGHTTOOLS	tractorsupply.com	HTTPS://WWW.TRACTORSUPPLY.COM/TSC/BRAND/GRIP+TIGHT+TOOLS?CM_RE=SHOP+BY+BRAND-_-BRAND+LINK-_-GRIP+TIGHT+TOOLS
GROOVEPLUSLIFE	GROOVELIFE	tractorsupply.com	HTTPS://WWW.TRACTORSUPPLY.COM/TSC/BRAND/GROOVE+LIFE
GRUBBLYFARMS	GRUBBLYFARMS	tractorsupply.com	HTTPS://WWW.TRACTORSUPPLY.COM/TSC/BRAND/GRUBBLY+FARMS
GUNVAULTINCCANNONSAFE	CANNON	tractorsupply.com	HTTPS://WWW.TRACTORSUPPLY.COM/TSC/BRAND/CANNON/SAFES
HAPPYJACK	HAPPYJACK	tractorsupply.com	HTTPS://WWW.TRACTORSUPPLY.COM/TSC/BRAND/HAPPY+JACK
HARRISFARMS	HARRISFARMS	tractorsupply.com	HTTPS://WWW.TRACTORSUPPLY.COM/TSC/BRAND/HARRIS+FARMS
HARRISFARMSLLCPET	HARRISFARMS	tractorsupply.com	HTTPS://WWW.TRACTORSUPPLY.COM/TSC/BRAND/HARRIS+FARMS
HASQVARNA	HUSQVARNA	tractorsupply.com	HTTPS://WWW.TRACTORSUPPLY.COM/TSC/BRAND/HUSQVARNA
HAUNTEDHILLFARM	HAUNTEDHILLFARM	tractorsupply.com	HTTPS://WWW.TRACTORSUPPLY.COM/TSC/BRAND/HAUNTED+HILL+FARM
HAUNTEDHILLFARMHAUNTEDHILLFARM	HAUNTEDHILLFARM	tractorsupply.com	HTTPS://WWW.TRACTORSUPPLY.COM/TSC/BRAND/HAUNTED+HILL+FARM
HAYDENAUTOMOTIVE	HAYDENAUTOMOTIVE	tractorsupply.com	HTTPS://WWW.TRACTORSUPPLY.COM/TSC/BRAND/HAYDEN+AUTOMOTIVE
HBSMITHTOOLS	HBSMITH	tractorsupply.com	HTTPS://WWW.TRACTORSUPPLY.COM/TSC/BRAND/HB%20SMITH/TOOLS
HEALTHFULS	HEALTHFULS	tractorsupply.com	HTTPS://WWW.TRACTORSUPPLY.COM/TSC/BRAND/HEALTHFULS
HEATINGMASTER	MASTER	tractorsupply.com	HTTPS://WWW.TRACTORSUPPLY.COM/TSC/BRAND/MASTER/HEATERS
HEDSTROMTOYS	HEDSTROM	tractorsupply.com	HTTPS://WWW.TRACTORSUPPLY.COM/TSC/BRAND/HEDSTROM/TOYS
